//--------------------------------------------------------------
// File name:   font_elisa.c
//--------------------------------------------------------------
// Built-in ELISA100.FNT for Japanese Shift-JIS title display
#include "launchelf.h"

const unsigned char font_elisa_builtin[55016] = {
    0x00, 0x00, 0x00, 0x00, 0x00, 0x00, 0x00, 0x00, 0x00, 0x00, 0x00, 0x00, 0x00, 0x00, 0x40, 0x20,
    0x00, 0x00, 0x00, 0x00, 0x00, 0x40, 0xa0, 0x40, 0x00, 0x00, 0x00, 0x00, 0x60, 0x60, 0x20, 0x40,
    0x00, 0x00, 0x00, 0x00, 0x00, 0x60, 0x60, 0x00, 0x00, 0x00, 0x00, 0x18, 0x18, 0x00, 0x00, 0x00,
    0x00, 0x18, 0x18, 0x00, 0x18, 0x18, 0x00, 0x00, 0x00, 0x18, 0x18, 0x00, 0x18, 0x18, 0x08, 0x10,
    0x1c, 0x22, 0x22, 0x04, 0x08, 0x08, 0x00, 0x08, 0x08, 0x08, 0x08, 0x08, 0x08, 0x08, 0x00, 0x08,
    0xa0, 0x50, 0x00, 0x00, 0x00, 0x00, 0x00, 0x00, 0x40, 0xa0, 0x40, 0x00, 0x00, 0x00, 0x00, 0x00,
    0x08, 0x10, 0x00, 0x00, 0x00, 0x00, 0x00, 0x00, 0x10, 0x08, 0x00, 0x00, 0x00, 0x00, 0x00, 0x00,
    0x24, 0x00, 0x00, 0x00, 0x00, 0x00, 0x00, 0x00, 0x08, 0x14, 0x00, 0x00, 0x00, 0x00, 0x00, 0x00,
    0x7f, 0x00, 0x00, 0x00, 0x00, 0x00, 0x00, 0x00, 0x00, 0x00, 0x00, 0x00, 0x00, 0x00, 0x7f, 0x00,
    0x00, 0x00, 0x10, 0x08, 0x04, 0x04, 0x00, 0x00, 0x00, 0x00, 0x13, 0x08, 0x04, 0x04, 0x00, 0x00,
    0x00, 0x00, 0x10, 0x10, 0x08, 0x0c, 0x10, 0x00, 0x00, 0x00, 0x16, 0x10, 0x08, 0x0c, 0x10, 0x00,
    0x00, 0x00, 0x12, 0x12, 0x12, 0x24, 0x00, 0x00, 0x08, 0x14, 0x22, 0x41, 0x3e, 0x08, 0x08, 0x7f,
    0x00, 0x00, 0x10, 0x1e, 0x22, 0x54, 0x08, 0x04, 0x00, 0x01, 0x02, 0x14, 0x28, 0x54, 0x60, 0x00,
    0x1c, 0x22, 0x41, 0x41, 0x41, 0x41, 0x22, 0x1c, 0x00, 0x00, 0x00, 0x47, 0x38, 0x00, 0x00, 0x00,
    0x00, 0x00, 0x00, 0x7f, 0x00, 0x00, 0x00, 0x00, 0x00, 0x00, 0x00, 0x3c, 0x00, 0x00, 0x00, 0x00,
    0x01, 0x02, 0x04, 0x08, 0x10, 0x20, 0x40, 0x00, 0x40, 0x20, 0x10, 0x08, 0x04, 0x02, 0x01, 0x00,
    0x00, 0x00, 0x30, 0x49, 0x06, 0x00, 0x00, 0x00, 0x24, 0x24, 0x24, 0x24, 0x24, 0x24, 0x24, 0x00,
    0x08, 0x08, 0x08, 0x08, 0x08, 0x08, 0x08, 0x00, 0x00, 0x00, 0x00, 0x2a, 0x00, 0x00, 0x00, 0x00,
    0x00, 0x00, 0x00, 0x22, 0x00, 0x00, 0x00, 0x00, 0x02, 0x04, 0x06, 0x06, 0x00, 0x00, 0x00, 0x00,
    0x60, 0x60, 0x20, 0x40, 0x00, 0x00, 0x00, 0x00, 0x12, 0x24, 0x36, 0x36, 0x00, 0x00, 0x00, 0x00,
    0x6c, 0x6c, 0x24, 0x48, 0x00, 0x00, 0x00, 0x00, 0x01, 0x02, 0x04, 0x04, 0x04, 0x04, 0x02, 0x01,
    0x80, 0x40, 0x20, 0x20, 0x20, 0x20, 0x40, 0x80, 0x03, 0x04, 0x08, 0x08, 0x08, 0x08, 0x04, 0x03,
    0xc0, 0x20, 0x10, 0x10, 0x10, 0x10, 0x20, 0xc0, 0x07, 0x04, 0x04, 0x04, 0x04, 0x04, 0x04, 0x07,
    0xe0, 0x20, 0x20, 0x20, 0x20, 0x20, 0x20, 0xe0, 0x03, 0x04, 0x04, 0x08, 0x04, 0x04, 0x04, 0x03,
    0xc0, 0x20, 0x20, 0x10, 0x20, 0x20, 0x20, 0xc0, 0x01, 0x02, 0x04, 0x08, 0x04, 0x02, 0x01, 0x00,
    0x80, 0x40, 0x20, 0x10, 0x20, 0x40, 0x80, 0x00, 0x05, 0x0a, 0x14, 0x28, 0x14, 0x0a, 0x05, 0x00,
    0xa0, 0x50, 0x28, 0x14, 0x28, 0x50, 0xa0, 0x00, 0x0f, 0x08, 0x08, 0x08, 0x08, 0x08, 0x08, 0x00,
    0x00, 0x10, 0x10, 0x10, 0x10, 0x10, 0x10, 0xf0, 0x1f, 0x11, 0x17, 0x14, 0x14, 0x14, 0x14, 0x1c,
    0x38, 0x28, 0x28, 0x28, 0x28, 0xe8, 0x88, 0xf8, 0x07, 0x06, 0x04, 0x04, 0x04, 0x04, 0x06, 0x07,
    0xe0, 0x60, 0x20, 0x20, 0x20, 0x20, 0x60, 0xe0, 0x08, 0x08, 0x08, 0x7f, 0x08, 0x08, 0x08, 0x00,
    0x00, 0x00, 0x00, 0x7f, 0x00, 0x00, 0x00, 0x00, 0x08, 0x08, 0x7f, 0x08, 0x08, 0x08, 0x7f, 0x00,
    0x41, 0x22, 0x14, 0x08, 0x14, 0x22, 0x41, 0x00, 0x08, 0x08, 0x00, 0x7f, 0x00, 0x08, 0x08, 0x00,
    0x00, 0x00, 0x7f, 0x00, 0x00, 0x7f, 0x00, 0x00, 0x04, 0x04, 0x7f, 0x08, 0x7f, 0x10, 0x10, 0x00,
    0x03, 0x0c, 0x30, 0xc0, 0x30, 0x0c, 0x03, 0x00, 0xc0, 0x30, 0x0c, 0x03, 0x0c, 0x30, 0xc0, 0x00,
    0x06, 0x18, 0x60, 0x18, 0x06, 0x7e, 0x00, 0x7e, 0x60, 0x18, 0x06, 0x18, 0x60, 0x7e, 0x00, 0x7e,
    0x00, 0x66, 0x99, 0x99, 0x99, 0x66, 0x00, 0x00, 0x00, 0x00, 0x08, 0x00, 0x00, 0x22, 0x00, 0x00,
    0x08, 0x1c, 0x2a, 0x08, 0x1c, 0x22, 0x22, 0x1c, 0x1c, 0x22, 0x22, 0x22, 0x1c, 0x08, 0x7f, 0x08,
    0x20, 0x50, 0x20, 0x00, 0x00, 0x00, 0x00, 0x00, 0x30, 0x30, 0x60, 0x00, 0x00, 0x00, 0x00, 0x00,
    0x6c, 0x6c, 0xd8, 0x00, 0x00, 0x00, 0x00, 0x00, 0x40, 0xa6, 0x49, 0x10, 0x10, 0x10, 0x09, 0x06,
    0x41, 0x22, 0x14, 0x7f, 0x08, 0x7f, 0x08, 0x08, 0x08, 0x1c, 0x2a, 0x1c, 0x0a, 0x2a, 0x1c, 0x08,
    0x04, 0x3c, 0x4a, 0x48, 0x50, 0x52, 0x3c, 0x20, 0x0c, 0x12, 0x10, 0x3c, 0x08, 0x38, 0x49, 0x36,
    0x61, 0x92, 0x94, 0x68, 0x16, 0x29, 0x49, 0x86, 0x12, 0x12, 0x7f, 0x24, 0x24, 0xfe, 0x48, 0x48,
    0x30, 0x48, 0x48, 0x32, 0x4a, 0x44, 0x3a, 0x00, 0x08, 0x2a, 0x1c, 0x08, 0x1c, 0x2a, 0x08, 0x00,
    0x1c, 0x22, 0x4d, 0x55, 0x47, 0x5f, 0x20, 0x1e, 0x0c, 0x12, 0x10, 0x18, 0x14, 0x0c, 0x24, 0x18,
    0x08, 0x14, 0x63, 0x41, 0x22, 0x2a, 0x55, 0x63, 0x08, 0x1c, 0x7f, 0x7f, 0x3e, 0x3e, 0x77, 0x63,
    0x1c, 0x22, 0x41, 0x41, 0x41, 0x22, 0x1c, 0x00, 0x1c, 0x3e, 0x7f, 0x7f, 0x7f, 0x3e, 0x1c, 0x00,
    0x1c, 0x22, 0x5d, 0x55, 0x5d, 0x22, 0x1c, 0x00, 0x08, 0x14, 0x22, 0x41, 0x22, 0x14, 0x08, 0x00,
    0x08, 0x1c, 0x3e, 0x7f, 0x3e, 0x1c, 0x08, 0x00, 0x7f, 0x41, 0x41, 0x41, 0x41, 0x41, 0x7f, 0x00,
    0x7f, 0x7f, 0x7f, 0x7f, 0x7f, 0x7f, 0x7f, 0x00, 0x08, 0x08, 0x14, 0x14, 0x22, 0x22, 0x7f, 0x00,
    0x08, 0x08, 0x1c, 0x1c, 0x3e, 0x3e, 0x7f, 0x00, 0x7f, 0x22, 0x22, 0x14, 0x14, 0x08, 0x08, 0x00,
    0x7f, 0x3e, 0x3e, 0x1c, 0x1c, 0x08, 0x08, 0x00, 0x49, 0x22, 0x14, 0x49, 0x14, 0x22, 0x49, 0x00,
    0x7f, 0x00, 0x7f, 0x08, 0x08, 0x08, 0x08, 0x00, 0x08, 0x04, 0x02, 0x7f, 0x02, 0x04, 0x08, 0x00,
    0x08, 0x10, 0x20, 0x7f, 0x20, 0x10, 0x08, 0x00, 0x08, 0x1c, 0x2a, 0x49, 0x08, 0x08, 0x08, 0x00,
    0x08, 0x08, 0x08, 0x49, 0x2a, 0x1c, 0x08, 0x00, 0x00, 0x00, 0x7e, 0x00, 0x00, 0x7e, 0x00, 0x00,
    0x1e, 0x20, 0x40, 0x7e, 0x40, 0x20, 0x1e, 0x00, 0x78, 0x04, 0x02, 0x7e, 0x02, 0x04, 0x78, 0x00,
    0x00, 0x3e, 0x40, 0x40, 0x3e, 0x00, 0x7e, 0x00, 0x00, 0x7c, 0x02, 0x02, 0x7c, 0x00, 0x7e, 0x00,
    0x00, 0x3e, 0x40, 0x40, 0x40, 0x40, 0x3e, 0x00, 0x00, 0x7c, 0x02, 0x02, 0x02, 0x02, 0x7c, 0x00,
    0x00, 0x42, 0x42, 0x42, 0x42, 0x42, 0x3c, 0x00, 0x00, 0x3c, 0x42, 0x42, 0x42, 0x42, 0x42, 0x00,
    0x08, 0x08, 0x14, 0x14, 0x22, 0x22, 0x41, 0x00, 0x41, 0x22, 0x22, 0x14, 0x14, 0x08, 0x08, 0x00,
    0x00, 0x00, 0x00, 0x7e, 0x02, 0x02, 0x02, 0x00, 0x08, 0x04, 0x7e, 0x01, 0x7e, 0x04, 0x08, 0x00,
    0x00, 0x24, 0x7e, 0x81, 0x7e, 0x24, 0x00, 0x00, 0x41, 0x41, 0x3e, 0x22, 0x14, 0x14, 0x08, 0x08,
    0x7e, 0x02, 0x02, 0x7e, 0x02, 0x02, 0x7e, 0x00, 0x00, 0x02, 0x04, 0x08, 0x10, 0x20, 0x7e, 0x00,
    0x00, 0x08, 0x08, 0x08, 0x08, 0x08, 0x7f, 0x00, 0x1c, 0x22, 0x41, 0x00, 0x00, 0x00, 0x00, 0x00,
    0x0c, 0x12, 0x02, 0x1e, 0x22, 0x24, 0x18, 0x00, 0x7f, 0x61, 0x22, 0x32, 0x14, 0x1c, 0x08, 0x08,
    0x00, 0x7e, 0x00, 0x7e, 0x00, 0x7e, 0x00, 0x00, 0x20, 0x00, 0x7e, 0x00, 0x7e, 0x00, 0x04, 0x00,
    0x09, 0x12, 0x24, 0x48, 0x24, 0x12, 0x09, 0x00, 0x48, 0x24, 0x12, 0x09, 0x12, 0x24, 0x48, 0x00,
    0x07, 0x04, 0x08, 0x08, 0x10, 0x50, 0x20, 0x20, 0x00, 0x00, 0x26, 0x49, 0x49, 0x32, 0x00, 0x00,
    0x00, 0x00, 0x36, 0x48, 0x48, 0x36, 0x00, 0x00, 0x00, 0x00, 0x22, 0x00, 0x00, 0x08, 0x00, 0x00,
    0x0c, 0x10, 0x10, 0x08, 0x08, 0x04, 0x04, 0x18, 0x36, 0x48, 0x48, 0x24, 0x24, 0x12, 0x12, 0x6c,
    0x08, 0x14, 0x08, 0x08, 0x14, 0x22, 0x3e, 0x22, 0x61, 0x92, 0x94, 0x68, 0x1a, 0x35, 0x55, 0x8a,
    0x04, 0x26, 0x3c, 0x64, 0x26, 0x3c, 0x64, 0x20, 0x10, 0x10, 0x10, 0x1c, 0x12, 0x12, 0x14, 0x18,
    0x08, 0x0c, 0x0a, 0x0a, 0x0a, 0x1a, 0x38, 0x30, 0x08, 0x08, 0x3e, 0x08, 0x08, 0x08, 0x08, 0x08,
    0x08, 0x3e, 0x08, 0x08, 0x08, 0x08, 0x3e, 0x08, 0x1e, 0x3a, 0x3a, 0x1a, 0x0a, 0x0a, 0x0a, 0x00,
    0x3c, 0x42, 0x81, 0x81, 0x81, 0x81, 0x42, 0x3c, 0x3c, 0x42, 0x42, 0x42, 0x42, 0x42, 0x3c, 0x00,
    0x08, 0x18, 0x08, 0x08, 0x08, 0x08, 0x1c, 0x00, 0x3c, 0x42, 0x02, 0x0c, 0x10, 0x20, 0x7e, 0x00,
    0x3c, 0x42, 0x02, 0x3c, 0x02, 0x42, 0x3c, 0x00, 0x04, 0x0c, 0x14, 0x24, 0x44, 0x7e, 0x04, 0x00,
    0x7e, 0x40, 0x40, 0x7c, 0x02, 0x02, 0x7c, 0x00, 0x3c, 0x42, 0x40, 0x7c, 0x42, 0x42, 0x3c, 0x00,
    0x7e, 0x02, 0x04, 0x08, 0x10, 0x10, 0x10, 0x00, 0x3c, 0x42, 0x42, 0x3c, 0x42, 0x42, 0x3c, 0x00,
    0x3c, 0x42, 0x42, 0x3e, 0x02, 0x42, 0x3c, 0x00, 0x18, 0x24, 0x42, 0x42, 0x7e, 0x42, 0x42, 0x00,
    0x7c, 0x42, 0x42, 0x7c, 0x42, 0x42, 0x7c, 0x00, 0x1c, 0x22, 0x40, 0x40, 0x40, 0x22, 0x1c, 0x00,
    0x78, 0x24, 0x22, 0x22, 0x22, 0x24, 0x78, 0x00, 0x7e, 0x40, 0x40, 0x7c, 0x40, 0x40, 0x7e, 0x00,
    0x7e, 0x40, 0x40, 0x7c, 0x40, 0x40, 0x40, 0x00, 0x1c, 0x22, 0x40, 0x47, 0x42, 0x26, 0x1a, 0x00,
    0x42, 0x42, 0x42, 0x7e, 0x42, 0x42, 0x42, 0x00, 0x1c, 0x08, 0x08, 0x08, 0x08, 0x08, 0x1c, 0x00,
    0x0e, 0x04, 0x04, 0x04, 0x44, 0x44, 0x38, 0x00, 0x42, 0x44, 0x48, 0x50, 0x68, 0x44, 0x42, 0x00,
    0x40, 0x40, 0x40, 0x40, 0x40, 0x40, 0x7e, 0x00, 0x41, 0x63, 0x55, 0x49, 0x41, 0x41, 0x41, 0x00,
    0x42, 0x62, 0x52, 0x4a, 0x46, 0x42, 0x42, 0x00, 0x18, 0x24, 0x42, 0x42, 0x42, 0x24, 0x18, 0x00,
    0x7c, 0x42, 0x42, 0x7c, 0x40, 0x40, 0x40, 0x00, 0x18, 0x24, 0x42, 0x42, 0x4a, 0x24, 0x1a, 0x00,
    0x7c, 0x42, 0x42, 0x7c, 0x48, 0x44, 0x42, 0x00, 0x3c, 0x42, 0x40, 0x3c, 0x02, 0x42, 0x3c, 0x00,
    0x7f, 0x08, 0x08, 0x08, 0x08, 0x08, 0x08, 0x00, 0x42, 0x42, 0x42, 0x42, 0x42, 0x42, 0x3c, 0x00,
    0x41, 0x41, 0x22, 0x22, 0x14, 0x14, 0x08, 0x00, 0x41, 0x49, 0x49, 0x55, 0x55, 0x22, 0x22, 0x00,
    0x41, 0x22, 0x14, 0x08, 0x14, 0x22, 0x41, 0x00, 0x41, 0x22, 0x14, 0x08, 0x08, 0x08, 0x08, 0x00,
    0x7e, 0x02, 0x04, 0x08, 0x10, 0x20, 0x7e, 0x00, 0x00, 0x00, 0x1c, 0x02, 0x1e, 0x22, 0x1e, 0x00,
    0x20, 0x20, 0x20, 0x3c, 0x22, 0x22, 0x3c, 0x00, 0x00, 0x00, 0x1c, 0x22, 0x20, 0x22, 0x1c, 0x00,
    0x02, 0x02, 0x02, 0x1e, 0x22, 0x22, 0x1e, 0x00, 0x00, 0x00, 0x1c, 0x22, 0x3e, 0x20, 0x1e, 0x00,
    0x0c, 0x12, 0x10, 0x3c, 0x10, 0x10, 0x10, 0x00, 0x00, 0x00, 0x1c, 0x22, 0x22, 0x1e, 0x02, 0x3c,
    0x20, 0x20, 0x3c, 0x22, 0x22, 0x22, 0x22, 0x00, 0x08, 0x00, 0x18, 0x08, 0x08, 0x08, 0x1c, 0x00,
    0x08, 0x00, 0x18, 0x08, 0x08, 0x08, 0x48, 0x30, 0x20, 0x20, 0x24, 0x28, 0x30, 0x28, 0x24, 0x00,
    0x18, 0x08, 0x08, 0x08, 0x08, 0x08, 0x08, 0x00, 0x00, 0x00, 0x3c, 0x2a, 0x2a, 0x2a, 0x2a, 0x00,
    0x00, 0x00, 0x3c, 0x22, 0x22, 0x22, 0x22, 0x00, 0x00, 0x00, 0x1c, 0x22, 0x22, 0x22, 0x1c, 0x00,
    0x00, 0x00, 0x3c, 0x22, 0x22, 0x3c, 0x20, 0x20, 0x00, 0x00, 0x1e, 0x22, 0x22, 0x1e, 0x02, 0x02,
    0x00, 0x00, 0x2e, 0x30, 0x20, 0x20, 0x20, 0x00, 0x00, 0x00, 0x1e, 0x20, 0x1c, 0x02, 0x3c, 0x00,
    0x00, 0x10, 0x3c, 0x10, 0x10, 0x10, 0x0c, 0x00, 0x00, 0x00, 0x22, 0x22, 0x22, 0x22, 0x1e, 0x00,
    0x00, 0x00, 0x22, 0x22, 0x14, 0x14, 0x08, 0x00, 0x00, 0x00, 0x22, 0x2a, 0x2a, 0x14, 0x14, 0x00,
    0x00, 0x00, 0x22, 0x14, 0x08, 0x14, 0x22, 0x00, 0x00, 0x00, 0x22, 0x22, 0x22, 0x1e, 0x02, 0x3c,
    0x00, 0x00, 0x3e, 0x04, 0x08, 0x10, 0x3e, 0x00, 0x00, 0x10, 0x7c, 0x10, 0x14, 0x3c, 0x5a, 0x32,
    0x10, 0x7e, 0x10, 0x12, 0x3e, 0x55, 0x59, 0x32, 0x00, 0x00, 0x00, 0x44, 0x42, 0x42, 0x20, 0x00,
    0x00, 0x00, 0x42, 0x41, 0x41, 0x41, 0x20, 0x00, 0x00, 0x00, 0x1c, 0x00, 0x3c, 0x02, 0x02, 0x1c,
    0x3c, 0x00, 0x7c, 0x02, 0x02, 0x02, 0x04, 0x18, 0x00, 0x00, 0x18, 0x00, 0x3c, 0x08, 0x18, 0x26,
    0x38, 0x00, 0x7e, 0x04, 0x08, 0x18, 0x28, 0x47, 0x00, 0x00, 0x14, 0x7a, 0x10, 0x3c, 0x52, 0x74,
    0x20, 0xfa, 0x21, 0x3c, 0x62, 0xa1, 0xa1, 0x66, 0x20, 0x20, 0xfa, 0x25, 0x25, 0x24, 0x24, 0x48,
    0x23, 0x20, 0xfa, 0x25, 0x25, 0x24, 0x24, 0x48, 0x10, 0x7e, 0x08, 0x7e, 0x04, 0x3c, 0x40, 0x3e,
    0x13, 0x7e, 0x08, 0x7e, 0x04, 0x3c, 0x40, 0x3e, 0x04, 0x08, 0x10, 0x20, 0x20, 0x10, 0x08, 0x04,
    0x04, 0x08, 0x10, 0x23, 0x20, 0x10, 0x08, 0x04, 0x04, 0x84, 0x9f, 0x84, 0x84, 0x84, 0x84, 0x48,
    0x07, 0x84, 0x9f, 0x84, 0x84, 0x84, 0x84, 0x48, 0x00, 0x3c, 0x02, 0x00, 0x00, 0x40, 0x40, 0x3e,
    0x03, 0x3c, 0x02, 0x00, 0x00, 0x40, 0x40, 0x3e, 0x10, 0x7e, 0x08, 0x04, 0x3e, 0x40, 0x40, 0x3e,
    0x13, 0x7c, 0x08, 0x04, 0x3e, 0x40, 0x40, 0x3e, 0x20, 0x20, 0x20, 0x20, 0x20, 0x20, 0x22, 0x1c,
    0x26, 0x20, 0x20, 0x20, 0x20, 0x20, 0x22, 0x1c, 0x08, 0xfe, 0x08, 0x38, 0x48, 0x38, 0x08, 0x30,
    0x0b, 0xfe, 0x08, 0x38, 0x48, 0x38, 0x08, 0x30, 0x04, 0x24, 0xff, 0x24, 0x24, 0x20, 0x20, 0x1e,
    0x07, 0x24, 0xff, 0x24, 0x24, 0x20, 0x20, 0x1e, 0x3c, 0x08, 0x10, 0x7e, 0x08, 0x10, 0x10, 0x0c,
    0x3c, 0x0b, 0x10, 0x7e, 0x08, 0x10, 0x10, 0x0c, 0x20, 0x7c, 0x20, 0x27, 0x20, 0x40, 0x48, 0x47,
    0x23, 0x7c, 0x20, 0x27, 0x20, 0x40, 0x48, 0x47, 0x20, 0xfc, 0x20, 0x20, 0x3c, 0x02, 0x02, 0x3c,
    0x23, 0x7e, 0x20, 0x20, 0x3c, 0x02, 0x02, 0x3c, 0x00, 0x00, 0x00, 0x00, 0x1c, 0x22, 0x02, 0x1c,
    0x00, 0x1e, 0x61, 0x01, 0x01, 0x01, 0x1e, 0x00, 0x03, 0x1e, 0x61, 0x01, 0x01, 0x01, 0x1e, 0x00,
    0x00, 0xfe, 0x08, 0x10, 0x10, 0x10, 0x08, 0x06, 0x00, 0xfe, 0x08, 0x13, 0x10, 0x10, 0x08, 0x06,
    0x20, 0x20, 0x16, 0x18, 0x20, 0x40, 0x40, 0x3e, 0x23, 0x20, 0x16, 0x18, 0x20, 0x40, 0x40, 0x3e,
    0x20, 0xf0, 0x42, 0x48, 0x88, 0x3c, 0x4a, 0x38, 0x40, 0x5e, 0x41, 0x40, 0x40, 0x50, 0x4f, 0x20,
    0x08, 0x48, 0x7c, 0x4a, 0xaa, 0x96, 0xaa, 0x45, 0x20, 0x20, 0xec, 0x32, 0x22, 0x66, 0xaa, 0x25,
    0x00, 0x1c, 0x2a, 0x49, 0x49, 0x49, 0x49, 0x32, 0x04, 0x84, 0x9f, 0x84, 0x84, 0x9e, 0xa5, 0x5c,
    0x03, 0x84, 0x9f, 0x84, 0x84, 0x9e, 0xa5, 0x5c, 0x02, 0x85, 0x9e, 0x84, 0x84, 0x9e, 0xa5, 0x5c,
    0x00, 0xe0, 0x26, 0x25, 0x44, 0x44, 0x44, 0x38, 0x03, 0xe0, 0x26, 0x25, 0x44, 0x44, 0x44, 0x38,
    0x02, 0xe5, 0x22, 0x26, 0x45, 0x44, 0x44, 0x38, 0x00, 0x10, 0x08, 0x10, 0x10, 0x4a, 0x49, 0x91,
    0x03, 0x10, 0x08, 0x10, 0x10, 0x4a, 0x49, 0x91, 0x02, 0x15, 0x0a, 0x10, 0x10, 0x4a, 0x49, 0x91,
    0x00, 0x00, 0x30, 0x48, 0x84, 0x03, 0x00, 0x00, 0x03, 0x00, 0x30, 0x48, 0x84, 0x03, 0x00, 0x00,
    0x02, 0x05, 0x32, 0x48, 0x84, 0x03, 0x00, 0x00, 0x00, 0x9f, 0x84, 0x9f, 0x84, 0x9e, 0xa5, 0x5c,
    0x03, 0x9e, 0x84, 0x9f, 0x84, 0x9e, 0xa5, 0x5c, 0x02, 0x9d, 0x86, 0x9f, 0x84, 0x9e, 0xa5, 0x5c,
    0x08, 0x7e, 0x08, 0x7e, 0x08, 0x3c, 0x4a, 0x38, 0x00, 0x70, 0x12, 0x12, 0x7e, 0x93, 0x92, 0x64,
    0x20, 0xfa, 0x21, 0x60, 0xa0, 0x62, 0x22, 0x1c, 0x00, 0x48, 0x7e, 0x49, 0xa9, 0x91, 0xb1, 0x46,
    0x10, 0x7e, 0x10, 0x7e, 0x10, 0x10, 0x12, 0x0c, 0x00, 0x00, 0x28, 0x7c, 0x2a, 0x22, 0x14, 0x10,
    0x00, 0x28, 0xfe, 0x29, 0x21, 0x22, 0x10, 0x10, 0x00, 0x00, 0x10, 0x5c, 0x72, 0x52, 0x14, 0x20,
    0x08, 0x08, 0xbe, 0xc9, 0x89, 0x89, 0x4a, 0x10, 0x00, 0x00, 0x08, 0x0e, 0x08, 0x3c, 0x4a, 0x38,
    0x08, 0x08, 0x0e, 0x08, 0x08, 0x3c, 0x4a, 0x30, 0x08, 0x24, 0x20, 0x20, 0x3c, 0x02, 0x02, 0x3c,
    0x04, 0x22, 0x22, 0x22, 0x22, 0x02, 0x04, 0x18, 0x3e, 0x04, 0x08, 0x3c, 0x02, 0x1a, 0x26, 0x1c,
    0x20, 0x28, 0xf4, 0x24, 0x24, 0x64, 0xa5, 0x22, 0x3e, 0x04, 0x08, 0x3c, 0x02, 0x02, 0x22, 0x1c,
    0x00, 0x00, 0x00, 0x20, 0x6c, 0x32, 0x62, 0x24, 0x20, 0x20, 0xee, 0x31, 0x21, 0x61, 0xa1, 0x26,
    0x38, 0x08, 0x1c, 0x2a, 0x51, 0x67, 0x09, 0x06, 0x3c, 0x08, 0x3c, 0x02, 0x3c, 0x20, 0x6c, 0x93,
    0x20, 0x7c, 0x20, 0x36, 0x48, 0x18, 0x20, 0x1e, 0x08, 0x10, 0x10, 0x20, 0x30, 0x49, 0x49, 0x46,
    0x00, 0x00, 0x00, 0x3e, 0x0a, 0x0c, 0x08, 0x10, 0x00, 0x7f, 0x01, 0x0a, 0x0c, 0x08, 0x08, 0x10,
    0x00, 0x00, 0x00, 0x04, 0x08, 0x18, 0x28, 0x08, 0x00, 0x02, 0x04, 0x08, 0x18, 0x28, 0x48, 0x08,
    0x00, 0x00, 0x00, 0x08, 0x3e, 0x22, 0x02, 0x0c, 0x08, 0x08, 0x7e, 0x42, 0x42, 0x02, 0x04, 0x18,
    0x00, 0x00, 0x00, 0x00, 0x1c, 0x08, 0x08, 0x3e, 0x00, 0x3e, 0x08, 0x08, 0x08, 0x08, 0x08, 0x7f,
    0x00, 0x00, 0x00, 0x04, 0x3e, 0x0c, 0x14, 0x24, 0x04, 0x04, 0x7f, 0x04, 0x0c, 0x14, 0x24, 0x44,
    0x10, 0x10, 0x7e, 0x12, 0x12, 0x22, 0x22, 0x44, 0x13, 0x10, 0x7e, 0x12, 0x12, 0x22, 0x22, 0x44,
    0x10, 0x10, 0x7f, 0x08, 0x7f, 0x08, 0x04, 0x04, 0x13, 0x10, 0x7f, 0x08, 0x7f, 0x08, 0x04, 0x04,
    0x20, 0x3e, 0x22, 0x42, 0x02, 0x04, 0x04, 0x18, 0x23, 0x3e, 0x22, 0x22, 0x42, 0x04, 0x04, 0x18,
    0x20, 0x20, 0x3f, 0x24, 0x44, 0x04, 0x08, 0x30, 0x23, 0x20, 0x3f, 0x24, 0x44, 0x04, 0x08, 0x30,
    0x00, 0x00, 0x7e, 0x02, 0x02, 0x02, 0x02, 0x7e, 0x03, 0x00, 0x7e, 0x02, 0x02, 0x02, 0x02, 0x7e,
    0x00, 0x24, 0xff, 0x24, 0x24, 0x04, 0x04, 0x18, 0x03, 0x24, 0xff, 0x24, 0x24, 0x04, 0x04, 0x18,
    0x00, 0x40, 0x20, 0x42, 0x22, 0x04, 0x08, 0x70, 0x03, 0x40, 0x20, 0x42, 0x22, 0x04, 0x08, 0x70,
    0x00, 0x7e, 0x02, 0x04, 0x08, 0x14, 0x22, 0x41, 0x03, 0x7f, 0x02, 0x04, 0x08, 0x14, 0x22, 0x41,
    0x20, 0x20, 0x7e, 0x22, 0x24, 0x28, 0x20, 0x1e, 0x23, 0x20, 0x7e, 0x22, 0x24, 0x20, 0x20, 0x1e,
    0x00, 0x41, 0x41, 0x21, 0x02, 0x02, 0x04, 0x18, 0x03, 0x40, 0x41, 0x21, 0x02, 0x02, 0x04, 0x18,
    0x10, 0x1e, 0x12, 0x32, 0x4e, 0x04, 0x08, 0x70, 0x13, 0x1f, 0x12, 0x32, 0x4e, 0x04, 0x08, 0x70,
    0x06, 0x38, 0x08, 0x7f, 0x08, 0x08, 0x08, 0x30, 0x06, 0x38, 0x0b, 0x7f, 0x08, 0x08, 0x08, 0x30,
    0x00, 0x00, 0x00, 0x00, 0x52, 0x52, 0x04, 0x18, 0x00, 0x52, 0x52, 0x02, 0x04, 0x04, 0x08, 0x30,
    0x03, 0x50, 0x52, 0x02, 0x04, 0x04, 0x08, 0x30, 0x3e, 0x00, 0x00, 0x7f, 0x08, 0x08, 0x08, 0x30,
    0x03, 0x3e, 0x00, 0x7f, 0x08, 0x08, 0x08, 0x30, 0x20, 0x20, 0x20, 0x38, 0x24, 0x22, 0x20, 0x20,
    0x26, 0x20, 0x20, 0x38, 0x24, 0x22, 0x20, 0x20, 0x04, 0x04, 0x7f, 0x04, 0x04, 0x04, 0x08, 0x30,
    0x00, 0x00, 0x3e, 0x00, 0x00, 0x00, 0x7f, 0x00, 0x00, 0x7e, 0x02, 0x22, 0x14, 0x0c, 0x12, 0x60,
    0x08, 0x08, 0x7f, 0x01, 0x06, 0x1a, 0x69, 0x08, 0x00, 0x02, 0x02, 0x02, 0x04, 0x04, 0x08, 0x30,
    0x00, 0x00, 0x24, 0x24, 0x22, 0x42, 0x81, 0x00, 0x03, 0x00, 0x24, 0x24, 0x22, 0x42, 0x81, 0x00,
    0x02, 0x05, 0x26, 0x24, 0x22, 0x42, 0x81, 0x00, 0x00, 0x40, 0x40, 0x7e, 0x40, 0x40, 0x40, 0x3e,
    0x03, 0x40, 0x40, 0x7e, 0x40, 0x40, 0x40, 0x3e, 0x02, 0x45, 0x42, 0x7e, 0x40, 0x40, 0x40, 0x3e,
    0x00, 0x00, 0x7e, 0x02, 0x02, 0x04, 0x08, 0x30, 0x03, 0x00, 0x7e, 0x02, 0x02, 0x04, 0x08, 0x30,
    0x02, 0x05, 0x7e, 0x02, 0x02, 0x04, 0x08, 0x30, 0x00, 0x00, 0x18, 0x24, 0x42, 0x01, 0x00, 0x00,
    0x03, 0x00, 0x18, 0x24, 0x42, 0x01, 0x00, 0x00, 0x02, 0x05, 0x1a, 0x24, 0x42, 0x01, 0x00, 0x00,
    0x08, 0x08, 0x7f, 0x08, 0x08, 0x2a, 0x49, 0x08, 0x0b, 0x08, 0x7f, 0x08, 0x08, 0x2a, 0x49, 0x08,
    0x0a, 0x0d, 0x7e, 0x08, 0x08, 0x2a, 0x49, 0x08, 0x00, 0x7e, 0x02, 0x02, 0x24, 0x18, 0x08, 0x04,
    0x00, 0x18, 0x06, 0x18, 0x06, 0x00, 0x30, 0x0e, 0x00, 0x08, 0x08, 0x10, 0x10, 0x24, 0x42, 0x7d,
    0x00, 0x01, 0x01, 0x12, 0x0a, 0x04, 0x0a, 0x30, 0x00, 0x7e, 0x10, 0x10, 0x7f, 0x10, 0x10, 0x1e,
    0x00, 0x00, 0x00, 0x10, 0x3e, 0x12, 0x14, 0x10, 0x10, 0x10, 0xff, 0x11, 0x12, 0x14, 0x10, 0x10,
    0x00, 0x00, 0x00, 0x00, 0x38, 0x08, 0x08, 0x7c, 0x00, 0x00, 0x3c, 0x04, 0x04, 0x04, 0x04, 0x7e,
    0x00, 0x00, 0x00, 0x3c, 0x04, 0x3c, 0x04, 0x3c, 0x00, 0x7e, 0x02, 0x02, 0x7e, 0x02, 0x02, 0x7e,
    0x00, 0x3c, 0x00, 0x7e, 0x02, 0x02, 0x04, 0x38, 0x00, 0x22, 0x22, 0x22, 0x22, 0x02, 0x04, 0x18,
    0x00, 0x28, 0x28, 0x28, 0x28, 0x29, 0x2a, 0x4c, 0x00, 0x20, 0x20, 0x20, 0x22, 0x22, 0x24, 0x38,
    0x00, 0x7e, 0x42, 0x42, 0x42, 0x42, 0x42, 0x7e, 0x00, 0x00, 0x00, 0x7c, 0x44, 0x44, 0x08, 0x10,
    0x00, 0x7e, 0x42, 0x42, 0x02, 0x04, 0x08, 0x30, 0x04, 0x04, 0x7e, 0x24, 0x24, 0xff, 0x04, 0x04,
    0x00, 0x3e, 0x02, 0x0c, 0x08, 0x08, 0x08, 0x7f, 0x00, 0x7e, 0x02, 0x7e, 0x02, 0x04, 0x08, 0x30,
    0x00, 0x40, 0x20, 0x02, 0x02, 0x04, 0x08, 0x70, 0x0b, 0x08, 0x7e, 0x42, 0x42, 0x02, 0x04, 0x18,
    0x00, 0x00, 0x10, 0x10, 0x3e, 0x12, 0x12, 0x24, 0x00, 0x00, 0x20, 0x20, 0x3e, 0x48, 0x08, 0x30,
    0x18, 0x24, 0x42, 0x42, 0x7e, 0x42, 0x42, 0x00, 0x7c, 0x42, 0x42, 0x7c, 0x42, 0x42, 0x7c, 0x00,
    0x7e, 0x22, 0x20, 0x20, 0x20, 0x20, 0x70, 0x00, 0x08, 0x1c, 0x14, 0x26, 0x22, 0x43, 0x7f, 0x00,
    0x7e, 0x40, 0x40, 0x7c, 0x40, 0x40, 0x7e, 0x00, 0x7e, 0x02, 0x04, 0x08, 0x10, 0x20, 0x7e, 0x00,
    0x42, 0x42, 0x42, 0x7e, 0x42, 0x42, 0x42, 0x00, 0x1c, 0x22, 0x41, 0x5d, 0x41, 0x22, 0x1c, 0x00,
    0x1c, 0x08, 0x08, 0x08, 0x08, 0x08, 0x1c, 0x00, 0x42, 0x44, 0x48, 0x50, 0x68, 0x44, 0x42, 0x00,
    0x08, 0x1c, 0x14, 0x26, 0x22, 0x43, 0x41, 0x00, 0x41, 0x63, 0x55, 0x49, 0x41, 0x41, 0x41, 0x00,
    0x42, 0x62, 0x52, 0x4a, 0x46, 0x42, 0x42, 0x00, 0x3e, 0x41, 0x22, 0x3e, 0x22, 0x41, 0x3e, 0x00,
    0x18, 0x24, 0x42, 0x42, 0x42, 0x24, 0x18, 0x00, 0x7f, 0x22, 0x22, 0x22, 0x22, 0x22, 0x77, 0x00,
    0x7c, 0x42, 0x42, 0x7c, 0x40, 0x40, 0x40, 0x00, 0x7e, 0x22, 0x10, 0x08, 0x10, 0x22, 0x7e, 0x00,
    0x7f, 0x08, 0x08, 0x08, 0x08, 0x08, 0x08, 0x00, 0x36, 0x49, 0x49, 0x08, 0x08, 0x08, 0x1c, 0x00,
    0x3e, 0x08, 0x3e, 0x49, 0x49, 0x3e, 0x08, 0x3e, 0x41, 0x22, 0x14, 0x08, 0x14, 0x22, 0x41, 0x00,
    0x1c, 0x49, 0x2a, 0x2a, 0x1c, 0x08, 0x1c, 0x00, 0x1c, 0x22, 0x41, 0x41, 0x22, 0x14, 0x77, 0x00,
    0x00, 0x01, 0x3a, 0x66, 0x44, 0x4c, 0x73, 0x00, 0x0c, 0x12, 0x32, 0x2c, 0x42, 0x66, 0x5c, 0x40,
    0x00, 0x30, 0x4b, 0x0c, 0x08, 0x18, 0x18, 0x10, 0x1e, 0x20, 0x18, 0x24, 0x24, 0x24, 0x18, 0x00,
    0x00, 0x00, 0x1c, 0x30, 0x1c, 0x30, 0x1c, 0x00, 0x10, 0x0e, 0x10, 0x10, 0x10, 0x08, 0x14, 0x0c,
    0x00, 0x20, 0x5c, 0x12, 0x12, 0x24, 0x24, 0x04, 0x06, 0x09, 0x11, 0x3f, 0x22, 0x24, 0x18, 0x00,
    0x00, 0x04, 0x08, 0x10, 0x10, 0x14, 0x08, 0x00, 0x00, 0x00, 0x26, 0x28, 0x30, 0x4a, 0x4c, 0x00,
    0x18, 0x04, 0x04, 0x0c, 0x14, 0x24, 0x42, 0x00, 0x00, 0x00, 0x12, 0x12, 0x24, 0x25, 0x5a, 0x40,
    0x00, 0x00, 0x42, 0x22, 0x24, 0x28, 0x70, 0x00, 0x20, 0x1e, 0x20, 0x1c, 0x20, 0x30, 0x0c, 0x1c,
    0x00, 0x00, 0x1c, 0x32, 0x22, 0x26, 0x1c, 0x00, 0x00, 0x01, 0x3e, 0x54, 0x14, 0x24, 0x43, 0x00,
    0x00, 0x00, 0x1c, 0x32, 0x22, 0x62, 0x5c, 0x40, 0x00, 0x1e, 0x38, 0x44, 0x44, 0x44, 0x38, 0x00,
    0x00, 0x01, 0x3e, 0x48, 0x10, 0x12, 0x1c, 0x00, 0x00, 0x00, 0x22, 0x22, 0x22, 0x26, 0x1c, 0x00,
    0x04, 0x04, 0x3c, 0x6a, 0x4a, 0x56, 0x3c, 0x20, 0x11, 0x2a, 0x0c, 0x08, 0x18, 0x28, 0x4a, 0x44,
    0x04, 0x04, 0x68, 0x2a, 0x52, 0x56, 0x3c, 0x20, 0x00, 0x00, 0x22, 0x4a, 0x5a, 0x52, 0x2c, 0x00,
    0x18, 0x24, 0x42, 0x42, 0x7e, 0x42, 0x42, 0x00, 0x7e, 0x42, 0x40, 0x7c, 0x42, 0x42, 0x7c, 0x00,
    0x7c, 0x42, 0x42, 0x7c, 0x42, 0x42, 0x7c, 0x00, 0x7e, 0x22, 0x21, 0x20, 0x20, 0x20, 0x70, 0x00,
    0x1e, 0x12, 0x12, 0x12, 0x12, 0x22, 0x3f, 0x41, 0x7e, 0x40, 0x40, 0x7c, 0x40, 0x40, 0x7e, 0x00,
    0x24, 0x7e, 0x40, 0x40, 0x7c, 0x40, 0x40, 0x7e, 0x49, 0x2a, 0x2a, 0x1c, 0x2a, 0x2a, 0x49, 0x00,
    0x1c, 0x22, 0x02, 0x1c, 0x02, 0x22, 0x1c, 0x00, 0x42, 0x42, 0x46, 0x4a, 0x52, 0x62, 0x42, 0x00,
    0x18, 0x42, 0x46, 0x4a, 0x52, 0x62, 0x42, 0x00, 0x46, 0x48, 0x48, 0x70, 0x48, 0x44, 0x42, 0x00,
    0x3f, 0x12, 0x12, 0x12, 0x12, 0x12, 0x67, 0x00, 0x41, 0x63, 0x55, 0x49, 0x41, 0x41, 0x41, 0x00,
    0x42, 0x42, 0x42, 0x7e, 0x42, 0x42, 0x42, 0x00, 0x18, 0x24, 0x42, 0x42, 0x42, 0x24, 0x18, 0x00,
    0x7f, 0x22, 0x22, 0x22, 0x22, 0x22, 0x77, 0x00, 0x7c, 0x42, 0x42, 0x7c, 0x40, 0x40, 0x40, 0x00,
    0x1c, 0x22, 0x40, 0x40, 0x40, 0x22, 0x1c, 0x00, 0x7f, 0x08, 0x08, 0x08, 0x08, 0x08, 0x08, 0x00,
    0x41, 0x41, 0x22, 0x22, 0x14, 0x14, 0x48, 0x38, 0x3e, 0x08, 0x3e, 0x49, 0x49, 0x3e, 0x08, 0x3e,
    0x41, 0x22, 0x14, 0x08, 0x14, 0x22, 0x41, 0x00, 0x77, 0x22, 0x22, 0x22, 0x22, 0x22, 0x3f, 0x01,
    0x22, 0x22, 0x22, 0x22, 0x1e, 0x02, 0x02, 0x00, 0x49, 0x49, 0x49, 0x49, 0x49, 0x49, 0x7f, 0x00,
    0x49, 0x49, 0x49, 0x49, 0x49, 0x7f, 0x01, 0x01, 0x70, 0x10, 0x1e, 0x11, 0x11, 0x11, 0x3e, 0x00,
    0x47, 0x42, 0x72, 0x4a, 0x4a, 0x4a, 0x77, 0x00, 0x20, 0x20, 0x3c, 0x22, 0x22, 0x22, 0x3c, 0x00,
    0x3c, 0x42, 0x19, 0x27, 0x01, 0x42, 0x3c, 0x00, 0x4e, 0x51, 0x51, 0x71, 0x51, 0x51, 0x4e, 0x00,
    0x3e, 0x42, 0x42, 0x42, 0x3e, 0x12, 0x62, 0x00, 0x00, 0x00, 0x1c, 0x02, 0x1e, 0x22, 0x1e, 0x00,
    0x06, 0x18, 0x1c, 0x22, 0x22, 0x22, 0x1c, 0x00, 0x00, 0x00, 0x3c, 0x22, 0x3c, 0x22, 0x3c, 0x00,
    0x00, 0x00, 0x7e, 0x22, 0x20, 0x20, 0x70, 0x00, 0x00, 0x00, 0x1c, 0x14, 0x24, 0x24, 0x7c, 0x46,
    0x00, 0x00, 0x1c, 0x22, 0x3e, 0x20, 0x1e, 0x00, 0x14, 0x00, 0x3c, 0x42, 0x7e, 0x40, 0x3e, 0x00,
    0x00, 0x00, 0x49, 0x2a, 0x1c, 0x2a, 0x49, 0x00, 0x00, 0x00, 0x3c, 0x46, 0x1c, 0x46, 0x3c, 0x00,
    0x00, 0x00, 0x22, 0x26, 0x2a, 0x32, 0x22, 0x00, 0x14, 0x08, 0x22, 0x26, 0x2a, 0x32, 0x22, 0x00,
    0x00, 0x00, 0x26, 0x28, 0x38, 0x24, 0x22, 0x00, 0x00, 0x00, 0x3e, 0x12, 0x12, 0x12, 0x62, 0x00,
    0x00, 0x00, 0x41, 0x63, 0x55, 0x49, 0x41, 0x00, 0x00, 0x00, 0x22, 0x22, 0x3e, 0x22, 0x22, 0x00,
    0x00, 0x00, 0x1c, 0x22, 0x22, 0x22, 0x1c, 0x00, 0x00, 0x00, 0x7e, 0x24, 0x24, 0x24, 0x24, 0x00,
    0x00, 0x00, 0x3c, 0x22, 0x22, 0x3c, 0x20, 0x20, 0x00, 0x00, 0x1c, 0x22, 0x20, 0x22, 0x1c, 0x00,
    0x00, 0x00, 0x3e, 0x08, 0x08, 0x08, 0x08, 0x00, 0x00, 0x00, 0x11, 0x11, 0x0a, 0x0a, 0x24, 0x18,
    0x00, 0x08, 0x3e, 0x49, 0x49, 0x49, 0x3e, 0x08, 0x00, 0x00, 0x22, 0x14, 0x08, 0x14, 0x22, 0x00,
    0x00, 0x00, 0x44, 0x44, 0x44, 0x44, 0x7e, 0x02, 0x00, 0x00, 0x22, 0x22, 0x22, 0x1e, 0x02, 0x02,
    0x00, 0x00, 0x49, 0x49, 0x49, 0x49, 0x7f, 0x00, 0x00, 0x00, 0x49, 0x49, 0x49, 0x49, 0x7f, 0x01,
    0x00, 0x00, 0x60, 0x20, 0x3c, 0x22, 0x3c, 0x00, 0x00, 0x00, 0x22, 0x22, 0x3a, 0x26, 0x3a, 0x00,
    0x00, 0x00, 0x20, 0x20, 0x3c, 0x22, 0x3c, 0x00, 0x00, 0x00, 0x3c, 0x42, 0x1e, 0x42, 0x3c, 0x00,
    0x00, 0x00, 0x26, 0x29, 0x39, 0x29, 0x26, 0x00, 0x00, 0x00, 0x1e, 0x22, 0x22, 0x1e, 0x22, 0x00,
    0x00, 0x00, 0x00, 0x00, 0xff, 0x00, 0x00, 0x00, 0x08, 0x08, 0x08, 0x08, 0x08, 0x08, 0x08, 0x08,
    0x00, 0x00, 0x00, 0x00, 0x0f, 0x08, 0x08, 0x08, 0x00, 0x00, 0x00, 0x00, 0xf8, 0x08, 0x08, 0x08,
    0x08, 0x08, 0x08, 0x08, 0xf8, 0x00, 0x00, 0x00, 0x08, 0x08, 0x08, 0x08, 0x0f, 0x00, 0x00, 0x00,
    0x08, 0x08, 0x08, 0x08, 0x0f, 0x08, 0x08, 0x08, 0x00, 0x00, 0x00, 0x00, 0xff, 0x08, 0x08, 0x08,
    0x08, 0x08, 0x08, 0x08, 0xf8, 0x08, 0x08, 0x08, 0x08, 0x08, 0x08, 0x08, 0xff, 0x00, 0x00, 0x00,
    0x08, 0x08, 0x08, 0x08, 0xff, 0x08, 0x08, 0x08, 0x00, 0x00, 0x00, 0xff, 0xff, 0x00, 0x00, 0x00,
    0x18, 0x18, 0x18, 0x18, 0x18, 0x18, 0x18, 0x18, 0x00, 0x00, 0x00, 0x1f, 0x1f, 0x18, 0x18, 0x18,
    0x00, 0x00, 0x00, 0xf8, 0xf8, 0x18, 0x18, 0x18, 0x18, 0x18, 0x18, 0xf8, 0xf8, 0x00, 0x00, 0x00,
    0x18, 0x18, 0x18, 0x1f, 0x1f, 0x00, 0x00, 0x00, 0x18, 0x18, 0x18, 0x1f, 0x1f, 0x18, 0x18, 0x18,
    0x00, 0x00, 0x00, 0xff, 0xff, 0x18, 0x18, 0x18, 0x18, 0x18, 0x18, 0xf8, 0xf8, 0x18, 0x18, 0x18,
    0x18, 0x18, 0x18, 0xff, 0xff, 0x00, 0x00, 0x00, 0x18, 0x18, 0x18, 0xff, 0xff, 0x18, 0x18, 0x18,
    0x18, 0x18, 0x18, 0x18, 0x1f, 0x18, 0x18, 0x18, 0x00, 0x00, 0x00, 0xff, 0xff, 0x08, 0x08, 0x08,
    0x18, 0x18, 0x18, 0x18, 0xf8, 0x18, 0x18, 0x18, 0x08, 0x08, 0x08, 0xff, 0xff, 0x00, 0x00, 0x00,
    0x08, 0x08, 0x08, 0xff, 0xff, 0x08, 0x08, 0x08, 0x08, 0x08, 0x08, 0x0f, 0x0f, 0x08, 0x08, 0x08,
    0x00, 0x00, 0x00, 0x00, 0xff, 0x18, 0x18, 0x18, 0x08, 0x08, 0x08, 0xf8, 0xf8, 0x08, 0x08, 0x08,
    0x18, 0x18, 0x18, 0x18, 0xff, 0x00, 0x00, 0x00, 0x18, 0x18, 0x18, 0x18, 0xff, 0x18, 0x18, 0x18,
    0xff, 0x14, 0x7f, 0x55, 0x55, 0x7f, 0x14, 0xff, 0x1f, 0xea, 0xbf, 0xbb, 0xbb, 0xff, 0x0a, 0x1f,
    0x44, 0x4e, 0xe4, 0x7f, 0xa4, 0xce, 0x64, 0x9f, 0xff, 0xa1, 0xdd, 0xb5, 0xb5, 0xdd, 0x81, 0x83,
    0x08, 0xff, 0x3e, 0x22, 0x3e, 0x6a, 0xa4, 0x33, 0x7f, 0x2a, 0xff, 0xa9, 0x5e, 0x64, 0x18, 0xe7,
    0x44, 0xe9, 0x5f, 0x4e, 0x74, 0xdf, 0x44, 0x5b, 0x26, 0x29, 0xf0, 0x5f, 0x50, 0x6f, 0x39, 0xcf,
    0x8e, 0x5a, 0x04, 0xdb, 0x44, 0x5f, 0x44, 0xbf, 0x24, 0xff, 0x75, 0x22, 0xdd, 0x3e, 0x08, 0xf7,
    0x14, 0xff, 0x14, 0x7f, 0x55, 0x67, 0x41, 0x7f, 0x26, 0xca, 0x4f, 0xed, 0x5f, 0xf5, 0xdf, 0x47,
    0xff, 0x28, 0xff, 0xa9, 0xff, 0x2a, 0xa5, 0x9d, 0x5f, 0xf1, 0x5f, 0x52, 0x7d, 0xde, 0x54, 0x6f,
    0x9f, 0x51, 0x9f, 0x52, 0x1d, 0x5e, 0x54, 0xaf, 0x47, 0x45, 0xf7, 0x55, 0x55, 0x57, 0x50, 0x8f,
    0x24, 0xff, 0x3c, 0x14, 0x7f, 0x24, 0xff, 0x04, 0x24, 0xff, 0x24, 0x7e, 0x42, 0x7e, 0x40, 0x80,
    0x4a, 0x9d, 0xff, 0xaa, 0xb5, 0xe8, 0x02, 0xac, 0x44, 0xff, 0x4a, 0xff, 0xc4, 0x5f, 0x44, 0x44,
    0x7f, 0x44, 0x44, 0x5f, 0x44, 0x44, 0x44, 0xbf, 0x26, 0xf9, 0x20, 0x7a, 0x5a, 0x73, 0xfe, 0x22,
    0x4f, 0xe9, 0x4a, 0x4f, 0x69, 0xcd, 0x52, 0x6d, 0x08, 0xff, 0x81, 0x77, 0x55, 0xf5, 0x24, 0xc7,
    0x27, 0x25, 0xff, 0x55, 0x57, 0x65, 0x35, 0xcf, 0x44, 0x44, 0xff, 0xa8, 0xe8, 0x48, 0x68, 0xcf,
    0x44, 0xa4, 0x09, 0xef, 0xa0, 0xef, 0x89, 0xef, 0x48, 0xaf, 0x51, 0x9d, 0xf5, 0x5d, 0xf5, 0x5d,
    0x44, 0xbf, 0x44, 0x9f, 0xea, 0x53, 0xec, 0x53, 0x64, 0xa7, 0x74, 0x54, 0x5f, 0x79, 0x09, 0xbf,
    0x05, 0xff, 0x04, 0x74, 0x55, 0x72, 0x02, 0xf5, 0xff, 0x7f, 0x55, 0x7f, 0x2a, 0xff, 0x2a, 0xc9,
    0x4c, 0xf2, 0x21, 0x5e, 0xe0, 0x7e, 0x52, 0x5e, 0x08, 0xff, 0x91, 0xff, 0x14, 0x24, 0x18, 0xf7,
    0x08, 0x7f, 0x52, 0x69, 0x5e, 0x5a, 0x5e, 0x8f, 0x44, 0xff, 0x51, 0x44, 0x7f, 0xca, 0x46, 0x5d,
    0x04, 0xff, 0xaa, 0xff, 0xa0, 0xae, 0xea, 0x0e, 0x08, 0xff, 0x91, 0x7e, 0x2c, 0xff, 0x2a, 0xc9,
    0xe7, 0xe7, 0x89, 0xbf, 0x95, 0xff, 0xa5, 0xbd, 0xa4, 0xff, 0x51, 0xe4, 0xff, 0x4a, 0xe6, 0x5d,
    0x08, 0xff, 0x1c, 0x2a, 0xc9, 0x3e, 0x22, 0x3e, 0x42, 0x52, 0x4a, 0x4a, 0x42, 0x52, 0x65, 0x89,
    0x3f, 0x45, 0xdf, 0x45, 0x5f, 0x44, 0x44, 0x58, 0x24, 0x5f, 0xc2, 0x4a, 0x4a, 0x4a, 0x44, 0x5f,
    0x24, 0x5f, 0xc8, 0x54, 0x75, 0x52, 0x52, 0x59, 0x2e, 0x4a, 0xdf, 0x52, 0x5e, 0x54, 0x7f, 0x44,
    0xff, 0x95, 0xbf, 0x95, 0xbf, 0x95, 0xa5, 0xff, 0x08, 0xff, 0x0a, 0x7e, 0x48, 0x7f, 0x15, 0xe3,
    0x7e, 0x08, 0xff, 0x2a, 0xc9, 0xff, 0x14, 0x3f, 0x05, 0x7f, 0x7c, 0x54, 0x7d, 0x6a, 0x52, 0xad,
    0xf2, 0x92, 0xff, 0x82, 0xfa, 0xa2, 0xf2, 0xa6, 0x4a, 0x4f, 0xfa, 0xcf, 0x4a, 0x4f, 0x4a, 0x4f,
    0x08, 0xff, 0x14, 0xff, 0x22, 0x3e, 0xaa, 0x9d, 0x79, 0x7f, 0x55, 0x79, 0x93, 0x20, 0xaa, 0x9d,
    0x7e, 0x42, 0x7e, 0x20, 0x7f, 0x95, 0x29, 0x52, 0x44, 0xff, 0x4a, 0xf1, 0xdf, 0x55, 0x5d, 0x43,
    0x28, 0x7c, 0x14, 0x3e, 0x22, 0x7f, 0x81, 0x55, 0x7e, 0x4a, 0x7e, 0x4a, 0xff, 0x4a, 0x64, 0xc3,
    0x7e, 0x4a, 0x7e, 0x7e, 0x24, 0xff, 0x24, 0xc3, 0x17, 0xed, 0x22, 0xfc, 0x27, 0x7d, 0xa2, 0x2c,
    0x4a, 0xaf, 0x5a, 0x8f, 0xea, 0x4f, 0xea, 0x4f, 0x4e, 0xaa, 0x5f, 0x92, 0xfe, 0x54, 0xff, 0x44,
    0x7f, 0x49, 0x7f, 0x49, 0x7f, 0x22, 0x3e, 0x22, 0x24, 0xff, 0x7f, 0x2a, 0xc9, 0xff, 0x14, 0x3f,
    0x08, 0xff, 0x10, 0x21, 0x6a, 0xa4, 0x22, 0x31, 0x5f, 0xf5, 0x1f, 0xf5, 0x1f, 0xea, 0xae, 0xea,
    0x84, 0x4f, 0x05, 0xdf, 0x4a, 0x5f, 0x42, 0xbf, 0x84, 0x5e, 0x16, 0xff, 0x4a, 0x4e, 0x5a, 0xbf,
    0xff, 0xa0, 0xbe, 0xc8, 0xbe, 0x94, 0xe2, 0xff, 0x24, 0x24, 0xff, 0x24, 0x24, 0xff, 0x24, 0x44,
    0x08, 0xff, 0x10, 0x64, 0x1a, 0x74, 0x0a, 0xf1, 0x45, 0x5f, 0xe4, 0x5c, 0x54, 0x7d, 0xc2, 0x1d,
    0x08, 0xff, 0x12, 0x7d, 0x3e, 0x22, 0x3e, 0x22, 0x47, 0xf5, 0x46, 0x75, 0xd5, 0x75, 0x56, 0x54,
    0xe9, 0x52, 0x49, 0x72, 0xff, 0x6b, 0x72, 0x05, 0x00, 0x00, 0x00, 0xff, 0x00, 0x00, 0x00, 0x00,
    0x08, 0x7f, 0x08, 0xff, 0xa1, 0x3c, 0x20, 0x3e, 0x91, 0x4a, 0x9f, 0x4a, 0x11, 0x4e, 0x4a, 0x9f,
    0x8c, 0x54, 0x1f, 0xd5, 0x5f, 0x4c, 0x57, 0xbf, 0x27, 0xd8, 0x4b, 0xf7, 0x55, 0xf7, 0xd5, 0x57,
    0x24, 0xff, 0x24, 0x88, 0x4f, 0x15, 0x44, 0x9b, 0x24, 0xff, 0x24, 0x7e, 0x08, 0xff, 0x08, 0x18,
    0x5b, 0x89, 0xf2, 0xbb, 0xa9, 0xfb, 0x09, 0xb2, 0x10, 0x24, 0xfe, 0x29, 0x28, 0x28, 0x49, 0x8f,
    0x20, 0xcf, 0x89, 0xe9, 0x89, 0xef, 0x88, 0x08, 0x1f, 0xf5, 0xbf, 0xb5, 0xb5, 0xfb, 0x11, 0x1f,
    0x3c, 0x24, 0x7e, 0x42, 0x7e, 0x42, 0x7e, 0xe3, 0xff, 0x89, 0xff, 0x89, 0x95, 0xe3, 0x81, 0xff,
    0x5f, 0x55, 0xff, 0x75, 0xb5, 0xdb, 0x71, 0x9f, 0xf2, 0x12, 0xf2, 0x82, 0xf2, 0x12, 0x12, 0xe2,
    0x48, 0xa8, 0x0f, 0xf5, 0xa4, 0xe4, 0x8a, 0xf1, 0x87, 0x58, 0x95, 0x5f, 0x04, 0x5f, 0x44, 0x9f,
    0x4a, 0x52, 0x7e, 0x42, 0x5e, 0x56, 0x5e, 0x97, 0x24, 0xff, 0xe4, 0xbb, 0xc4, 0xbf, 0xca, 0x9d,
    0xe4, 0xbf, 0xd1, 0xae, 0xa0, 0xdf, 0x8a, 0x93, 0xe4, 0xaa, 0xd5, 0xae, 0xa2, 0xdf, 0x8a, 0x9d,
    0xe1, 0xbe, 0xca, 0xaf, 0xa1, 0xcf, 0x8d, 0x97, 0x26, 0xfe, 0x57, 0xfd, 0x07, 0x75, 0x57, 0x7d,
    0x02, 0xe2, 0xbf, 0xa2, 0xaa, 0xe2, 0x02, 0x06, 0x10, 0x10, 0xff, 0x20, 0x7e, 0xa2, 0x22, 0x3e,
    0x08, 0xff, 0x81, 0x7e, 0x08, 0xff, 0x08, 0x18, 0x10, 0x3e, 0x22, 0x3f, 0x20, 0x3f, 0x01, 0xab,
    0xff, 0x11, 0xd5, 0x11, 0x33, 0xdd, 0x11, 0x33, 0x9f, 0x44, 0x04, 0xdf, 0x44, 0x44, 0x4c, 0xbf,
    0xff, 0x08, 0xff, 0x89, 0xeb, 0x89, 0xeb, 0x89, 0x10, 0x67, 0x55, 0x55, 0x55, 0xf7, 0x14, 0x24,
    0x52, 0xff, 0x2d, 0xff, 0xa4, 0xff, 0x69, 0xad, 0x08, 0xff, 0xa5, 0x4e, 0xea, 0xee, 0x4d, 0xb7,
    0x7e, 0x12, 0x12, 0x7f, 0x12, 0x12, 0x22, 0xff, 0xea, 0x4f, 0x5a, 0x6f, 0xea, 0x6f, 0x6a, 0x0f,
    0x10, 0x67, 0x41, 0x41, 0x77, 0x41, 0x41, 0x7f, 0x9e, 0x12, 0x96, 0x3f, 0x21, 0x6f, 0x6b, 0xaf,
    0x06, 0xff, 0xb6, 0xbd, 0xb6, 0xff, 0x16, 0x2f, 0x0f, 0xe9, 0xaf, 0xa9, 0xaf, 0xe9, 0x0f, 0x19,
    0x2a, 0xff, 0x7f, 0x55, 0x7f, 0x77, 0x46, 0x72, 0x24, 0xff, 0xf2, 0x9f, 0xf2, 0x8a, 0xf2, 0xa6,
    0x5e, 0x92, 0xff, 0xb5, 0xbf, 0xea, 0x04, 0xab, 0x45, 0x4f, 0xe6, 0x7f, 0xac, 0xd7, 0x64, 0x87,
    0x7f, 0x7f, 0x6a, 0x7f, 0x6a, 0x7a, 0x66, 0xbb, 0x85, 0x5f, 0x84, 0x5f, 0x1f, 0x55, 0x5f, 0x95,
    0x01, 0x7e, 0x4a, 0x4a, 0x4a, 0x4a, 0x4a, 0x9d, 0xe7, 0xa5, 0xe7, 0xbd, 0x89, 0xbd, 0x89, 0xbd,
    0x0a, 0xff, 0xbb, 0xb1, 0xbf, 0xff, 0x0a, 0x06, 0x00, 0x7e, 0x00, 0xff, 0x10, 0x14, 0x22, 0x7d,
    0x9f, 0x51, 0x04, 0xdf, 0x55, 0x5f, 0x44, 0xbf, 0x3e, 0x08, 0xff, 0xab, 0x3c, 0xff, 0x12, 0x7d,
    0x24, 0xff, 0x22, 0x5c, 0xc4, 0x5f, 0x44, 0x5f, 0x5f, 0xaa, 0x0e, 0xea, 0xae, 0xea, 0x9f, 0xe2,
    0x37, 0xf9, 0xad, 0xf5, 0x52, 0xfa, 0x55, 0x79, 0x52, 0xff, 0xa5, 0x3c, 0x10, 0x7e, 0x42, 0x7e,
    0x77, 0x55, 0x77, 0x55, 0x10, 0xff, 0x14, 0x3f, 0xf1, 0x92, 0xf0, 0x21, 0xfa, 0x50, 0x71, 0xaa,
    0x04, 0xff, 0xb5, 0xf5, 0xbf, 0xa4, 0xea, 0x11, 0x08, 0x7e, 0x4a, 0x7e, 0x4a, 0x7e, 0x0d, 0xf3,
    0x52, 0xff, 0x89, 0x08, 0xff, 0x1c, 0x2a, 0xc9, 0x38, 0x00, 0x78, 0x09, 0xea, 0x2c, 0x4a, 0x99,
    0x8c, 0x40, 0x9c, 0x45, 0x1e, 0x46, 0x4d, 0x95, 0x84, 0x5f, 0x95, 0x5f, 0x15, 0x5f, 0x42, 0x9d,
    0xea, 0x5f, 0x4a, 0xff, 0x55, 0x7f, 0xca, 0x11, 0x7c, 0x24, 0x3f, 0x49, 0x95, 0x7f, 0x55, 0xff,
    0x8f, 0xe4, 0x8f, 0xf9, 0x2f, 0xf9, 0x6f, 0xb9, 0x8f, 0xe4, 0x8f, 0xf9, 0x6f, 0xf9, 0x2f, 0xb9,
    0x24, 0xff, 0x24, 0x7e, 0x4a, 0xff, 0x14, 0xe3, 0x4b, 0xbc, 0x5f, 0xd5, 0x5d, 0x59, 0x7d, 0x4b,
    0x4c, 0xe0, 0x1c, 0xe5, 0x1e, 0xe6, 0xad, 0xf5, 0x51, 0xaa, 0xff, 0x51, 0xff, 0x4a, 0xea, 0xd3,
    0x84, 0x3f, 0x8a, 0x13, 0x35, 0x5d, 0x52, 0x9d, 0x08, 0x7f, 0x5e, 0xe3, 0x5e, 0xd2, 0x4c, 0xb3,
    0x22, 0x14, 0xff, 0x22, 0xc1, 0x7f, 0x55, 0xff, 0xf7, 0xa5, 0xf5, 0xa7, 0xf4, 0x16, 0xd5, 0x29,
    0x51, 0x4a, 0xff, 0xd1, 0x5f, 0x4a, 0x4a, 0x53, 0x4e, 0xea, 0x0e, 0xe8, 0x0f, 0xf9, 0xad, 0xe2,
    0x22, 0x7f, 0x2a, 0xfa, 0x2b, 0x7a, 0x6d, 0x9f, 0xe7, 0xe7, 0x95, 0xbd, 0xa5, 0xbd, 0x99, 0xad,
    0x5f, 0xe4, 0x4f, 0xe9, 0xcf, 0x5a, 0x44, 0x5b, 0x7f, 0x6a, 0x7b, 0x47, 0x7a, 0x6a, 0x7d, 0xad,
    0x7f, 0x49, 0x49, 0x49, 0x7f, 0x41, 0x41, 0x43, 0xff, 0xbd, 0xff, 0xa5, 0xbd, 0xf5, 0x93, 0xff,
    0x5f, 0x55, 0xf7, 0x52, 0x5f, 0x7a, 0xd5, 0x1f, 0x08, 0xff, 0x22, 0xc9, 0x3e, 0x2a, 0x3e, 0x0f,
    0x08, 0xff, 0xa5, 0x3c, 0x10, 0xff, 0x14, 0x3f, 0xe1, 0x2e, 0x42, 0xeb, 0x2a, 0xaf, 0x40, 0xbf,
    0x77, 0x55, 0xf5, 0x24, 0xc7, 0x2a, 0xa1, 0x9d, 0x48, 0xff, 0x52, 0x69, 0xde, 0x5a, 0x5e, 0x4f,
    0x42, 0xfd, 0x55, 0x48, 0x7f, 0xca, 0x54, 0x6b, 0x92, 0x52, 0xa1, 0x40, 0x1e, 0x52, 0x52, 0x9e,
    0x84, 0x5f, 0x91, 0x4e, 0x1f, 0x55, 0x5f, 0x8a, 0x29, 0x49, 0x14, 0xe3, 0x28, 0x49, 0x14, 0xe3,
    0x47, 0x49, 0xe2, 0xd7, 0x55, 0x57, 0xb5, 0x97, 0x5f, 0x4a, 0xff, 0xdb, 0x5f, 0x44, 0xae, 0x9f,
    0x24, 0xff, 0x22, 0xff, 0x36, 0xff, 0x00, 0x95, 0xa4, 0x4f, 0x64, 0xbf, 0x69, 0xaf, 0x3a, 0x4d,
    0x4e, 0xa2, 0x5f, 0x84, 0xed, 0x56, 0xea, 0x55, 0x66, 0xfa, 0xdf, 0xfb, 0x9f, 0xf8, 0x69, 0xff,
    0x24, 0xff, 0x24, 0x77, 0x55, 0xf5, 0x24, 0xc7, 0x24, 0xff, 0x24, 0x7f, 0x55, 0x5d, 0x6b, 0x7f,
    0x88, 0x1e, 0x3f, 0xd2, 0x5e, 0x7a, 0x49, 0xbf, 0x4a, 0xaa, 0xf1, 0x40, 0xef, 0x49, 0xe9, 0xcf,
    0x77, 0xd5, 0x2c, 0xff, 0x24, 0x3f, 0x01, 0xab, 0x48, 0x5f, 0xea, 0x4e, 0x40, 0x7f, 0xd5, 0x3f,
    0x44, 0xea, 0x51, 0x74, 0x52, 0x50, 0x54, 0xa2, 0x9f, 0x48, 0x9f, 0x48, 0x0f, 0x51, 0x41, 0x86,
    0xdf, 0xf5, 0xdf, 0x55, 0xff, 0x4f, 0x65, 0xcb, 0xe7, 0xa5, 0xa5, 0xbd, 0x81, 0x81, 0xff, 0x81,
    0x08, 0x7e, 0x4a, 0x4a, 0x4a, 0xff, 0x14, 0xe3, 0x10, 0x7e, 0x6a, 0x7e, 0x5a, 0xff, 0x24, 0xc3,
    0x44, 0xbf, 0x44, 0xc4, 0x5f, 0x44, 0x44, 0x5f, 0x08, 0x7f, 0x48, 0x44, 0x58, 0x59, 0x69, 0x8e,
    0x5f, 0xf5, 0x5f, 0x55, 0x7f, 0xc4, 0x44, 0x44, 0x1f, 0xe4, 0xa4, 0xff, 0xa4, 0xa4, 0xe4, 0x1f,
    0x4a, 0xff, 0x4a, 0xff, 0xd5, 0x5f, 0x4a, 0x71, 0x08, 0xe8, 0x8f, 0xd5, 0xa4, 0xd4, 0x8a, 0xf1,
    0xee, 0x8a, 0xd3, 0xa0, 0xde, 0x8a, 0xe4, 0x1b, 0xff, 0x08, 0x08, 0x7e, 0x08, 0x08, 0x08, 0xff,
    0x26, 0x59, 0xbe, 0x02, 0xff, 0x99, 0x55, 0xb3, 0x48, 0xff, 0x35, 0x5f, 0xff, 0x7f, 0x44, 0x5b,
    0x2a, 0xff, 0x91, 0x3c, 0x24, 0x3f, 0x01, 0xab, 0x04, 0xfe, 0x9a, 0xde, 0xa8, 0xdf, 0x81, 0xf5,
    0x24, 0xff, 0x24, 0xff, 0x52, 0x52, 0x7e, 0xc3, 0xff, 0xa3, 0x95, 0xff, 0x89, 0xab, 0xbf, 0x81,
    0x84, 0x5f, 0x95, 0x55, 0x15, 0x5f, 0x44, 0x84, 0x24, 0xff, 0x24, 0x42, 0xab, 0x6a, 0xa2, 0x4d,
    0x24, 0x5f, 0xca, 0x5f, 0x4a, 0x4e, 0x4d, 0x57, 0x7f, 0x41, 0x7f, 0x52, 0x7d, 0x5e, 0x48, 0xbf,
    0x44, 0x5f, 0xea, 0xdf, 0x4a, 0x4e, 0x4d, 0x57, 0xe4, 0xbf, 0xea, 0xbf, 0xea, 0xae, 0xad, 0xb7,
    0x5e, 0xe4, 0x5f, 0xf5, 0xdf, 0x55, 0x5f, 0x55, 0xa4, 0xf4, 0xa4, 0x3f, 0xe4, 0x24, 0x24, 0x3f,
    0x7e, 0x04, 0x18, 0x20, 0x40, 0x81, 0x81, 0x7f, 0x28, 0x7f, 0xd2, 0x69, 0x5e, 0x5a, 0x5e, 0x4f,
    0x47, 0x75, 0xa5, 0xfd, 0x25, 0xb7, 0xa4, 0xf4, 0x7e, 0x4a, 0x7e, 0x56, 0x7e, 0x2a, 0xa1, 0x9d,
    0x9e, 0x5e, 0x92, 0x5e, 0x00, 0x5f, 0x55, 0xbf, 0x21, 0xde, 0x4a, 0xef, 0x41, 0xef, 0xcd, 0x57,
    0x08, 0x7f, 0x14, 0xff, 0x22, 0x3e, 0x22, 0x3e, 0xff, 0x10, 0x18, 0x14, 0x12, 0x10, 0x10, 0x10,
    0x28, 0x48, 0xc9, 0x4e, 0x48, 0x48, 0x49, 0x4f, 0x2f, 0x48, 0xcf, 0x49, 0x4d, 0x4a, 0x4a, 0x55,
    0x3f, 0x41, 0xdd, 0x55, 0x55, 0x5d, 0x41, 0x43, 0x30, 0x50, 0xff, 0x55, 0x55, 0x55, 0x55, 0x6f,
    0x3f, 0x44, 0xdf, 0x55, 0x55, 0x55, 0x55, 0x5f, 0x24, 0x4e, 0xc4, 0x5f, 0x44, 0x4e, 0x44, 0x5f,
    0x40, 0x47, 0xf5, 0x55, 0x55, 0x55, 0x55, 0xb7, 0xff, 0x02, 0x7a, 0x4a, 0x4a, 0x7a, 0x02, 0x06,
    0x08, 0xff, 0x08, 0x7f, 0x22, 0xff, 0x55, 0xb7, 0xff, 0x10, 0x3e, 0x22, 0x3e, 0x64, 0x18, 0xe7,
    0x44, 0x5f, 0xf1, 0x6e, 0xad, 0xd6, 0x6a, 0x95, 0x08, 0xff, 0xbd, 0x30, 0xdb, 0x2c, 0xca, 0x31,
    0x08, 0xff, 0xbd, 0x24, 0xff, 0x3e, 0xd5, 0x28, 0x22, 0xca, 0x42, 0xea, 0x43, 0xee, 0xc2, 0x42,
    0x1f, 0xf5, 0xbf, 0xf0, 0xbf, 0xb5, 0xfa, 0x15, 0x7e, 0x4a, 0x7e, 0x4a, 0xff, 0x1c, 0x2a, 0xc9,
    0x40, 0xf7, 0x55, 0xb7, 0x08, 0xff, 0x2a, 0xc9, 0xf8, 0x28, 0xaf, 0x25, 0xf4, 0x24, 0xaa, 0x31,
    0xbf, 0x41, 0x9d, 0x55, 0x15, 0x5d, 0x41, 0x83, 0x08, 0x49, 0x49, 0x8a, 0x08, 0x14, 0x22, 0xc1,
    0xff, 0x41, 0x5d, 0xf5, 0x55, 0x7d, 0xc1, 0x03, 0x4f, 0xe9, 0x2b, 0x3f, 0x51, 0xf7, 0x55, 0x57,
    0x06, 0x78, 0x08, 0xff, 0x1c, 0x2a, 0xc9, 0x08, 0x24, 0xdf, 0x51, 0xee, 0x4d, 0xf6, 0xca, 0x55,
    0x44, 0x77, 0xa2, 0x7f, 0x49, 0x7f, 0x55, 0x7f, 0x24, 0xff, 0x24, 0x29, 0x4e, 0xc8, 0x49, 0x4f,
    0x24, 0xff, 0x24, 0xff, 0x7a, 0x4a, 0x7a, 0x06, 0x24, 0xff, 0x24, 0x40, 0xf7, 0x55, 0x55, 0xb7,
    0x24, 0xff, 0x24, 0x5f, 0xdd, 0x55, 0x5d, 0x43, 0x24, 0xff, 0x24, 0x7e, 0xff, 0x2a, 0xff, 0x08,
    0x24, 0xff, 0x4a, 0x7e, 0x4a, 0xff, 0x2a, 0xc9, 0x5f, 0x55, 0xff, 0xb0, 0xff, 0x55, 0x7a, 0xd5,
    0x5f, 0xf5, 0x1f, 0xf5, 0x1f, 0xe4, 0xae, 0xf5, 0x0a, 0xff, 0xae, 0xbf, 0xae, 0xe4, 0x1f, 0x04,
    0x29, 0x4e, 0xc9, 0x4f, 0x3e, 0x22, 0x3e, 0xe3, 0x90, 0x3f, 0x15, 0xd5, 0x55, 0x57, 0x6c, 0xbf,
    0x8e, 0x4a, 0x1f, 0xd1, 0x57, 0x55, 0x40, 0xbf, 0x3e, 0xff, 0xab, 0x77, 0x71, 0x47, 0x72, 0x4d,
    0x44, 0x44, 0xff, 0xaa, 0xea, 0x44, 0x64, 0xdb, 0x4d, 0x74, 0x7f, 0xd4, 0x55, 0x5a, 0x72, 0x55,
    0x47, 0x5a, 0x5f, 0xea, 0xee, 0xfb, 0xea, 0x0d, 0x15, 0xe5, 0x24, 0xff, 0x24, 0xf5, 0x22, 0x2d,
    0x3e, 0x24, 0x24, 0xff, 0x0c, 0x14, 0x64, 0x0c, 0xff, 0x08, 0xbf, 0xab, 0xbf, 0xab, 0xbf, 0xff,
    0xf4, 0xa4, 0xf4, 0x94, 0xf4, 0xaa, 0xfa, 0x11, 0x24, 0xff, 0x24, 0x7e, 0x24, 0xff, 0x14, 0x64,
    0x47, 0x5a, 0xff, 0xaa, 0xee, 0x5b, 0x6a, 0xdd, 0x47, 0xf5, 0x57, 0xbe, 0x22, 0x22, 0x3e, 0xe3,
    0xea, 0xaf, 0xfa, 0x2f, 0x6a, 0xaf, 0x2a, 0x6f, 0x47, 0xba, 0x1f, 0xea, 0xae, 0xfb, 0x8a, 0xed,
    0x47, 0xf5, 0x57, 0xbe, 0x24, 0x3f, 0x01, 0xaa, 0x18, 0x24, 0xc3, 0x24, 0x24, 0x24, 0x24, 0x44,
    0x18, 0x24, 0xdb, 0x00, 0xff, 0x10, 0x24, 0x7a, 0x6f, 0xa5, 0x75, 0x5a, 0x5f, 0x72, 0x5f, 0x92,
    0xff, 0x81, 0xbd, 0xa5, 0xa5, 0xbd, 0x81, 0xff, 0x48, 0x5f, 0xff, 0x55, 0x5f, 0x6d, 0xce, 0x17,
    0x44, 0x5f, 0xed, 0x4f, 0x44, 0x7f, 0xda, 0x2d, 0xef, 0x29, 0x4d, 0xed, 0x29, 0xaf, 0x40, 0xbf,
    0x48, 0x5e, 0xea, 0xca, 0x7f, 0x48, 0x54, 0x63, 0x5f, 0x49, 0xe6, 0xd9, 0x44, 0x5f, 0x44, 0x5f,
    0x48, 0x5f, 0xee, 0xca, 0x7f, 0x52, 0x5f, 0x42, 0x5f, 0x50, 0xf2, 0xdb, 0x5a, 0x52, 0x52, 0x6d,
    0x44, 0x5f, 0xed, 0xcf, 0x44, 0x7f, 0x5a, 0x6d, 0x05, 0x04, 0xff, 0x04, 0x55, 0xfa, 0x52, 0x95,
    0x4f, 0xe9, 0x4f, 0x40, 0x6f, 0xc5, 0x49, 0x53, 0xe8, 0x28, 0x2f, 0xf2, 0x8a, 0x84, 0xa4, 0xfb,
    0x42, 0xfa, 0xd2, 0xfa, 0xf3, 0x6e, 0x62, 0xbf, 0x08, 0xff, 0xae, 0xea, 0xbf, 0xb2, 0xff, 0x02,
    0x45, 0xe4, 0x5f, 0xe4, 0xd5, 0x7a, 0x52, 0x55, 0x88, 0x1f, 0x8e, 0x0a, 0x3f, 0x52, 0x5f, 0x82,
    0x7f, 0x44, 0x55, 0x55, 0x64, 0x44, 0x4a, 0xb1, 0x7e, 0x52, 0x7e, 0x52, 0x7e, 0x66, 0xa5, 0x44,
    0x49, 0x7e, 0x49, 0xef, 0x10, 0x3e, 0x22, 0x3e, 0x44, 0xaa, 0x51, 0x8e, 0xe0, 0x5f, 0xea, 0x5d,
    0x24, 0xff, 0x18, 0x24, 0xe7, 0x24, 0x24, 0x44, 0x67, 0xfd, 0x72, 0x57, 0xbe, 0x3e, 0x0a, 0x7d,
    0xe7, 0xa5, 0xe7, 0x81, 0xbf, 0x95, 0xbf, 0x95, 0xf2, 0xbb, 0xd2, 0xbb, 0xa4, 0xcf, 0x89, 0x8f,
    0x7e, 0x42, 0x7e, 0x42, 0x7e, 0x42, 0x7e, 0xe3, 0x2e, 0xba, 0xfa, 0xfa, 0x9a, 0xfa, 0x6a, 0xf3,
    0x24, 0xf4, 0x2f, 0x55, 0x25, 0xd5, 0x25, 0xdb, 0x44, 0x74, 0x54, 0x96, 0x75, 0x14, 0x24, 0xc4,
    0x04, 0xff, 0xa4, 0xaa, 0xa5, 0xea, 0x06, 0x19, 0x08, 0xff, 0x89, 0x7e, 0x08, 0xff, 0x22, 0x3e,
    0x49, 0x7f, 0x44, 0x4e, 0x44, 0x5f, 0x44, 0xbf, 0x5f, 0x56, 0xfe, 0xd7, 0x5e, 0x52, 0x56, 0x5b,
    0x5f, 0xf6, 0x5e, 0xf7, 0xde, 0x52, 0x56, 0x5b, 0x9f, 0x57, 0x92, 0x5f, 0x12, 0x57, 0x52, 0xaf,
    0xef, 0x49, 0x4f, 0x7f, 0xe2, 0x7f, 0x6a, 0x06, 0x22, 0xff, 0x2a, 0x7f, 0x00, 0x7f, 0x55, 0xff,
    0x4b, 0xbc, 0x4b, 0xdd, 0x49, 0x5d, 0x49, 0x5d, 0x44, 0xff, 0x04, 0xea, 0x05, 0xea, 0xa6, 0xf9,
    0x42, 0xab, 0xef, 0x4f, 0xe9, 0x4f, 0xe6, 0xcf, 0x74, 0x5f, 0xf4, 0x9a, 0x75, 0x5a, 0x76, 0x59,
    0x9f, 0x55, 0x9f, 0x55, 0x1f, 0x44, 0x4e, 0x9f, 0x26, 0x77, 0x79, 0x76, 0x89, 0x7f, 0x36, 0x5d,
    0x44, 0x4e, 0xe4, 0xbf, 0xe4, 0x4e, 0x64, 0xdf, 0x5f, 0x40, 0xee, 0x4a, 0x4e, 0x6a, 0xce, 0x1f,
    0x44, 0xff, 0x44, 0xff, 0xd5, 0x55, 0x55, 0x44, 0x4f, 0x48, 0xef, 0xaa, 0xeb, 0x4d, 0x69, 0xd2,
    0x44, 0xa7, 0xe9, 0x55, 0xe9, 0x4f, 0xe1, 0xc3, 0x41, 0xf5, 0xfd, 0x55, 0xfd, 0x75, 0x51, 0x73,
    0x12, 0xff, 0xd2, 0xff, 0xf6, 0xff, 0x36, 0x5a, 0x20, 0x3c, 0x64, 0x18, 0x24, 0xff, 0x24, 0x3c,
    0x08, 0x7f, 0x57, 0x7d, 0x6e, 0x7d, 0x56, 0xb4, 0x44, 0xff, 0x50, 0x54, 0x74, 0xd4, 0x59, 0x6f,
    0x4a, 0xff, 0x51, 0x4e, 0x6a, 0xce, 0x4d, 0x57, 0x48, 0xee, 0x5a, 0xe4, 0xca, 0x5f, 0x4a, 0x4e,
    0x44, 0xff, 0x44, 0xea, 0xc5, 0x4a, 0x46, 0x59, 0x4e, 0xfa, 0x4b, 0xf0, 0x9e, 0x6a, 0x64, 0xbb,
    0xaa, 0x5f, 0x6e, 0xac, 0x6f, 0xaa, 0x24, 0x5b, 0xe4, 0x5f, 0x55, 0x6f, 0xfa, 0x6f, 0x6a, 0x0f,
    0x2a, 0xdf, 0x4e, 0xec, 0x4f, 0xea, 0xc4, 0x5b, 0x52, 0xff, 0xa5, 0x3c, 0x24, 0x3c, 0x19, 0xef,
    0x3c, 0xc8, 0x7f, 0x49, 0x7f, 0x49, 0x7f, 0x81, 0x22, 0x77, 0x22, 0xff, 0x55, 0xdd, 0x55, 0x99,
    0x44, 0xff, 0x4a, 0xf1, 0xea, 0x4a, 0xe4, 0x5b, 0x27, 0xfd, 0x76, 0x55, 0x75, 0xfd, 0x26, 0x64,
    0xe7, 0xa5, 0xe7, 0x9d, 0xb5, 0x89, 0xb7, 0x9d, 0xff, 0xaa, 0xce, 0xa0, 0xbf, 0xd1, 0x9f, 0x95,
    0x24, 0xff, 0x24, 0x7e, 0x4a, 0x7e, 0xff, 0x08, 0x52, 0xff, 0xbd, 0x04, 0x08, 0xff, 0x08, 0x18,
    0x0c, 0x30, 0x3f, 0x24, 0xff, 0x08, 0x49, 0x7f, 0x91, 0x3c, 0x66, 0xbd, 0x08, 0xff, 0x2a, 0xc9,
    0x27, 0xfa, 0x8f, 0x75, 0xd7, 0x25, 0xdf, 0x75, 0xf7, 0xd2, 0xf7, 0xfd, 0x47, 0x75, 0x97, 0x2d,
    0x4a, 0xfe, 0x4a, 0x5f, 0x6a, 0xde, 0x4a, 0x5e, 0x44, 0x77, 0xaa, 0x08, 0xff, 0x24, 0x24, 0xff,
    0x5f, 0xf5, 0x52, 0xfd, 0xc4, 0x5f, 0x44, 0x5f, 0x5f, 0xee, 0x4a, 0xee, 0xdf, 0x4e, 0x4a, 0x5f,
    0x2f, 0xf9, 0x2f, 0x79, 0x6e, 0xab, 0x2e, 0x33, 0x46, 0x9a, 0xff, 0xaa, 0xbe, 0xfa, 0x0a, 0xad,
    0x88, 0x53, 0x91, 0x5f, 0x08, 0x5f, 0x41, 0xab, 0x21, 0xfd, 0xad, 0x75, 0x25, 0xfd, 0x51, 0x73,
    0x0e, 0xea, 0xae, 0xa8, 0xaf, 0xf9, 0x0d, 0x02, 0x4c, 0x52, 0xe1, 0xde, 0x40, 0x5e, 0x52, 0x5e,
    0x41, 0xee, 0x42, 0x4f, 0x62, 0xcf, 0x49, 0x4f, 0x81, 0x5e, 0x84, 0x5f, 0x04, 0x5f, 0x51, 0x9f,
    0x8e, 0x4a, 0x8e, 0x48, 0x0f, 0x59, 0x4d, 0x82, 0x8e, 0x4a, 0x9f, 0x51, 0x0e, 0x4a, 0x4e, 0x8a,
    0x24, 0xff, 0x22, 0x3e, 0x20, 0x7f, 0xa1, 0x3a, 0x4e, 0xea, 0x2e, 0x48, 0xef, 0x79, 0x4d, 0x42,
    0x44, 0xff, 0x55, 0xee, 0xe4, 0x5f, 0xea, 0x4e, 0x3e, 0x22, 0x3e, 0x22, 0x3e, 0x22, 0x22, 0xff,
    0x5f, 0x95, 0xf2, 0xbd, 0xa4, 0xff, 0x04, 0xbf, 0x04, 0xe4, 0xbf, 0xa4, 0xa4, 0xe4, 0x04, 0x04,
    0x4a, 0xff, 0x40, 0xea, 0xdb, 0x4a, 0x4a, 0x4b, 0x4a, 0xff, 0x4e, 0xff, 0xce, 0x44, 0x5f, 0x44,
    0xa8, 0xef, 0x51, 0xed, 0xe5, 0x4d, 0xe8, 0x4f, 0x4c, 0xee, 0x54, 0xff, 0xc4, 0x4e, 0x55, 0x44,
    0x28, 0x5f, 0x55, 0x5d, 0x63, 0x14, 0x25, 0xc7, 0x10, 0xff, 0xa5, 0x7e, 0x2a, 0x3e, 0x09, 0x0f,
    0x24, 0xff, 0x9f, 0x04, 0x9f, 0x15, 0x5f, 0x95, 0x14, 0xe3, 0x14, 0x1c, 0xeb, 0x7e, 0x2a, 0xff,
    0x4a, 0xbf, 0xec, 0x5f, 0xed, 0x5f, 0xfe, 0xcd, 0x04, 0x17, 0xf4, 0xbf, 0xbb, 0xb5, 0xfb, 0x1f,
    0xe4, 0xee, 0xea, 0xee, 0xe8, 0x4f, 0x41, 0x55, 0x2f, 0xf4, 0x2f, 0x79, 0x6f, 0xa9, 0x29, 0x2f,
    0x24, 0xff, 0x3c, 0x08, 0xff, 0x1a, 0x28, 0xd8, 0x24, 0xff, 0x24, 0xff, 0xbd, 0x24, 0x3c, 0xff,
    0xd7, 0x79, 0xd7, 0xbc, 0xd7, 0x79, 0x71, 0x96, 0x11, 0x15, 0x95, 0x55, 0x25, 0x25, 0x51, 0x83,
    0x24, 0xff, 0x11, 0x95, 0x55, 0x25, 0x51, 0x83, 0xff, 0x20, 0x3c, 0x24, 0x34, 0x24, 0x3d, 0xe7,
    0x24, 0xf7, 0x28, 0x77, 0x52, 0x74, 0xf9, 0x27, 0x3f, 0x51, 0xdf, 0x40, 0x55, 0x55, 0x55, 0x61,
    0xff, 0x81, 0x62, 0x0f, 0xf2, 0x6a, 0x66, 0xbf, 0x08, 0xff, 0x95, 0x7e, 0x14, 0xff, 0x22, 0xcd,
    0x71, 0x25, 0x25, 0xf5, 0x25, 0x25, 0x21, 0x23, 0x54, 0xff, 0x55, 0x75, 0x55, 0xfd, 0xa5, 0xfb,
    0x44, 0x7f, 0xa5, 0x7d, 0xd5, 0x7d, 0x55, 0x7b, 0x52, 0xff, 0x24, 0xff, 0x46, 0xbd, 0x20, 0x3c,
    0x0c, 0xf4, 0xbf, 0xb5, 0xbb, 0xff, 0x04, 0x1b, 0x4a, 0x5f, 0xea, 0x4e, 0x4a, 0x7f, 0xd4, 0x1f,
    0x08, 0x3e, 0x14, 0x2a, 0xff, 0x55, 0x22, 0xd5, 0x08, 0xff, 0x81, 0x3c, 0x7e, 0x28, 0x29, 0xcf,
    0x08, 0xff, 0xbd, 0x24, 0x3c, 0x3e, 0x22, 0x3e, 0x08, 0xff, 0xa5, 0x7e, 0x3c, 0x24, 0x3d, 0xef,
    0x7e, 0x08, 0x08, 0xff, 0x08, 0x08, 0x08, 0x08, 0x22, 0xf5, 0x28, 0x77, 0x52, 0x7f, 0xf2, 0x22,
    0x08, 0x3e, 0x2a, 0x7f, 0x49, 0x7f, 0xaa, 0x9d, 0x05, 0x7f, 0x45, 0x72, 0xb5, 0x00, 0xaa, 0x9d,
    0x4e, 0x5b, 0xee, 0xcf, 0x49, 0x4f, 0x4f, 0x59, 0x43, 0x5f, 0xf2, 0xda, 0x5d, 0x62, 0x59, 0x6e,
    0x4c, 0xf4, 0x5f, 0x55, 0x7b, 0xdf, 0x44, 0x5b, 0xe8, 0x48, 0xef, 0xb2, 0xea, 0xa4, 0xe4, 0x3b,
    0x4a, 0xff, 0x4a, 0xea, 0xce, 0x4a, 0x4a, 0x4e, 0x5f, 0xe0, 0x4e, 0xea, 0xce, 0x4a, 0x4e, 0x5f,
    0x44, 0xff, 0x51, 0xee, 0xca, 0x4f, 0x49, 0x4f, 0x48, 0xe8, 0x4f, 0xf5, 0x04, 0xe4, 0x4a, 0xf1,
    0x44, 0x74, 0xa7, 0x7b, 0xd2, 0x7a, 0x52, 0x7d, 0x9f, 0x44, 0x84, 0x5f, 0x04, 0x44, 0x44, 0x84,
    0x94, 0x7f, 0xbe, 0x2a, 0x3e, 0x7f, 0x48, 0xb7, 0xbf, 0x6d, 0xbf, 0x61, 0x2d, 0x6d, 0x6d, 0xa1,
    0x88, 0x4f, 0x94, 0x4f, 0x1a, 0x4f, 0x4a, 0x8f, 0xff, 0x55, 0x5f, 0xff, 0x52, 0x7e, 0xda, 0x2d,
    0x24, 0xff, 0x24, 0x24, 0x3c, 0x24, 0x24, 0x3c, 0xf4, 0xa7, 0xf8, 0xa7, 0xf0, 0x7f, 0x55, 0xff,
    0x06, 0x78, 0x7e, 0x10, 0xff, 0x62, 0xa2, 0x3e, 0x44, 0x77, 0xa2, 0x7e, 0x08, 0xff, 0x08, 0x08,
    0x44, 0x77, 0xaa, 0xff, 0xa5, 0x3e, 0x22, 0x3e, 0x44, 0x77, 0xaa, 0x77, 0x55, 0x7f, 0x55, 0x5d,
    0x42, 0xbd, 0x55, 0x88, 0xff, 0x4a, 0xf4, 0x4b, 0x20, 0x3e, 0x48, 0x08, 0xff, 0x08, 0x49, 0x7f,
    0x22, 0xf5, 0x28, 0x7f, 0x55, 0x7f, 0xf5, 0x2f, 0x7f, 0x52, 0x72, 0x5f, 0x72, 0x52, 0x52, 0x92,
    0x2e, 0x7b, 0x5c, 0x5b, 0xfc, 0x5e, 0x5a, 0x9f, 0x24, 0xff, 0xff, 0x81, 0x3c, 0xff, 0x28, 0xcf,
    0x47, 0x75, 0xa7, 0x7f, 0xd5, 0x7f, 0x56, 0x7b, 0x44, 0xff, 0x15, 0xff, 0x15, 0xff, 0xae, 0xf5,
    0x3e, 0x2a, 0xff, 0x2a, 0x3e, 0x22, 0x3e, 0xe3, 0x9f, 0x15, 0x3f, 0xd2, 0x5e, 0x5c, 0x6b, 0xbf,
    0x5c, 0xb7, 0xf8, 0x57, 0xf8, 0x4e, 0xea, 0xdf, 0xe7, 0xa5, 0xe7, 0x9d, 0x95, 0x9d, 0x95, 0x9d,
    0xe7, 0xa5, 0xe7, 0x89, 0xbf, 0x89, 0x9d, 0xab, 0xe7, 0xa5, 0xe7, 0xa5, 0x99, 0xbd, 0x99, 0xa5,
    0xe7, 0xa9, 0xc2, 0xb7, 0xb5, 0xd7, 0x95, 0x97, 0x24, 0xf6, 0x2f, 0x79, 0x5f, 0x7a, 0xff, 0x22,
    0x44, 0xbf, 0x11, 0xee, 0xaa, 0xef, 0x89, 0xef, 0x44, 0xbf, 0x51, 0xee, 0x4a, 0xef, 0xa9, 0xef,
    0x10, 0xec, 0x14, 0x14, 0x54, 0x24, 0x55, 0x87, 0x18, 0x24, 0xdb, 0x3c, 0x08, 0x7e, 0x42, 0x7e,
    0x49, 0x7f, 0x00, 0x7f, 0x5e, 0x44, 0x7f, 0x84, 0x49, 0x7f, 0x2a, 0x7f, 0x74, 0x57, 0x7a, 0x95,
    0xee, 0x40, 0x5f, 0xea, 0x4a, 0x6a, 0xca, 0x13, 0x08, 0x7f, 0x54, 0xff, 0x6d, 0xff, 0x55, 0x9f,
    0xfe, 0xb2, 0xfe, 0xb2, 0xfe, 0xb5, 0xf6, 0x19, 0x49, 0x7f, 0x00, 0xff, 0x20, 0x7f, 0xa1, 0x3f,
    0xd8, 0x4e, 0xd8, 0x4f, 0x2e, 0xf6, 0x96, 0xfb, 0x7f, 0x54, 0x5f, 0x74, 0x5f, 0x52, 0x5e, 0xb3,
    0x7f, 0x50, 0x5a, 0x7f, 0x5a, 0x5f, 0x5a, 0x9f, 0x0f, 0x64, 0x0f, 0xf9, 0x6f, 0x69, 0x6f, 0xb9,
    0x27, 0xfa, 0x57, 0xfd, 0x97, 0xe5, 0x97, 0xed, 0x7f, 0x52, 0x7f, 0x6d, 0x7f, 0x55, 0x7f, 0x95,
    0x18, 0x24, 0xc3, 0x08, 0x2e, 0x28, 0x28, 0xff, 0x24, 0x5f, 0xc4, 0x5f, 0x51, 0x4a, 0x44, 0x5b,
    0x3c, 0xc8, 0x7f, 0x5e, 0x52, 0x56, 0x51, 0x9f, 0x08, 0xff, 0x7e, 0x24, 0xff, 0x7e, 0x42, 0x7e,
    0x77, 0x5d, 0xff, 0x14, 0xe3, 0x77, 0x55, 0x77, 0x24, 0x7e, 0x24, 0x24, 0xff, 0x4a, 0x9d, 0x3e,
    0x08, 0x7e, 0x14, 0x62, 0xff, 0x52, 0x72, 0x06, 0x44, 0x5f, 0xee, 0x6a, 0xae, 0xdf, 0x6a, 0x8e,
    0x08, 0xff, 0x91, 0x7e, 0x24, 0xff, 0x52, 0x76, 0x44, 0x5f, 0x44, 0xff, 0xf1, 0xea, 0xe4, 0x1b,
    0x24, 0x18, 0x64, 0xff, 0x28, 0x7e, 0xaa, 0x2a, 0x29, 0x4a, 0x29, 0x4a, 0xff, 0x4a, 0x44, 0xab,
    0x7e, 0x02, 0x7e, 0x41, 0x7f, 0x2a, 0xa5, 0x9d, 0x5f, 0xf5, 0x5f, 0x6e, 0xce, 0x44, 0x5f, 0x44,
    0x2e, 0xfa, 0x2a, 0x7a, 0x6a, 0xaa, 0x2a, 0x33, 0x48, 0xef, 0x56, 0x7f, 0x56, 0x5f, 0x56, 0xa9,
    0xef, 0xaa, 0xea, 0xbf, 0xe6, 0x86, 0xaa, 0xd3, 0x57, 0xfd, 0x57, 0x75, 0x57, 0xfd, 0x55, 0x8b,
    0x4a, 0xff, 0x4a, 0xee, 0xca, 0x5f, 0x4a, 0x51, 0x08, 0xff, 0x22, 0x7d, 0x2a, 0xff, 0x2a, 0xc9,
    0x49, 0xf2, 0x49, 0xf2, 0xdf, 0x4b, 0x52, 0x45, 0x2e, 0xa2, 0xae, 0xbf, 0xb5, 0x2e, 0x2e, 0x44,
    0x4e, 0xfa, 0xab, 0xf0, 0x4e, 0xaa, 0x64, 0xbb, 0x40, 0x7e, 0x80, 0x38, 0xfc, 0x54, 0x25, 0xd3,
    0x90, 0x5f, 0xa0, 0x4c, 0x1e, 0x42, 0x42, 0x81, 0x29, 0x4a, 0x29, 0x4a, 0xff, 0x7a, 0x54, 0x7b,
    0x42, 0xec, 0x28, 0x2f, 0x4a, 0xea, 0x4a, 0x52, 0x3e, 0x08, 0xff, 0x2a, 0xdd, 0x08, 0xff, 0x18,
    0x2a, 0xc4, 0x5a, 0xff, 0x54, 0xff, 0xd5, 0x55, 0x4f, 0xa1, 0x41, 0x8f, 0xe8, 0x48, 0xe9, 0x4f,
    0x52, 0xbf, 0x55, 0xed, 0x52, 0x7a, 0x7a, 0x55, 0x4f, 0xe9, 0x4f, 0xef, 0x49, 0x4f, 0xa6, 0x9b,
    0x4f, 0xe1, 0x01, 0xef, 0x08, 0xe8, 0xa9, 0xef, 0x08, 0x3e, 0xff, 0x22, 0x3e, 0x22, 0x3e, 0xe3,
    0x27, 0x71, 0x27, 0xfc, 0x24, 0x77, 0x60, 0x9f, 0x48, 0xe8, 0x5e, 0xea, 0xea, 0x4a, 0xea, 0x53,
    0x3f, 0xb5, 0x7f, 0x2e, 0xfe, 0x64, 0x7f, 0x84, 0x4e, 0xaa, 0x0a, 0xea, 0xaa, 0xea, 0x8a, 0xf3,
    0xe4, 0xdf, 0xea, 0xd1, 0xff, 0x35, 0xbd, 0x43, 0x20, 0x7e, 0x7e, 0x4a, 0x7e, 0x2a, 0x2d, 0xcf,
    0x70, 0xfc, 0x54, 0xfe, 0x92, 0xfe, 0x11, 0x1f, 0x34, 0x5e, 0xca, 0x4f, 0x51, 0x5f, 0x61, 0x5b,
    0x2a, 0x5f, 0xc4, 0x5f, 0x4c, 0x5f, 0x4a, 0x5d, 0x44, 0x5f, 0xe4, 0x7f, 0xb1, 0xca, 0x64, 0x9b,
    0x08, 0xff, 0x81, 0x3c, 0x24, 0x3c, 0x24, 0xff, 0x35, 0xf4, 0xbf, 0xe4, 0xb5, 0xfa, 0xb2, 0xfd,
    0x44, 0xff, 0x44, 0x7f, 0xd1, 0x4a, 0x44, 0x5b, 0x57, 0xfa, 0x57, 0x5b, 0x66, 0xff, 0x56, 0x69,
    0x54, 0xfc, 0x57, 0x7b, 0x52, 0xfa, 0x52, 0x8d, 0xca, 0xff, 0xc4, 0x5f, 0x6c, 0xdf, 0x4a, 0x5d,
    0xaf, 0xc5, 0x82, 0xef, 0x85, 0xee, 0x4c, 0xb3, 0x42, 0xfc, 0x34, 0x3f, 0x54, 0xf4, 0x52, 0x59,
    0x14, 0x7f, 0x08, 0xff, 0x25, 0xff, 0x24, 0x6b, 0x4a, 0x5f, 0xe4, 0xbf, 0xec, 0x5f, 0x6a, 0xdd,
    0x44, 0xff, 0x11, 0xee, 0x0a, 0xee, 0xaa, 0xff, 0x4a, 0xff, 0x04, 0xff, 0x0c, 0xff, 0xaa, 0xfd,
    0x48, 0xef, 0x51, 0x4b, 0x65, 0xcf, 0x45, 0x4b, 0x24, 0xff, 0x40, 0x7f, 0x81, 0x55, 0x39, 0x57,
    0xa8, 0xef, 0x51, 0xeb, 0xe5, 0x4f, 0xe5, 0x4b, 0x08, 0xff, 0x08, 0x7e, 0x00, 0x7e, 0x42, 0x7e,
    0x08, 0xef, 0xb0, 0xae, 0xa4, 0xe8, 0x11, 0x0f, 0x17, 0xfb, 0xd3, 0xfd, 0xc4, 0xdf, 0x04, 0x1b,
    0x24, 0xff, 0x24, 0x7f, 0x60, 0xaf, 0x29, 0x2f, 0x5e, 0xe4, 0x5f, 0xed, 0xd4, 0x5f, 0x5b, 0x55,
    0x44, 0xef, 0x04, 0xef, 0x00, 0xef, 0xa9, 0xef, 0xe4, 0x47, 0x44, 0x74, 0xdf, 0x59, 0x79, 0x0f,
    0x48, 0xef, 0x54, 0xe4, 0xdf, 0x44, 0x44, 0x44, 0x3e, 0x08, 0xff, 0x2a, 0xdd, 0x6b, 0x1c, 0xeb,
    0x27, 0x75, 0x25, 0xfd, 0x25, 0x57, 0xf4, 0x04, 0x08, 0xff, 0x9d, 0x34, 0x08, 0xff, 0x22, 0x3e,
    0xeb, 0xbf, 0xeb, 0xbf, 0xeb, 0xb7, 0xbe, 0xa2, 0x0e, 0x7f, 0x4e, 0x79, 0x4e, 0x5f, 0x50, 0x9f,
    0x8a, 0x5f, 0x04, 0xd5, 0x5f, 0x44, 0x48, 0xbf, 0x06, 0x38, 0x20, 0x3f, 0x24, 0x24, 0x24, 0xff,
    0x10, 0x1e, 0x12, 0x22, 0x44, 0x0c, 0x12, 0xe1, 0x28, 0x48, 0xde, 0x4a, 0x4a, 0x4a, 0x52, 0x63,
    0x24, 0x44, 0xdf, 0x44, 0x44, 0x4e, 0x55, 0x44, 0x7e, 0x22, 0x24, 0x3e, 0x32, 0x2a, 0x44, 0xbb,
    0x0f, 0xe9, 0xaa, 0xaf, 0xa9, 0xed, 0x12, 0x2d, 0x08, 0xff, 0xa5, 0x3c, 0x10, 0x7e, 0x42, 0x7e,
    0x7e, 0x02, 0x7e, 0x80, 0xff, 0x01, 0x01, 0x06, 0x38, 0x48, 0x7e, 0x02, 0x7e, 0x2a, 0xa1, 0x9d,
    0x34, 0x24, 0xf7, 0x29, 0xb5, 0x62, 0xb2, 0x2d, 0x2f, 0xf4, 0x24, 0x77, 0x69, 0xa1, 0x21, 0x26,
    0x0a, 0xff, 0x08, 0x6a, 0x1c, 0x2a, 0xc9, 0x18, 0x8f, 0x49, 0x8a, 0x4f, 0x09, 0x4d, 0x52, 0xad,
    0x84, 0x5f, 0x82, 0x4a, 0x0a, 0x4a, 0x44, 0x9f, 0x3c, 0x48, 0x14, 0xe3, 0x28, 0x49, 0x14, 0xe3,
    0xe5, 0x5f, 0x44, 0xf5, 0x4e, 0x6e, 0xd5, 0x04, 0x08, 0xff, 0xa5, 0x46, 0x10, 0x7c, 0x25, 0xc7,
    0x08, 0xff, 0xa5, 0x46, 0x74, 0x57, 0xf9, 0x57, 0x44, 0x77, 0xa2, 0x7c, 0x3e, 0x32, 0x4c, 0xb3,
    0x4f, 0xa9, 0x4a, 0x8f, 0xe9, 0x4d, 0xea, 0x55, 0x42, 0xaa, 0x4a, 0x8a, 0xeb, 0x5e, 0xe2, 0x42,
    0x46, 0xa9, 0x50, 0x8f, 0xe0, 0x4f, 0xe9, 0x4f, 0x5f, 0x51, 0x51, 0x5f, 0x51, 0x51, 0x51, 0x5f,
    0x48, 0x48, 0x7e, 0x88, 0x08, 0xff, 0x08, 0x08, 0x08, 0x7e, 0x08, 0x08, 0xff, 0x10, 0x22, 0xfd,
    0x7f, 0x7f, 0x44, 0x7f, 0x44, 0x5f, 0x51, 0x9f, 0x7f, 0x40, 0x7e, 0x42, 0x42, 0x7e, 0x40, 0x7f,
    0x4f, 0xe8, 0x4f, 0x49, 0x69, 0xcf, 0x48, 0x4f, 0x58, 0xfe, 0x5a, 0x5a, 0x7a, 0xeb, 0x50, 0x6f,
    0x2a, 0xff, 0x22, 0xdd, 0x3e, 0xff, 0x08, 0x18, 0x9f, 0x90, 0x5e, 0x9f, 0x08, 0xff, 0x2a, 0xc9,
    0x0e, 0x7f, 0x48, 0x5f, 0x4f, 0x40, 0x6d, 0xbf, 0x48, 0xef, 0x14, 0xe4, 0x1f, 0xe4, 0xa4, 0xe4,
    0xef, 0xa8, 0xef, 0x49, 0x69, 0xcf, 0xc8, 0xef, 0x4f, 0xaf, 0xea, 0x4f, 0xea, 0x4f, 0xed, 0xd7,
    0x8e, 0x54, 0xbf, 0x55, 0x1f, 0x55, 0x5f, 0xab, 0x53, 0xbf, 0x4b, 0xdf, 0x4a, 0x3e, 0xff, 0x6a,
    0x38, 0xc8, 0x7e, 0x4a, 0x7e, 0x4a, 0x7e, 0x95, 0x08, 0xff, 0x22, 0x7e, 0x04, 0x08, 0x08, 0x18,
    0x08, 0xff, 0x22, 0x7e, 0x04, 0xff, 0x08, 0x18, 0x08, 0xff, 0x3e, 0x22, 0x3e, 0x08, 0x4a, 0x99,
    0x2a, 0x4a, 0xdf, 0x4a, 0x4a, 0x5f, 0x4a, 0x51, 0x24, 0x5f, 0xc4, 0x55, 0x5f, 0x44, 0x4a, 0x51,
    0x2e, 0x5f, 0xca, 0x55, 0x44, 0x5f, 0x51, 0x55, 0x46, 0x6a, 0x52, 0x6a, 0x7e, 0x28, 0x29, 0xcf,
    0x22, 0xf7, 0x55, 0xff, 0x55, 0x77, 0x66, 0xbb, 0x24, 0x24, 0xff, 0x24, 0x24, 0xff, 0x24, 0xc2,
    0x81, 0xa5, 0x95, 0x89, 0x95, 0xa3, 0x81, 0xff, 0x48, 0x5e, 0xea, 0x40, 0x52, 0x7f, 0x5b, 0x5b,
    0xff, 0xbe, 0x88, 0xbe, 0x88, 0x88, 0xbe, 0xff, 0x5f, 0x97, 0xbf, 0xb7, 0xff, 0xb3, 0x36, 0x5a,
    0x02, 0xea, 0xaa, 0xaa, 0xab, 0xfe, 0x02, 0x02, 0x3e, 0xff, 0x22, 0xdd, 0x14, 0x7f, 0x55, 0x5d,
    0x44, 0x5f, 0xea, 0x5f, 0x49, 0x6f, 0xca, 0x13, 0x44, 0x5f, 0x44, 0xf5, 0xff, 0xe4, 0xea, 0x11,
    0xe9, 0x3f, 0xe4, 0x9f, 0xf5, 0x3f, 0x25, 0xdf, 0xff, 0x2e, 0xee, 0x9f, 0xee, 0x2e, 0x2e, 0xdf,
    0x44, 0x5f, 0xe4, 0xc4, 0x5f, 0x44, 0x49, 0x5f, 0xee, 0x4a, 0x6e, 0xd3, 0x00, 0x2a, 0xa5, 0x9d,
    0x24, 0x7e, 0x24, 0xff, 0x24, 0xd3, 0x50, 0x95, 0x44, 0xff, 0x44, 0x55, 0x7f, 0xc4, 0x4a, 0x51,
    0x24, 0x7c, 0x27, 0xf9, 0x55, 0xa2, 0x72, 0x2d, 0x4e, 0xff, 0x4a, 0xf5, 0xc4, 0x5f, 0x51, 0x55,
    0x9f, 0x51, 0x91, 0x5f, 0x0a, 0x4a, 0x52, 0xa3, 0xbf, 0x44, 0x64, 0xbf, 0x64, 0xa4, 0x24, 0x5f,
    0xa4, 0x5f, 0x64, 0xb5, 0x7f, 0xa4, 0x2a, 0x51, 0x8e, 0xff, 0x4a, 0xf5, 0x44, 0x5f, 0xb1, 0x95,
    0xe8, 0xaf, 0xf1, 0xab, 0xed, 0xaf, 0xa1, 0xa3, 0x08, 0x1e, 0x4a, 0xf7, 0x55, 0x3e, 0x3e, 0x22,
    0x7f, 0x5d, 0x77, 0x5d, 0x77, 0xff, 0x22, 0xc1, 0x22, 0xff, 0x1c, 0xff, 0x36, 0xdd, 0x22, 0x2a,
    0x5f, 0xb5, 0x5e, 0xb7, 0x7d, 0x33, 0x56, 0x9a, 0x44, 0xbf, 0xea, 0x5f, 0xe9, 0x4f, 0xea, 0xd3,
    0x5b, 0xdb, 0xf6, 0x9b, 0x3c, 0xff, 0x24, 0x3c, 0x5b, 0xdb, 0xf6, 0x9b, 0x3c, 0xe7, 0x3c, 0xf3,
    0x54, 0xf7, 0x7d, 0x92, 0x7d, 0x7f, 0x01, 0xaa, 0x28, 0x57, 0xd5, 0x55, 0x55, 0x5d, 0x56, 0x44,
    0xa7, 0xba, 0x27, 0x3b, 0x26, 0x7f, 0x56, 0xa9, 0x08, 0x7f, 0x2a, 0xff, 0x22, 0xff, 0x14, 0xe7,
    0x04, 0xff, 0xae, 0xff, 0xaa, 0xbf, 0xea, 0x13, 0x55, 0xff, 0x14, 0x7f, 0x3e, 0x7f, 0x2a, 0xc9,
    0x7f, 0x7f, 0x40, 0x7f, 0x41, 0x5d, 0x55, 0x9d, 0x14, 0x7f, 0x55, 0x55, 0x7f, 0x55, 0x55, 0x7f,
    0x5f, 0xe4, 0x47, 0xfd, 0xd6, 0x5d, 0x44, 0x5f, 0x7f, 0x08, 0x08, 0x7e, 0x08, 0x0a, 0x0a, 0xff,
    0x5f, 0xf1, 0x5f, 0xf1, 0xdf, 0x5b, 0x5f, 0x51, 0x22, 0xbc, 0x24, 0xff, 0x24, 0x74, 0xa4, 0x24,
    0x2a, 0x5f, 0xca, 0x5f, 0x55, 0x5f, 0x4e, 0x5f, 0x54, 0xff, 0x55, 0xfd, 0xad, 0xfd, 0x75, 0xfb,
    0x48, 0x4f, 0xf1, 0x4d, 0x45, 0x69, 0xc1, 0x03, 0x08, 0x7f, 0x49, 0x49, 0x49, 0x49, 0x4b, 0x08,
    0x44, 0xaf, 0xe9, 0x4f, 0xe4, 0x5f, 0xf5, 0xd5, 0x02, 0x3c, 0x20, 0x3f, 0x24, 0x24, 0x44, 0x84,
    0x28, 0x48, 0x4f, 0x71, 0x64, 0x64, 0x6a, 0xb1, 0x48, 0xa8, 0xef, 0x55, 0xe4, 0x44, 0xea, 0xd1,
    0xe7, 0x42, 0xe7, 0x18, 0x24, 0xdb, 0x3c, 0x08, 0x22, 0xff, 0x77, 0xaa, 0x3e, 0xff, 0x2a, 0xc9,
    0x18, 0x24, 0xff, 0x2c, 0x34, 0xff, 0x95, 0xbb, 0x44, 0x77, 0xa2, 0x74, 0x5f, 0x75, 0x55, 0x9b,
    0xf7, 0xa5, 0xf2, 0xf5, 0x12, 0xfd, 0x2a, 0xc9, 0x24, 0xff, 0x04, 0x78, 0x40, 0x7f, 0x48, 0x88,
    0x22, 0xff, 0x22, 0x7f, 0x7f, 0x5d, 0x6b, 0x7f, 0x44, 0xea, 0x31, 0x4e, 0xe0, 0x6e, 0x42, 0x44,
    0x4a, 0xff, 0x2a, 0x55, 0xee, 0x7f, 0x44, 0x55, 0x4a, 0xff, 0x0a, 0xff, 0x15, 0xff, 0xae, 0xff,
    0x82, 0x5c, 0x10, 0xdf, 0x52, 0x52, 0x62, 0xbf, 0x08, 0x14, 0x22, 0xdd, 0x08, 0x7f, 0x2a, 0x7f,
    0x04, 0xea, 0xb1, 0xae, 0xa0, 0xee, 0x02, 0x04, 0x5e, 0xb2, 0xfe, 0x52, 0xfe, 0x55, 0xf6, 0xd9,
    0x10, 0x10, 0xfc, 0x14, 0x14, 0x24, 0x45, 0x87, 0x3e, 0x52, 0xde, 0x52, 0x5e, 0x7f, 0x52, 0x61,
    0x20, 0x3f, 0x41, 0xbd, 0x25, 0x25, 0x3d, 0x03, 0xff, 0x80, 0xa4, 0x94, 0x88, 0x94, 0xe0, 0xff,
    0xa8, 0x4f, 0x71, 0xaf, 0x6b, 0xaf, 0x21, 0x43, 0xe4, 0x47, 0x49, 0xf1, 0x42, 0x64, 0xca, 0x11,
    0x4f, 0x78, 0xaf, 0x29, 0xf9, 0x2f, 0x58, 0x8f, 0x22, 0xff, 0x2a, 0xff, 0x08, 0x7e, 0x42, 0x7e,
    0x4f, 0xe8, 0xad, 0xed, 0xaa, 0xfd, 0x68, 0xaf, 0xef, 0xc8, 0xed, 0xcd, 0xea, 0x2d, 0xa8, 0x4f,
    0xf1, 0xa6, 0xf4, 0xa7, 0xf5, 0x15, 0xd5, 0x2f, 0xf4, 0xa7, 0xf9, 0xa1, 0xf5, 0x15, 0xd1, 0x23,
    0x3e, 0x22, 0x3e, 0x22, 0x3e, 0xff, 0x22, 0x41, 0x3e, 0x2a, 0x7f, 0x4b, 0x5d, 0x20, 0xaa, 0x9d,
    0x0e, 0x7f, 0x4e, 0x79, 0x4e, 0x6a, 0x7f, 0x92, 0x04, 0xea, 0xbf, 0xaa, 0xae, 0xed, 0x0a, 0x0d,
    0x08, 0xff, 0xa5, 0x46, 0x00, 0x7e, 0x08, 0xff, 0x2f, 0x4d, 0xcf, 0x44, 0x5f, 0x55, 0x57, 0x5d,
    0x08, 0xff, 0xad, 0x3c, 0x2c, 0xff, 0x8d, 0xbb, 0x8f, 0x4d, 0x0f, 0xc4, 0x5f, 0x57, 0x5d, 0xbf,
    0xef, 0xad, 0xcf, 0xa4, 0xbf, 0xd5, 0x97, 0x9d, 0x08, 0x7e, 0x4a, 0x7e, 0xff, 0x89, 0xff, 0x08,
    0x52, 0xfb, 0x49, 0xff, 0xd7, 0x5f, 0x53, 0x5a, 0x49, 0xad, 0xed, 0x4d, 0xed, 0x4d, 0xe9, 0xd1,
    0x7f, 0x41, 0x7f, 0x65, 0x5f, 0x51, 0x5f, 0x91, 0x7f, 0x7f, 0x44, 0x55, 0x5f, 0x44, 0x55, 0x9f,
    0x5f, 0xff, 0x52, 0x5b, 0x7f, 0xd2, 0x5b, 0x6f, 0x08, 0xff, 0xa3, 0x7f, 0x7f, 0x44, 0x65, 0xbf,
    0x09, 0xfe, 0x2c, 0xcb, 0x3e, 0x3e, 0x22, 0x3e, 0xa6, 0xea, 0x5a, 0xeb, 0xea, 0x4a, 0xea, 0x4b,
    0x49, 0xbe, 0x5d, 0xff, 0x49, 0x3e, 0x22, 0x3e, 0x08, 0xff, 0xa5, 0xce, 0x04, 0xdf, 0x04, 0xdf,
    0x54, 0xf7, 0x74, 0x57, 0x74, 0x57, 0x00, 0x95, 0xef, 0xaf, 0xcf, 0xa0, 0xbf, 0xcd, 0x8a, 0x9d,
    0x3c, 0x48, 0x14, 0xe3, 0x2a, 0xff, 0x2a, 0xc9, 0xff, 0x7f, 0x55, 0x7f, 0x08, 0xff, 0x2a, 0xc9,
    0x4e, 0xaa, 0x5f, 0x95, 0xff, 0x44, 0xee, 0x55, 0x1c, 0x08, 0x77, 0x22, 0x49, 0xff, 0x2a, 0xc9,
    0x5e, 0xaa, 0xff, 0x4e, 0xea, 0x5e, 0xfa, 0xcd, 0x74, 0xff, 0x75, 0x75, 0x25, 0xfb, 0x00, 0x95,
    0x7e, 0x12, 0xff, 0x12, 0x7e, 0x3e, 0x62, 0xbe, 0x22, 0xff, 0x1c, 0xff, 0x2a, 0x3e, 0xff, 0x95,
    0x49, 0xed, 0x0d, 0xed, 0x0d, 0xed, 0xa9, 0xf1, 0xf5, 0x57, 0xfa, 0x57, 0xf2, 0x47, 0xf2, 0x72,
    0xff, 0x89, 0xff, 0x4a, 0x7e, 0x4a, 0xff, 0x08, 0xf7, 0x55, 0xfe, 0x55, 0xf5, 0x45, 0xf6, 0x74,
    0x24, 0x74, 0x24, 0xfe, 0x25, 0x74, 0x24, 0xfc, 0x47, 0xf5, 0x57, 0x88, 0xff, 0x6a, 0xa4, 0x33,
    0x27, 0xf5, 0x16, 0x25, 0x75, 0xa5, 0x26, 0x24, 0x27, 0x58, 0xca, 0x54, 0x49, 0x7f, 0x54, 0x65,
    0x2f, 0x44, 0xef, 0x79, 0x6f, 0x79, 0x4f, 0x59, 0xf9, 0x55, 0x55, 0xfd, 0x55, 0x55, 0x51, 0x93,
    0x7e, 0x42, 0x42, 0x7e, 0x28, 0x28, 0x49, 0x8f, 0xf4, 0x77, 0x5d, 0x72, 0x4d, 0xbe, 0x22, 0x3e,
    0x08, 0x7e, 0x08, 0xff, 0x08, 0x7e, 0x08, 0xff, 0xe4, 0x4e, 0x44, 0xff, 0x44, 0x6e, 0xc4, 0x1f,
    0xf5, 0x55, 0xfd, 0x51, 0x93, 0x7e, 0x08, 0xff, 0x4f, 0xe5, 0x45, 0xeb, 0x08, 0xff, 0x14, 0xe3,
    0xf9, 0x56, 0x50, 0xf9, 0x56, 0x50, 0x51, 0x96, 0x5e, 0xaa, 0x44, 0xdb, 0x44, 0x4e, 0x44, 0x5f,
    0x08, 0xff, 0x4a, 0x4a, 0x7e, 0x2a, 0xa5, 0x9d, 0x08, 0x7f, 0x54, 0x7f, 0x55, 0x6e, 0x4c, 0xb3,
    0x22, 0xf7, 0x22, 0xff, 0x7e, 0x2a, 0xa1, 0x9d, 0x12, 0xe7, 0xfd, 0x55, 0x77, 0x0a, 0xa1, 0x9d,
    0x4e, 0xea, 0x4e, 0x48, 0x6f, 0xd9, 0x4d, 0x42, 0x4a, 0xef, 0x5a, 0x4f, 0x6a, 0xdf, 0x49, 0x53,
    0x54, 0xf4, 0x57, 0x79, 0x95, 0x52, 0x12, 0x6d, 0x7e, 0x7e, 0x08, 0xff, 0x42, 0x7e, 0x2a, 0xc9,
    0x44, 0xee, 0x44, 0xff, 0xc4, 0x4e, 0x44, 0x5f, 0x87, 0x5c, 0x95, 0x4a, 0x1f, 0x5f, 0x44, 0x9b,
    0x04, 0xee, 0xe4, 0xff, 0xe4, 0xee, 0x04, 0x1f, 0x25, 0xdf, 0x4c, 0xf7, 0x4e, 0xee, 0xca, 0x4e,
    0x0e, 0x70, 0x14, 0x28, 0x12, 0xfd, 0x2a, 0xc9, 0x5e, 0xaa, 0x44, 0x9b, 0xe4, 0x4e, 0xe4, 0x5f,
    0x52, 0xbb, 0x52, 0x9f, 0xf6, 0x5b, 0xf2, 0x5f, 0x26, 0xff, 0x76, 0xf9, 0x2a, 0xfd, 0x2a, 0xc9,
    0xff, 0xa5, 0xff, 0x74, 0x24, 0xf6, 0x25, 0xf4, 0x24, 0xff, 0x14, 0x08, 0xf7, 0x3e, 0x08, 0xff,
    0x24, 0xff, 0x00, 0xf9, 0x55, 0xfd, 0x51, 0x93, 0x52, 0xff, 0x89, 0x3e, 0x2a, 0x3e, 0x0a, 0x7d,
    0x44, 0xe4, 0x1f, 0xe4, 0x04, 0xe4, 0xa4, 0xe4, 0x4a, 0xec, 0x09, 0xe7, 0x09, 0xef, 0xa9, 0xef,
    0x54, 0xf7, 0x7d, 0x92, 0x3d, 0xff, 0x24, 0x3c, 0x5e, 0xea, 0x44, 0xfb, 0xe4, 0x4e, 0xe4, 0x5f,
    0xff, 0x54, 0x2f, 0xd9, 0x2f, 0x79, 0x2f, 0xf9, 0x24, 0xce, 0xaa, 0xee, 0x48, 0xef, 0x41, 0xb5,
    0x24, 0xff, 0x24, 0x7e, 0x00, 0xff, 0x24, 0x7a, 0x88, 0x57, 0x15, 0xd5, 0x5d, 0x56, 0x44, 0xbf,
    0x64, 0xbf, 0x7e, 0x5a, 0x5e, 0x74, 0x0e, 0xb5, 0x31, 0xfd, 0xbd, 0xa5, 0xd5, 0xb5, 0xd9, 0xb3,
    0x25, 0xff, 0x24, 0x74, 0x55, 0x72, 0xfa, 0x25, 0xf6, 0x6b, 0xf6, 0x49, 0x3c, 0xff, 0x08, 0x18,
    0x94, 0x3c, 0xaf, 0x3d, 0x15, 0x7a, 0x4a, 0x95, 0xed, 0xb4, 0xcf, 0xa9, 0xa9, 0xcf, 0x8c, 0x95,
    0x4b, 0xf0, 0x4f, 0xf9, 0xc9, 0x49, 0x49, 0x4b, 0x2d, 0x57, 0xcb, 0x51, 0x44, 0x5f, 0x4e, 0x55,
    0x40, 0x7f, 0x49, 0x8a, 0x08, 0x14, 0x22, 0xc1, 0x88, 0x5e, 0x8a, 0x4a, 0x3f, 0x48, 0x54, 0xa3,
    0x97, 0x3b, 0x95, 0x3a, 0x0c, 0x5f, 0x44, 0x95, 0x08, 0xff, 0x81, 0x0c, 0x24, 0x24, 0x42, 0x81,
    0x44, 0xaf, 0x44, 0x8f, 0xe0, 0x4f, 0xe9, 0x4f, 0x10, 0x7f, 0x55, 0x55, 0x55, 0x55, 0x55, 0xff,
    0x48, 0xfe, 0x0a, 0xea, 0x1f, 0xe8, 0xb4, 0xe3, 0x3f, 0x21, 0x3f, 0x21, 0x3f, 0x21, 0x41, 0x83,
    0x2a, 0x4f, 0xd2, 0x42, 0x5f, 0x42, 0x42, 0x42, 0x24, 0x4a, 0xd5, 0x5f, 0x55, 0x5f, 0x44, 0x5b,
    0x5a, 0x7f, 0xcc, 0x7f, 0x56, 0x6d, 0x48, 0x4e, 0x3a, 0x4f, 0xcb, 0x57, 0x5a, 0x4f, 0x4a, 0x57,
    0x24, 0xff, 0x2a, 0xff, 0x2a, 0x7e, 0x6a, 0xa9, 0x52, 0xff, 0x24, 0xff, 0x42, 0xbd, 0x14, 0x2c,
    0x21, 0x55, 0xad, 0xfd, 0xad, 0xfd, 0x21, 0xdb, 0x04, 0xff, 0xb1, 0xae, 0xaa, 0xee, 0x0a, 0x1f,
    0xff, 0xb5, 0xff, 0xad, 0xdb, 0x91, 0x9d, 0xff, 0xf7, 0xa5, 0xf2, 0xf5, 0x08, 0x7e, 0x08, 0xff,
    0x4a, 0x5f, 0xec, 0x7f, 0xad, 0xdf, 0x4e, 0xb5, 0xe8, 0x3e, 0x4b, 0xfe, 0x28, 0xbe, 0x48, 0xbf,
    0x08, 0xff, 0x9d, 0x7e, 0x1c, 0x7e, 0xaa, 0x9d, 0x77, 0xd2, 0xf5, 0x72, 0xa7, 0x00, 0xaa, 0x9d,
    0x52, 0xff, 0x42, 0x99, 0x3c, 0xff, 0x08, 0x18, 0x5a, 0xff, 0x4c, 0x7f, 0xd6, 0x6d, 0x48, 0x4e,
    0x44, 0xea, 0x55, 0xff, 0xd5, 0x5f, 0x4a, 0x51, 0x48, 0xef, 0x54, 0xef, 0xda, 0x4f, 0x4a, 0x4f,
    0x08, 0x7e, 0x7f, 0x95, 0x7e, 0x28, 0xff, 0x08, 0x0a, 0x08, 0xff, 0x08, 0x08, 0x14, 0x22, 0xc1,
    0x23, 0xfa, 0x27, 0xfa, 0xda, 0xaa, 0xfd, 0xad, 0xff, 0x4a, 0x4a, 0x7f, 0xea, 0x6a, 0x6a, 0x12,
    0xff, 0x49, 0x4f, 0x6f, 0xe9, 0x6f, 0x66, 0x1b, 0x4f, 0xa9, 0x4f, 0x8f, 0xe9, 0x4f, 0xe9, 0x4b,
    0x3e, 0x22, 0xbe, 0xa2, 0xbe, 0xff, 0x2a, 0x49, 0xff, 0x7e, 0x42, 0x7e, 0x62, 0x7e, 0x62, 0xa6,
    0x3e, 0x22, 0x3e, 0x3e, 0x22, 0x3e, 0x15, 0xe7, 0x4a, 0xff, 0x0c, 0xff, 0x0d, 0xff, 0xae, 0xf5,
    0xf7, 0xa5, 0xf2, 0xf5, 0x3e, 0x22, 0x3e, 0xe3, 0x5f, 0xe4, 0x44, 0xff, 0xe4, 0x44, 0xe4, 0x44,
    0x88, 0x5e, 0x1a, 0xff, 0x54, 0x5e, 0x52, 0xbf, 0x5a, 0xaf, 0xeb, 0x57, 0xfa, 0x4f, 0xea, 0xd7,
    0xe4, 0xaa, 0xd5, 0xbf, 0xb5, 0xdf, 0x8a, 0x91, 0xf7, 0x92, 0xf7, 0x65, 0xf7, 0x65, 0x77, 0xcd,
    0xe4, 0xca, 0xf5, 0xdf, 0xf5, 0x3f, 0xaa, 0x51, 0x44, 0x6a, 0xd5, 0xff, 0xb5, 0xbf, 0xa4, 0xfb,
    0x7e, 0x00, 0x00, 0xff, 0x28, 0x28, 0x49, 0x8f, 0x7f, 0x44, 0x5f, 0x51, 0x5f, 0x44, 0x56, 0xa5,
    0x2a, 0x7f, 0x54, 0x7f, 0x6d, 0x6d, 0x7a, 0x8d, 0x2f, 0x21, 0x41, 0xf1, 0x21, 0x21, 0x51, 0xea,
    0xe4, 0x3f, 0xe4, 0x88, 0xfa, 0x24, 0x2a, 0xdd, 0x82, 0x5f, 0x92, 0x5e, 0x12, 0x5b, 0x5a, 0xa5,
    0x9f, 0x52, 0x9f, 0x59, 0x1f, 0x52, 0x5b, 0xab, 0x08, 0xff, 0x08, 0x52, 0x24, 0x18, 0x32, 0xfd,
    0xef, 0x49, 0x4f, 0xef, 0x49, 0x6f, 0xc6, 0x1b, 0x44, 0xbf, 0x44, 0x88, 0xfa, 0x44, 0xea, 0x5d,
    0x24, 0x7f, 0x54, 0x58, 0xfa, 0x54, 0x5a, 0x9d, 0x3c, 0xff, 0x00, 0x3c, 0x00, 0x7e, 0x42, 0x7e,
    0x44, 0xff, 0x0a, 0xff, 0x14, 0xfa, 0xb5, 0xfe, 0xfe, 0xb2, 0xde, 0xb2, 0xbe, 0xd5, 0x96, 0x99,
    0x06, 0x78, 0x08, 0x2a, 0xff, 0x08, 0x08, 0x18, 0x3f, 0x55, 0xdf, 0x55, 0x5f, 0x5b, 0x5f, 0x5f,
    0x08, 0xff, 0x08, 0x08, 0x7e, 0x42, 0x42, 0x7e, 0x02, 0xec, 0xa4, 0xb5, 0xbf, 0xe4, 0x04, 0x0c,
    0xff, 0x89, 0xbd, 0x89, 0xbd, 0xa5, 0xbd, 0xff, 0x22, 0x2f, 0xf2, 0x52, 0x5f, 0x69, 0x39, 0xcf,
    0xe1, 0x2e, 0x4a, 0x4a, 0xea, 0x4a, 0x4d, 0xd5, 0xfe, 0x02, 0x02, 0xfe, 0x80, 0x80, 0x81, 0xff,
    0x08, 0x7f, 0x7f, 0x6a, 0x7e, 0x6a, 0x7f, 0x88, 0xe1, 0x2e, 0xea, 0x8a, 0xea, 0x2a, 0x2d, 0xd5,
    0x7f, 0x00, 0x7f, 0x41, 0x7f, 0x40, 0x40, 0x80, 0x48, 0xe8, 0x4f, 0x52, 0xea, 0xa4, 0xa4, 0xfb,
    0x22, 0xff, 0x22, 0x72, 0x6f, 0xa9, 0x29, 0x2f, 0x97, 0x3d, 0x97, 0x3d, 0x2f, 0x7d, 0x45, 0x89,
    0xa1, 0x4e, 0x6a, 0xaa, 0x6a, 0xaa, 0x2d, 0x55, 0x57, 0xfd, 0x57, 0xfd, 0x6f, 0xfd, 0xc5, 0x49,
    0x44, 0xff, 0x2a, 0x55, 0xee, 0x67, 0x49, 0x42, 0xee, 0xaa, 0xeb, 0xb0, 0xee, 0xaa, 0xa4, 0xbb,
    0x27, 0xfd, 0x27, 0x25, 0x77, 0x55, 0x55, 0x7b, 0x24, 0xff, 0xe0, 0x2f, 0x4a, 0xea, 0x4d, 0xd5,
    0x0e, 0x7f, 0x4e, 0x79, 0x4e, 0x54, 0x55, 0xa3, 0x44, 0xff, 0x0a, 0xf5, 0x0e, 0xe7, 0xa9, 0xe2,
    0xe4, 0xbf, 0xea, 0x55, 0x6e, 0xc7, 0xc9, 0xe2, 0x22, 0x5f, 0xf2, 0x22, 0xff, 0xa9, 0x79, 0xef,
    0xff, 0x7f, 0x41, 0x7f, 0x54, 0x5f, 0x74, 0x9f, 0xff, 0x4a, 0x7f, 0x55, 0x7f, 0x75, 0x77, 0xbd,
    0x44, 0xff, 0x44, 0xff, 0xb1, 0xea, 0x44, 0xfb, 0x7e, 0x10, 0x10, 0x7e, 0x12, 0x12, 0x12, 0xff,
    0xff, 0x20, 0x3c, 0x24, 0x24, 0x3c, 0x04, 0xff, 0x3f, 0x48, 0xc8, 0x5e, 0x4a, 0x4a, 0x4a, 0x7f,
    0x20, 0x3e, 0x48, 0x08, 0xff, 0x08, 0x08, 0x08, 0x1e, 0x52, 0x5e, 0x7e, 0x02, 0xff, 0x22, 0xc1,
    0x7e, 0x10, 0x7e, 0x12, 0xff, 0x7e, 0x42, 0x7e, 0x27, 0x2d, 0xff, 0x5f, 0x51, 0x6f, 0x36, 0xc9,
    0x44, 0xaa, 0x44, 0xdf, 0x4e, 0x5a, 0x44, 0x5b, 0x53, 0x9f, 0x6b, 0xdf, 0x4b, 0x5f, 0x5a, 0x5e,
    0x5e, 0x48, 0xfe, 0xca, 0x5f, 0x5e, 0x52, 0x5e, 0x5e, 0xe8, 0x5e, 0xea, 0xdf, 0x5e, 0x52, 0x5e,
    0x44, 0xea, 0x5f, 0xea, 0xce, 0x5f, 0x57, 0x5d, 0x17, 0xfd, 0x57, 0xfd, 0x6f, 0x7d, 0xc5, 0x09,
    0x24, 0xff, 0x24, 0x3c, 0xff, 0x42, 0xbd, 0x5c, 0x5e, 0xe8, 0x1e, 0xea, 0x1f, 0xfe, 0xb2, 0xfe,
    0x4e, 0xfa, 0x1e, 0xfe, 0x02, 0xff, 0xaa, 0xf1, 0x4a, 0xff, 0x0e, 0xec, 0x0f, 0xea, 0xa4, 0xfb,
    0xef, 0x5d, 0xef, 0xfd, 0xb7, 0xfd, 0xa5, 0xe9, 0x40, 0x7f, 0x40, 0xbc, 0x08, 0x10, 0x21, 0x1f,
    0x5f, 0x95, 0xff, 0xb5, 0xbf, 0xe4, 0x0e, 0xbf, 0x08, 0xff, 0x14, 0x22, 0x55, 0x08, 0x14, 0xe3,
    0x24, 0x5f, 0xca, 0x51, 0x4a, 0x4a, 0x44, 0x5b, 0x2e, 0x42, 0xdf, 0x4e, 0x54, 0x5f, 0x44, 0x5b,
    0x2e, 0x42, 0xef, 0x67, 0x6a, 0x6f, 0x62, 0x4d, 0x24, 0x4e, 0xdf, 0x4a, 0x5f, 0x44, 0x5f, 0x44,
    0x08, 0x49, 0x2a, 0xff, 0x14, 0x14, 0x25, 0xc7, 0x24, 0x22, 0x41, 0x91, 0x10, 0x14, 0x22, 0x7d,
    0x08, 0xe8, 0x5f, 0x49, 0x49, 0x69, 0xd1, 0x23, 0x24, 0xff, 0x55, 0x8d, 0x55, 0x55, 0x25, 0xdb,
    0x20, 0x3f, 0x41, 0x91, 0x11, 0x29, 0x75, 0x03, 0x7f, 0x5e, 0x52, 0x5e, 0x42, 0x44, 0x7f, 0x84,
    0x7f, 0x41, 0x41, 0x41, 0x41, 0x41, 0x7f, 0x41, 0x20, 0xff, 0x81, 0xbd, 0xa5, 0xa5, 0xbd, 0x83,
    0x06, 0x78, 0x40, 0x7f, 0x40, 0x5e, 0x52, 0x9e, 0x16, 0xe2, 0xaf, 0xa7, 0xaa, 0xef, 0x22, 0x2d,
    0x44, 0x5f, 0xe0, 0x4e, 0x4a, 0x6a, 0xca, 0x13, 0x42, 0x5c, 0xf0, 0x5f, 0x50, 0x7f, 0xd9, 0x2f,
    0x2f, 0x21, 0xf2, 0x52, 0x5f, 0x62, 0x32, 0xc6, 0xf4, 0x14, 0x24, 0x24, 0x34, 0xe4, 0x25, 0x67,
    0x12, 0x7e, 0x14, 0xff, 0x12, 0x24, 0xdf, 0x04, 0x08, 0xff, 0x91, 0x7f, 0x14, 0x14, 0x2a, 0xdd,
    0x00, 0x7f, 0x08, 0x08, 0x08, 0x08, 0x08, 0xff, 0x1f, 0xe4, 0x44, 0x47, 0x49, 0x61, 0xc1, 0x06,
    0x24, 0x7e, 0x24, 0xff, 0x46, 0xbd, 0x20, 0x3e, 0x08, 0x7e, 0xff, 0x24, 0xff, 0x08, 0x7e, 0x08,
    0x08, 0x7f, 0x40, 0x48, 0x48, 0x48, 0x52, 0xbd, 0x08, 0x7f, 0x4a, 0x7f, 0x4a, 0x7e, 0x4c, 0xb3,
    0x04, 0x7f, 0x5e, 0x67, 0x5e, 0x55, 0x4e, 0xb5, 0xe4, 0x24, 0xe4, 0x84, 0xe4, 0x28, 0x2a, 0xdd,
    0x5f, 0x40, 0xee, 0xca, 0x4e, 0x4a, 0x4e, 0x5f, 0x4a, 0x5f, 0xe4, 0xdf, 0x48, 0x4f, 0x4e, 0x53,
    0x44, 0xff, 0x40, 0x4e, 0x6a, 0xca, 0x4a, 0x53, 0x50, 0xdf, 0x61, 0x5d, 0x75, 0xdd, 0x41, 0x42,
    0x44, 0xff, 0x51, 0x4a, 0x73, 0xce, 0x44, 0x5f, 0x08, 0xe8, 0x4f, 0x52, 0x4a, 0x64, 0xc4, 0x1b,
    0x7e, 0x42, 0x7e, 0x30, 0xcf, 0x89, 0xeb, 0x88, 0x7f, 0x41, 0x7f, 0x49, 0x2a, 0xff, 0x14, 0xe7,
    0xff, 0x4a, 0x7e, 0x4a, 0x7e, 0x28, 0x18, 0xe7, 0x24, 0xff, 0x20, 0x7e, 0x6a, 0xaa, 0x2a, 0x33,
    0x44, 0xff, 0x4a, 0xf1, 0xca, 0x4a, 0x44, 0x5b, 0x5f, 0xe4, 0x5f, 0xff, 0xd5, 0x5f, 0x46, 0x59,
    0x4a, 0xff, 0x4a, 0xff, 0xde, 0x52, 0x7f, 0x52, 0x80, 0x5f, 0x84, 0x44, 0x04, 0x44, 0x44, 0x9f,
    0x8a, 0x4a, 0x9f, 0x4a, 0x0a, 0x5f, 0x4a, 0x91, 0x94, 0x1f, 0xa4, 0x1f, 0x00, 0x5f, 0x51, 0x9f,
    0x94, 0x3e, 0x94, 0x7f, 0x26, 0x5d, 0x50, 0x9e, 0x8a, 0x5f, 0x8a, 0x7f, 0x1e, 0x52, 0x7f, 0x92,
    0x7f, 0x49, 0x7f, 0x49, 0x7f, 0x08, 0x08, 0x08, 0x10, 0x7e, 0x42, 0xff, 0x08, 0x7e, 0x08, 0xff,
    0xff, 0x44, 0x5f, 0x7f, 0xf5, 0x7f, 0x66, 0x19, 0x24, 0xdf, 0x4a, 0xee, 0x5f, 0xfb, 0xdf, 0x51,
    0x44, 0xff, 0x56, 0xff, 0x5e, 0xf5, 0xee, 0x55, 0x40, 0xbf, 0x44, 0x84, 0xe4, 0x44, 0xe4, 0x5f,
    0x48, 0xa8, 0x5f, 0x88, 0xea, 0x4a, 0xf5, 0x47, 0x44, 0xbf, 0x4a, 0x91, 0xea, 0x4a, 0xe4, 0x5b,
    0x5f, 0xbb, 0x55, 0x9f, 0xf5, 0x5f, 0xff, 0x51, 0x4a, 0xea, 0x5f, 0xea, 0x4a, 0xff, 0xca, 0x52,
    0x12, 0x7e, 0x14, 0xff, 0x18, 0x2e, 0xc2, 0x0c, 0x08, 0x2e, 0x28, 0xff, 0x7e, 0x42, 0x7e, 0x42,
    0xe8, 0xa8, 0xff, 0xa8, 0xea, 0xaa, 0xb5, 0xa7, 0xe4, 0xbf, 0xf1, 0xaa, 0xf3, 0xae, 0xa4, 0xbf,
    0x08, 0x7e, 0x24, 0xff, 0xbd, 0x7e, 0x7e, 0x42, 0x24, 0x7f, 0x50, 0x5e, 0xfa, 0x5a, 0x5a, 0x9b,
    0x24, 0xff, 0x08, 0xff, 0x20, 0x3f, 0x2a, 0xcb, 0x4f, 0xa0, 0x5f, 0xc2, 0x42, 0x42, 0x42, 0x46,
    0x4b, 0xb4, 0x4b, 0xdd, 0x55, 0x7f, 0x49, 0x55, 0x4a, 0xff, 0x0a, 0xff, 0x1e, 0xf2, 0xbf, 0xf2,
    0x7e, 0x08, 0xff, 0x22, 0x3e, 0x22, 0x3e, 0xe3, 0xea, 0xbf, 0xea, 0xff, 0xbe, 0xf2, 0x1f, 0xb2,
    0x27, 0xfd, 0x56, 0x8d, 0x55, 0x55, 0x26, 0xdc, 0xe5, 0x4f, 0xe6, 0xff, 0xa9, 0xf2, 0xaf, 0xe2,
    0x42, 0xaf, 0xe8, 0x4a, 0xea, 0x4a, 0xed, 0xd7, 0xe2, 0x4f, 0x48, 0x6a, 0xea, 0x6a, 0x6d, 0x17,
    0x5f, 0xbb, 0xf5, 0x5f, 0xf5, 0x5f, 0xff, 0xd1, 0xe7, 0xa5, 0xe7, 0x89, 0x95, 0xbf, 0x95, 0x9d,
    0xee, 0xba, 0xc4, 0xbb, 0xaf, 0xca, 0x9f, 0x82, 0x0f, 0xe4, 0x4f, 0x49, 0x4f, 0x69, 0xcf, 0x19,
    0x7e, 0x08, 0xff, 0x2a, 0xc9, 0x3e, 0x22, 0x3e, 0x08, 0xff, 0x24, 0x3c, 0xff, 0xbd, 0xa5, 0xbd,
    0x84, 0x7e, 0xaa, 0x2e, 0x38, 0x6f, 0x81, 0x95, 0xf9, 0xdd, 0xad, 0xfd, 0xad, 0xfd, 0xf9, 0x8b,
    0x24, 0x74, 0x2f, 0xf5, 0x25, 0x55, 0xf5, 0x0b, 0x3e, 0x22, 0x3e, 0xff, 0x10, 0x1e, 0x02, 0x1c,
    0x18, 0x24, 0xdb, 0x00, 0x7e, 0x42, 0x42, 0x7e, 0x44, 0x5f, 0xea, 0x5f, 0x4d, 0x76, 0xca, 0x15,
    0x45, 0xef, 0x46, 0x5f, 0x6c, 0xd7, 0x41, 0x46, 0x84, 0x3f, 0x8a, 0x3f, 0x2d, 0x56, 0x4a, 0x95,
    0x08, 0xff, 0x14, 0xff, 0x99, 0x6e, 0x14, 0x6b, 0x08, 0x7f, 0x1c, 0x7f, 0x2a, 0xff, 0x77, 0xff,
    0x28, 0xff, 0x2b, 0xf5, 0x7f, 0x55, 0xab, 0xdf, 0x08, 0xff, 0x08, 0x3e, 0x22, 0x3e, 0x15, 0xe7,
    0x21, 0xfd, 0x25, 0x55, 0x25, 0xd5, 0x21, 0xd3, 0x48, 0x7e, 0x88, 0xff, 0x00, 0x7e, 0x42, 0x7e,
    0xff, 0x81, 0xfd, 0x91, 0xb9, 0x95, 0xfd, 0xff, 0x2e, 0xfa, 0x6b, 0xf0, 0xbe, 0xfa, 0x64, 0xbb,
    0xea, 0x4f, 0xf2, 0xff, 0xa0, 0xef, 0xa9, 0xef, 0x64, 0x7e, 0xaa, 0xfe, 0x08, 0x7f, 0x51, 0x75,
    0x7e, 0x4a, 0x7e, 0x7e, 0x08, 0xff, 0x00, 0x95, 0xab, 0x5a, 0x67, 0xba, 0x62, 0xbe, 0x35, 0x5d,
    0x84, 0x3f, 0xaa, 0x3f, 0x3f, 0xaa, 0xae, 0xdb, 0xff, 0xaa, 0xff, 0xbf, 0xe4, 0xbf, 0xaa, 0xaf,
    0x6f, 0xf4, 0xfe, 0xfa, 0x6e, 0x6a, 0x6e, 0x73, 0x40, 0x7f, 0x95, 0x15, 0x29, 0x00, 0xaa, 0x9d,
    0x50, 0x5f, 0xeb, 0xd5, 0x49, 0x5a, 0x59, 0x6e, 0x3c, 0x2c, 0xff, 0xa5, 0x3c, 0x24, 0x3c, 0x24,
    0xa4, 0x4f, 0x69, 0xa9, 0x6f, 0xa9, 0x29, 0x4f, 0x8c, 0x44, 0x04, 0xc4, 0x4a, 0x51, 0x40, 0xbf,
    0x24, 0x24, 0x25, 0xbe, 0xa4, 0xa4, 0xb5, 0xe7, 0x0f, 0x84, 0xaf, 0xc9, 0x8f, 0xa9, 0xef, 0x19,
    0x18, 0x24, 0xdb, 0x00, 0x3c, 0x04, 0x08, 0x10, 0xff, 0x89, 0xff, 0x89, 0x9d, 0xeb, 0x89, 0xff,
    0x44, 0x5f, 0xf5, 0x5f, 0x55, 0x7f, 0xc4, 0x04, 0x2e, 0xca, 0xae, 0x6a, 0xad, 0x48, 0x3e, 0xff,
    0x2f, 0x2a, 0xff, 0x5a, 0x59, 0x6f, 0x39, 0xcf, 0x5e, 0x52, 0xfe, 0xd2, 0x5e, 0x55, 0x56, 0x59,
    0x2e, 0xca, 0xae, 0x6a, 0xad, 0x40, 0xaa, 0x9d, 0x7e, 0x48, 0x7f, 0x44, 0xe3, 0x7e, 0x42, 0x7e,
    0x7e, 0x7e, 0x42, 0x7e, 0x49, 0x7e, 0x49, 0xef, 0x5e, 0xf2, 0x5e, 0xf2, 0xde, 0x55, 0x56, 0x59,
    0x5f, 0xf5, 0x5f, 0xf5, 0xdf, 0x5f, 0x55, 0x5f, 0x9e, 0x5e, 0x92, 0x5e, 0x15, 0x56, 0x5d, 0xb7,
    0x08, 0x7f, 0x5e, 0xd2, 0x5e, 0xd5, 0x56, 0x99, 0x4a, 0xbf, 0x4a, 0x8a, 0xee, 0x4a, 0xea, 0x4e,
    0x7e, 0x42, 0x7e, 0x42, 0x7e, 0x49, 0x46, 0xf1, 0x08, 0xdf, 0x1f, 0xf5, 0x5f, 0xad, 0xee, 0x17,
    0x25, 0xb6, 0xa4, 0xf7, 0x00, 0x7e, 0x00, 0xff, 0x28, 0x5f, 0xc8, 0x48, 0x4f, 0x52, 0x52, 0x6f,
    0x00, 0x7e, 0x2a, 0x22, 0x14, 0x08, 0x14, 0xe3, 0x0a, 0xff, 0xaa, 0xb3, 0xae, 0xfa, 0x04, 0x1b,
    0x4a, 0x5f, 0x44, 0xff, 0xe8, 0xef, 0xf2, 0x0f, 0x20, 0xff, 0x20, 0x20, 0x3f, 0x44, 0x44, 0xbf,
    0x14, 0x7f, 0x08, 0xff, 0x20, 0x3f, 0x44, 0xbf, 0x08, 0xff, 0x2a, 0xc9, 0x3e, 0x22, 0x3e, 0xff,
    0x84, 0x04, 0x96, 0x15, 0x25, 0x46, 0x44, 0x98, 0xea, 0x5f, 0x44, 0xff, 0x48, 0x6f, 0xd2, 0x2f,
    0xf4, 0x44, 0x4e, 0x7d, 0xd5, 0x56, 0x74, 0x18, 0x48, 0xef, 0x0c, 0xf7, 0x04, 0xe7, 0xa4, 0xe4,
    0x55, 0xa4, 0xef, 0x49, 0xef, 0x49, 0xef, 0xd9, 0x84, 0x8d, 0x15, 0x42, 0x8c, 0xff, 0x64, 0xb3,
    0x08, 0x4a, 0x4a, 0xad, 0x08, 0x7e, 0x08, 0xff, 0x08, 0x7f, 0x5a, 0x5a, 0x6d, 0x7e, 0x48, 0xbf,
    0x44, 0xee, 0x4e, 0x55, 0x64, 0xdf, 0x44, 0x5f, 0x24, 0x5f, 0xc4, 0x5f, 0x4e, 0x4a, 0x4e, 0x5b,
    0x35, 0x5f, 0xd4, 0x5f, 0x74, 0x5e, 0x54, 0x5f, 0xff, 0x10, 0x7e, 0x52, 0x7e, 0x52, 0xff, 0x42,
    0x7e, 0x42, 0xff, 0x50, 0x77, 0x55, 0xf2, 0x15, 0x24, 0x75, 0x24, 0xff, 0x05, 0x72, 0x52, 0x75,
    0x08, 0xff, 0x95, 0x3e, 0xff, 0x2a, 0xdd, 0x3e, 0x08, 0xff, 0x0a, 0x7f, 0x0a, 0xff, 0x14, 0x3f,
    0x08, 0xff, 0x89, 0xff, 0x14, 0xff, 0x3e, 0x08, 0x11, 0xe6, 0xb0, 0x21, 0xf6, 0x20, 0x71, 0xa6,
    0x08, 0x08, 0xff, 0x0a, 0x0c, 0x18, 0xe8, 0x18, 0x43, 0xfc, 0x55, 0x44, 0x7f, 0xc4, 0x4e, 0x55,
    0x25, 0x74, 0xff, 0x24, 0xf5, 0x22, 0x72, 0xa5, 0x08, 0x2e, 0xff, 0x05, 0x7f, 0x55, 0x5a, 0xb5,
    0x84, 0x5f, 0x8a, 0x44, 0x1b, 0x4e, 0x4a, 0x92, 0x49, 0x92, 0x49, 0x00, 0x29, 0x49, 0x14, 0xe3,
    0x07, 0xf8, 0x51, 0x2a, 0xff, 0x08, 0x1c, 0xeb, 0x7f, 0x41, 0x7f, 0x55, 0x44, 0x5e, 0x5f, 0xa4,
    0xe8, 0x5e, 0x4a, 0x73, 0xe4, 0x7f, 0x64, 0x04, 0x25, 0xb6, 0xa4, 0xff, 0x20, 0x7e, 0xa2, 0x3e,
    0x77, 0xd5, 0x22, 0xdd, 0x00, 0xff, 0x2a, 0xc9, 0x08, 0xff, 0x14, 0x08, 0xf7, 0x2a, 0x3e, 0x4a,
    0x5f, 0xb5, 0x55, 0x9f, 0xf5, 0x55, 0xf5, 0x5f, 0x24, 0xff, 0x02, 0x7c, 0x2a, 0xff, 0x2a, 0xc9,
    0x25, 0x74, 0xff, 0x24, 0xfd, 0x2a, 0xd2, 0x6d, 0x25, 0x74, 0xff, 0x24, 0xfd, 0x72, 0xfa, 0x25,
    0xef, 0xb5, 0xca, 0xb1, 0xae, 0xdf, 0x84, 0x95, 0x21, 0xfd, 0x55, 0x25, 0xdd, 0x75, 0x51, 0x93,
    0x10, 0xff, 0x24, 0x44, 0xdf, 0x44, 0x44, 0x5f, 0x22, 0xf2, 0x2f, 0x72, 0x66, 0xaa, 0x22, 0x26,
    0xff, 0xa5, 0xff, 0x24, 0xe7, 0x24, 0xe7, 0x44, 0xe2, 0xa2, 0xef, 0xe2, 0xa6, 0xea, 0x02, 0xa6,
    0x8f, 0x4a, 0x0a, 0x1f, 0x06, 0x4a, 0x52, 0x86, 0x4f, 0x48, 0xef, 0x49, 0x4d, 0x6a, 0xca, 0x15,
    0xef, 0xa8, 0xcf, 0xa9, 0xad, 0xca, 0x8a, 0x95, 0x5f, 0x55, 0xff, 0x55, 0x5f, 0x6a, 0xcb, 0x12,
    0x52, 0xff, 0x4f, 0xf7, 0xdf, 0x57, 0x52, 0x52, 0x24, 0x18, 0x64, 0xff, 0x3e, 0x62, 0xbe, 0x22,
    0x11, 0xea, 0xbf, 0xa4, 0xbf, 0xe4, 0x0a, 0x11, 0x44, 0x5f, 0x4a, 0xf1, 0xff, 0xf5, 0xfd, 0x03,
    0x44, 0x5f, 0xea, 0x51, 0x5f, 0x75, 0xdd, 0x03, 0xf4, 0x5f, 0x4a, 0x71, 0xdf, 0x55, 0x7d, 0x03,
    0xee, 0xba, 0xe4, 0x5b, 0xee, 0x3f, 0x01, 0xab, 0x28, 0x4f, 0xd4, 0x47, 0x44, 0x47, 0x44, 0x44,
    0xa9, 0x25, 0xf5, 0x95, 0xf5, 0x95, 0xf1, 0x93, 0x08, 0xef, 0xb4, 0xa7, 0xa4, 0xe7, 0x04, 0x04,
    0x44, 0xff, 0x51, 0x48, 0x6f, 0xd4, 0x47, 0x44, 0x08, 0xef, 0xb4, 0xe7, 0xa4, 0xa7, 0xe4, 0x04,
    0x8f, 0x55, 0xff, 0x25, 0xaf, 0xfd, 0x25, 0x4b, 0x5e, 0xfa, 0x5a, 0xff, 0xda, 0x5a, 0x5a, 0x52,
    0x08, 0xff, 0xa5, 0x56, 0x3e, 0xc8, 0x0e, 0x08, 0x44, 0x77, 0xaa, 0xff, 0x49, 0x5d, 0x2a, 0xc9,
    0x08, 0x3e, 0xff, 0xa9, 0x12, 0xfd, 0x2a, 0xc9, 0x4a, 0xbf, 0xea, 0x5f, 0xea, 0x4e, 0xea, 0xce,
    0x55, 0xea, 0x40, 0xe4, 0xdf, 0x4a, 0x46, 0x59, 0x64, 0xae, 0x74, 0x5f, 0x54, 0x7e, 0x04, 0xbf,
    0x44, 0x77, 0xaa, 0x2a, 0x7f, 0x2a, 0x2e, 0x3f, 0x74, 0x55, 0x76, 0xfc, 0x25, 0x77, 0x60, 0x9f,
    0x7e, 0x5a, 0x5a, 0xff, 0x5a, 0x5a, 0x5a, 0x42, 0xf1, 0x95, 0xf5, 0xa5, 0xf5, 0xf5, 0xf1, 0xa3,
    0x08, 0xff, 0xb7, 0xd5, 0x22, 0xdd, 0xff, 0x6a, 0x55, 0xea, 0x55, 0x40, 0x67, 0xcd, 0x42, 0x5c,
    0x4e, 0xea, 0x5f, 0x54, 0x7f, 0xd5, 0x7e, 0x45, 0x44, 0xff, 0x55, 0x4a, 0x71, 0xdf, 0x44, 0x55,
    0x28, 0xf8, 0x28, 0x78, 0x68, 0xa8, 0x29, 0x2f, 0xae, 0x4a, 0xab, 0x50, 0xee, 0x4a, 0xe4, 0x5b,
    0x24, 0xff, 0xea, 0xbf, 0xd6, 0xb7, 0xd2, 0xa7, 0x4a, 0xef, 0x6a, 0xbf, 0x2a, 0xff, 0x7a, 0xaf,
    0x10, 0x7e, 0x42, 0x7e, 0x08, 0x6b, 0xff, 0x08, 0x44, 0x8f, 0xe4, 0xbf, 0xaf, 0xe9, 0x0f, 0xa9,
    0x5d, 0xf7, 0x5f, 0x53, 0x7f, 0xd7, 0x55, 0x6b, 0x44, 0xaf, 0xe4, 0x5f, 0xef, 0x49, 0xef, 0xc9,
    0x44, 0x9f, 0xea, 0xb1, 0xaa, 0xea, 0x04, 0xbb, 0x00, 0x7f, 0x55, 0x55, 0x55, 0x55, 0x55, 0xff,
    0x1f, 0xea, 0xbf, 0xfb, 0xbb, 0xb1, 0xf1, 0x1f, 0x00, 0x7e, 0x00, 0x00, 0x3c, 0x00, 0x00, 0xff,
    0x18, 0x24, 0xcb, 0xad, 0x4a, 0xad, 0xff, 0x08, 0x24, 0x7a, 0xff, 0x22, 0xc9, 0x30, 0x04, 0x38,
    0x08, 0x08, 0x89, 0x89, 0x89, 0x89, 0x89, 0xff, 0x4a, 0x5d, 0xff, 0xca, 0x55, 0x48, 0x42, 0x4c,
    0x54, 0xfc, 0x57, 0x5d, 0x7d, 0xda, 0x5a, 0x5d, 0x54, 0xfc, 0x57, 0xf9, 0x75, 0x52, 0x72, 0x5d,
    0x45, 0xff, 0x44, 0xff, 0xc4, 0x5f, 0x46, 0x59, 0x4f, 0x55, 0xea, 0xd5, 0x44, 0x5f, 0xa4, 0x95,
    0xfe, 0x5a, 0x5a, 0xff, 0x5a, 0x7a, 0xda, 0x12, 0x08, 0xff, 0x14, 0x7f, 0x54, 0x5f, 0x64, 0x9f,
    0x44, 0x77, 0xa2, 0x7e, 0x42, 0xff, 0x24, 0x44, 0x44, 0x77, 0xa2, 0x3e, 0xff, 0x2a, 0xff, 0x6a,
    0xff, 0x08, 0xff, 0x14, 0xeb, 0x3e, 0x3e, 0xf9, 0x4a, 0xff, 0x0a, 0xf5, 0x0e, 0xea, 0xae, 0xfb,
    0x22, 0xf7, 0x22, 0xd5, 0x3e, 0x22, 0x3e, 0xe3, 0xea, 0x5f, 0xea, 0xf3, 0xae, 0xfa, 0xa4, 0xfb,
    0x77, 0xd5, 0x22, 0xd9, 0x3c, 0xe7, 0x3c, 0xf3, 0x42, 0xec, 0x48, 0xef, 0xea, 0x4a, 0xea, 0x52,
    0x21, 0xfe, 0x77, 0xfa, 0x22, 0x7e, 0x42, 0x7e, 0xe5, 0x5f, 0x64, 0xbf, 0x64, 0x3f, 0x46, 0x99,
    0x24, 0x44, 0xdf, 0x44, 0x44, 0x44, 0x44, 0x5f, 0x3e, 0x42, 0xc4, 0x44, 0x5f, 0x44, 0x44, 0x4c,
    0x3f, 0x41, 0xdd, 0x41, 0x5d, 0x55, 0x5d, 0x43, 0x24, 0x5f, 0xdf, 0x55, 0x5f, 0x54, 0x4c, 0x53,
    0x21, 0xfd, 0x25, 0xfd, 0xad, 0x25, 0x71, 0xab, 0xff, 0x01, 0x79, 0x01, 0x79, 0x49, 0x79, 0x03,
    0x08, 0x7f, 0x49, 0x7f, 0x28, 0x10, 0x28, 0xc7, 0xff, 0xe1, 0x1d, 0xe1, 0xbd, 0xf5, 0xbd, 0xa3,
    0x7f, 0x55, 0x55, 0x55, 0x67, 0x41, 0x41, 0x7f, 0x08, 0x08, 0xff, 0x08, 0x08, 0x08, 0x08, 0x7f,
    0x24, 0x24, 0xf9, 0x5f, 0x50, 0x6f, 0x39, 0xcf, 0x44, 0x5f, 0xe4, 0x7f, 0xb5, 0xd5, 0x75, 0x84,
    0x88, 0x0f, 0x55, 0x84, 0x1b, 0xff, 0x14, 0x3f, 0x7e, 0x04, 0x08, 0x08, 0xff, 0x08, 0x08, 0x18,
    0x7f, 0x7f, 0x40, 0x7f, 0x5c, 0x6f, 0x54, 0xa7, 0x08, 0x7f, 0x08, 0x7f, 0x49, 0x49, 0x4b, 0x08,
    0x5f, 0xe4, 0xbf, 0xf5, 0x95, 0xf5, 0xb5, 0xe4, 0x08, 0xff, 0x08, 0x7f, 0x00, 0x2a, 0xa5, 0x9d,
    0x7e, 0x52, 0x7e, 0x52, 0x7e, 0x2a, 0xa1, 0x9d, 0x4a, 0xec, 0x49, 0x47, 0x69, 0xcf, 0x49, 0x4f,
    0x08, 0xff, 0x08, 0x3e, 0x22, 0x14, 0x08, 0xf7, 0xe8, 0x28, 0x4f, 0x52, 0xea, 0x44, 0x44, 0xdb,
    0x51, 0xfe, 0x54, 0x77, 0x55, 0xfd, 0x55, 0x89, 0x48, 0xef, 0x52, 0x7f, 0x5b, 0x5a, 0x59, 0xaf,
    0x86, 0xf8, 0x81, 0x7e, 0x42, 0x7e, 0x42, 0x7e, 0x44, 0xff, 0x44, 0xff, 0xd1, 0x4a, 0x44, 0x5b,
    0x08, 0x08, 0x4f, 0x48, 0x48, 0x48, 0x48, 0xff, 0xff, 0x48, 0x78, 0x99, 0x5e, 0x38, 0x29, 0xcf,
    0x06, 0x78, 0x48, 0x7f, 0x48, 0x44, 0x44, 0xe3, 0xb7, 0x5a, 0x7f, 0xbf, 0x77, 0xbf, 0x3f, 0x5a,
    0x44, 0xe4, 0x34, 0x37, 0x54, 0xf4, 0x54, 0x5f, 0x14, 0xe4, 0x24, 0xf4, 0x24, 0x78, 0xaa, 0x3d,
    0x08, 0x14, 0x68, 0x12, 0xfd, 0x2a, 0x29, 0x49, 0x42, 0xbc, 0x54, 0x9f, 0xf4, 0x54, 0xf2, 0x59,
    0x25, 0xb6, 0xa4, 0xf7, 0x12, 0xfd, 0x2a, 0xc9, 0xe4, 0xbf, 0xe4, 0xbf, 0xf1, 0xaa, 0xa4, 0xbb,
    0xea, 0xac, 0xe9, 0xa7, 0xe9, 0xaf, 0xa9, 0xaf, 0xff, 0x10, 0x22, 0x7d, 0x08, 0x7e, 0x08, 0xff,
    0x4f, 0xe9, 0x2f, 0x2f, 0x49, 0xef, 0x46, 0x5b, 0x5f, 0xe1, 0x1d, 0xe1, 0x1d, 0xf5, 0xbd, 0xe3,
    0x44, 0xee, 0x04, 0xff, 0x02, 0xff, 0xa2, 0xea, 0x43, 0xe2, 0x1f, 0xe2, 0x1e, 0xea, 0xa9, 0xfd,
    0x44, 0xff, 0x04, 0xee, 0x00, 0xed, 0xac, 0xf7, 0x54, 0xe7, 0x0a, 0xf2, 0x0d, 0xef, 0xa9, 0xef,
    0x88, 0x0f, 0x54, 0x8b, 0x3e, 0x22, 0x3e, 0xe3, 0xee, 0xaa, 0xee, 0xee, 0xa8, 0xef, 0x15, 0xab,
    0x4a, 0x6f, 0x7a, 0x6f, 0xea, 0xef, 0xea, 0xbf, 0x5f, 0xa1, 0x1d, 0xe1, 0xbd, 0xf5, 0x9d, 0xe3,
    0x08, 0x2e, 0x28, 0xff, 0x6b, 0x5d, 0x6b, 0x7f, 0x08, 0x7f, 0x2a, 0x7e, 0x0a, 0xff, 0x3e, 0x08,
    0x32, 0x5a, 0xd6, 0x56, 0x52, 0x52, 0x55, 0x69, 0x24, 0x4e, 0xc4, 0x5f, 0x42, 0x5f, 0x42, 0x4a,
    0x5e, 0x52, 0x5e, 0x52, 0x5e, 0x14, 0x25, 0xc7, 0x08, 0xff, 0xbd, 0x04, 0x08, 0xff, 0x08, 0x18,
    0x08, 0x7e, 0x08, 0xff, 0x04, 0xff, 0x24, 0x0c, 0x24, 0xff, 0x24, 0x5a, 0xed, 0x20, 0xaa, 0x9d,
    0x44, 0xee, 0x44, 0x5f, 0x62, 0xdf, 0x42, 0x4a, 0x04, 0xee, 0xa4, 0xff, 0xa2, 0xbf, 0xe2, 0x0a,
    0x88, 0x48, 0x0f, 0x15, 0x04, 0x44, 0x4a, 0x91, 0x91, 0x4a, 0x9f, 0x49, 0x12, 0x49, 0x52, 0x9b,
    0x88, 0x48, 0x91, 0x5f, 0x00, 0x5f, 0x51, 0x9f, 0xff, 0x2a, 0xc9, 0x7f, 0x6d, 0x5b, 0x6d, 0x49,
    0x7f, 0x2a, 0x7f, 0x6d, 0x5b, 0x3e, 0x1c, 0x7f, 0x08, 0x7f, 0x44, 0xde, 0x44, 0xff, 0x52, 0x86,
    0xf1, 0x4a, 0x5f, 0x69, 0xf2, 0x69, 0x72, 0x1b, 0x3e, 0x00, 0xff, 0x08, 0x2a, 0x29, 0xc9, 0x08,
    0xff, 0x08, 0x7f, 0x55, 0x55, 0x55, 0x55, 0x41, 0xff, 0x22, 0x3e, 0x22, 0x3e, 0x22, 0xff, 0x02,
    0x08, 0x7e, 0x42, 0x7e, 0x42, 0x7e, 0x42, 0x7e, 0x24, 0xff, 0x04, 0xee, 0xa4, 0xff, 0xa2, 0xea,
    0x24, 0xdf, 0x4a, 0xff, 0x44, 0xff, 0xa4, 0xe4, 0x84, 0x47, 0x89, 0x55, 0x02, 0x42, 0x44, 0x98,
    0x08, 0x7f, 0x7f, 0x55, 0x7f, 0x54, 0x5d, 0xb7, 0x05, 0x04, 0xff, 0x04, 0xf4, 0x22, 0x22, 0xf1,
    0x4b, 0xfa, 0x1f, 0xe2, 0x1a, 0xfb, 0xba, 0xe5, 0x04, 0xee, 0xea, 0xee, 0xe8, 0xef, 0x01, 0x15,
    0x44, 0x7f, 0xaa, 0x22, 0x7e, 0x00, 0x00, 0xff, 0x44, 0xe4, 0x5f, 0xf5, 0xff, 0x55, 0xf5, 0x5f,
    0x08, 0xff, 0x81, 0x08, 0xff, 0x00, 0x22, 0xc1, 0x3e, 0x08, 0xff, 0xab, 0x00, 0xff, 0x0c, 0x0a,
    0x20, 0x20, 0xff, 0x20, 0x20, 0x20, 0x21, 0x3f, 0x04, 0xe4, 0xa5, 0xa6, 0xac, 0xe4, 0x05, 0x07,
    0x24, 0x74, 0xfe, 0x56, 0xf6, 0x2e, 0xf6, 0x2b, 0x48, 0x7e, 0x48, 0x88, 0xff, 0x08, 0x14, 0xe3,
    0x42, 0x4f, 0xec, 0x7f, 0xaa, 0xdf, 0x6a, 0x95, 0x08, 0xff, 0xa5, 0x7a, 0x08, 0x7e, 0x08, 0xff,
    0x7f, 0x2a, 0xff, 0x2a, 0xc1, 0x2a, 0xa5, 0x9d, 0x9e, 0x52, 0x9e, 0x52, 0x1e, 0x6d, 0x5e, 0xbf,
    0x84, 0x5f, 0x8e, 0x55, 0x0a, 0x55, 0x4e, 0x95, 0x08, 0x7f, 0x50, 0xdf, 0x64, 0xdf, 0x4a, 0x91,
    0x22, 0x44, 0x77, 0xaa, 0x3e, 0x22, 0x3e, 0xe3, 0x08, 0xff, 0x89, 0x7e, 0x08, 0xff, 0x14, 0xe3,
    0x24, 0xff, 0x27, 0xfd, 0x56, 0xfd, 0x56, 0x74, 0x44, 0x77, 0xaa, 0x46, 0xe9, 0x7f, 0x6e, 0x75,
    0x3f, 0x55, 0xdf, 0x55, 0x5f, 0x4a, 0x59, 0x6e, 0x25, 0xb6, 0xa4, 0xf7, 0x08, 0xff, 0x2a, 0xc9,
    0x24, 0xff, 0x08, 0x7e, 0x04, 0x18, 0x60, 0x9f, 0x7f, 0x55, 0x7f, 0x4e, 0x55, 0x7f, 0x4a, 0x8f,
    0x24, 0xff, 0x55, 0x44, 0xab, 0x2a, 0xa5, 0x9d, 0x44, 0xbf, 0x4a, 0x8e, 0xff, 0x5b, 0xff, 0x51,
    0x18, 0x24, 0xcb, 0x3c, 0x08, 0xff, 0x22, 0x3e, 0xff, 0xa1, 0x3c, 0x20, 0x3c, 0xff, 0x04, 0x1c,
    0x22, 0x72, 0x5f, 0x72, 0x5a, 0xf2, 0x32, 0xd6, 0x44, 0xea, 0x55, 0x4e, 0x64, 0xdf, 0x4a, 0x4e,
    0x24, 0x74, 0x27, 0xf9, 0x55, 0xda, 0x52, 0x9d, 0x22, 0x5a, 0xf2, 0x2a, 0xf3, 0x2e, 0xb2, 0x22,
    0x0a, 0x3e, 0x0c, 0xff, 0x32, 0xde, 0x00, 0x95, 0x44, 0xe4, 0x24, 0x3f, 0x44, 0xe4, 0x44, 0x5f,
    0x44, 0xa4, 0x56, 0x95, 0xe5, 0x46, 0xe4, 0x58, 0x12, 0x7e, 0x14, 0xff, 0x12, 0x3e, 0xd2, 0x1e,
    0x49, 0xff, 0x15, 0xfd, 0x17, 0xfd, 0xad, 0xf5, 0x08, 0xff, 0x7e, 0x4a, 0x4a, 0x7e, 0xff, 0x08,
    0x84, 0x5f, 0x16, 0xdf, 0x56, 0x50, 0x6d, 0xbf, 0x44, 0x5f, 0xf1, 0xa8, 0xea, 0x4c, 0x69, 0xcf,
    0xff, 0x55, 0x56, 0xfd, 0x35, 0x55, 0x96, 0x34, 0x2a, 0x5f, 0xca, 0x5f, 0x4a, 0x4e, 0x4a, 0x4e,
    0x20, 0x3f, 0x41, 0x81, 0x11, 0x09, 0x01, 0x06, 0x3e, 0x22, 0x22, 0x3e, 0x28, 0x24, 0x42, 0x81,
    0x48, 0xef, 0x51, 0xe1, 0xc9, 0x45, 0x41, 0x46, 0x48, 0x4f, 0xf1, 0xc1, 0x49, 0x45, 0xa1, 0x86,
    0x7f, 0x2a, 0xff, 0x72, 0x5f, 0x72, 0x4e, 0x7a, 0xf4, 0x67, 0xf9, 0xd1, 0x95, 0xf3, 0x91, 0xf2,
    0x17, 0xe5, 0xb5, 0x27, 0xf4, 0x26, 0x75, 0xa9, 0x4e, 0xaa, 0xee, 0x4e, 0xe8, 0x4f, 0xf5, 0xcb,
    0x24, 0xff, 0x10, 0xff, 0x20, 0x7e, 0xa2, 0x3e, 0x08, 0xff, 0xa1, 0x37, 0x25, 0xfa, 0x72, 0xad,
    0xf7, 0x11, 0x77, 0x44, 0x77, 0x33, 0xd5, 0x66, 0x24, 0xff, 0x10, 0xff, 0x62, 0xbe, 0x2a, 0x9d,
    0x08, 0xff, 0x08, 0x08, 0x7e, 0x08, 0x08, 0xff, 0xf8, 0x57, 0x71, 0x55, 0x72, 0x52, 0xf5, 0x19,
    0x08, 0xff, 0x81, 0x04, 0xff, 0x04, 0x24, 0x0c, 0x06, 0x78, 0x08, 0x7f, 0x08, 0xff, 0x08, 0x18,
    0x48, 0x7e, 0x88, 0x08, 0xff, 0x1c, 0x2a, 0xc9, 0xec, 0x4e, 0x74, 0xbf, 0x64, 0x2e, 0x55, 0x84,
    0xa4, 0x5f, 0x71, 0xa2, 0x7f, 0xa2, 0x2a, 0x46, 0xec, 0x4e, 0x54, 0xff, 0x44, 0x6e, 0xd5, 0x04,
    0x2e, 0xdf, 0x44, 0xff, 0x55, 0xff, 0xc4, 0x5f, 0xee, 0xbf, 0xe4, 0xbf, 0xf5, 0xbf, 0xa4, 0xbf,
    0x20, 0x7c, 0x2f, 0xfd, 0x2d, 0x7e, 0x65, 0x9f, 0x9f, 0x4a, 0x9f, 0x5b, 0x11, 0x5f, 0x51, 0x9f,
    0x24, 0xff, 0x10, 0x7e, 0x42, 0x7e, 0x42, 0x7e, 0x2e, 0x5f, 0xd5, 0x40, 0x5f, 0x48, 0x5f, 0x55,
    0x7f, 0x2a, 0xff, 0x81, 0x3c, 0x14, 0x08, 0xf7, 0x0f, 0xe9, 0xa9, 0xaf, 0xa6, 0xe6, 0x0a, 0x13,
    0x08, 0x7e, 0x08, 0xff, 0x12, 0xff, 0x22, 0xca, 0x5f, 0xea, 0x5f, 0x51, 0x6e, 0xca, 0x44, 0x5b,
    0x49, 0xfd, 0x4b, 0xfd, 0xd5, 0x5f, 0x49, 0x5d, 0x5f, 0xaa, 0x5f, 0x91, 0xee, 0x4a, 0xe4, 0x5b,
    0x7e, 0x08, 0xff, 0xab, 0x7e, 0x10, 0xff, 0x95, 0xff, 0x89, 0x89, 0x89, 0x95, 0xa3, 0x81, 0xff,
    0x27, 0xa1, 0xa5, 0xa5, 0xb2, 0xe2, 0x25, 0x29, 0x7f, 0x49, 0x5d, 0x49, 0x7f, 0x5d, 0x55, 0x9d,
    0x08, 0xff, 0x81, 0x3e, 0xff, 0x08, 0x2a, 0xc9, 0x25, 0xf4, 0x7f, 0x54, 0x76, 0x26, 0x76, 0xab,
    0x49, 0x49, 0xdb, 0xdb, 0x49, 0x49, 0x49, 0x81, 0x28, 0x4f, 0xfa, 0x64, 0x7b, 0x64, 0x7a, 0x4c,
    0xf2, 0x2b, 0xfa, 0x72, 0xad, 0x00, 0xaa, 0x9d, 0x4c, 0x52, 0xe1, 0x5e, 0x60, 0xde, 0x52, 0x5e,
    0x95, 0x15, 0xbf, 0x3f, 0x15, 0x55, 0x55, 0xa1, 0x3e, 0x08, 0xff, 0x2a, 0xdd, 0x16, 0x22, 0x44,
    0x24, 0xc4, 0x55, 0xf5, 0x44, 0xe4, 0xca, 0x51, 0x4e, 0xba, 0x44, 0x9b, 0xe4, 0x42, 0xe8, 0x46,
    0x44, 0xaf, 0x5f, 0x85, 0xef, 0x4d, 0xef, 0x55, 0xff, 0x55, 0x33, 0xd5, 0x20, 0x7e, 0x42, 0x7e,
    0x10, 0x7e, 0x42, 0x7e, 0x08, 0xff, 0x14, 0xe3, 0x10, 0x7e, 0x4a, 0x52, 0xff, 0x42, 0x52, 0x96,
    0x24, 0xff, 0x10, 0x7e, 0x4a, 0x7e, 0x29, 0xcf, 0x10, 0x7f, 0x55, 0xff, 0x59, 0xae, 0x2c, 0xcb,
    0x27, 0xfc, 0x57, 0xf4, 0x5b, 0xff, 0x64, 0xb3, 0x55, 0x77, 0xdd, 0x77, 0x1c, 0xff, 0x22, 0x3e,
    0xe9, 0xbe, 0xff, 0x56, 0x7e, 0xca, 0xde, 0xeb, 0x4e, 0xea, 0x4e, 0xff, 0xea, 0x4a, 0xff, 0x42,
    0x9f, 0x55, 0x1f, 0xd5, 0x5f, 0x5b, 0x6f, 0xbf, 0x22, 0xff, 0x14, 0x7f, 0x57, 0x61, 0x7f, 0x7f,
    0xf5, 0x55, 0xff, 0xff, 0xb5, 0xf5, 0xb5, 0xe5, 0x48, 0x7e, 0xc8, 0x7e, 0x48, 0xff, 0x2a, 0xc9,
    0xe8, 0x5f, 0xff, 0xf5, 0xbf, 0xed, 0xae, 0xf7, 0x24, 0x44, 0xdf, 0x44, 0x44, 0x44, 0x44, 0x44,
    0x24, 0x5f, 0xc4, 0x44, 0x5f, 0x44, 0x44, 0x5f, 0x08, 0xff, 0x22, 0x7d, 0x14, 0x14, 0x25, 0xc7,
    0x08, 0x08, 0x08, 0xff, 0x08, 0x08, 0x08, 0x08, 0x4a, 0xbf, 0x44, 0xc4, 0x57, 0x54, 0x54, 0x6f,
    0x05, 0x04, 0xff, 0x04, 0x25, 0xf2, 0x22, 0x45, 0x3c, 0x08, 0xff, 0x1a, 0x68, 0xff, 0x2a, 0xc9,
    0x84, 0x44, 0x9f, 0x44, 0x04, 0x44, 0x44, 0x84, 0x84, 0x57, 0x94, 0x5f, 0x00, 0x51, 0x4a, 0x91,
    0xd5, 0xf4, 0xdf, 0xf4, 0x04, 0xf4, 0x9a, 0xf1, 0x55, 0xaf, 0x52, 0xb2, 0xf7, 0x56, 0xf6, 0x59,
    0x1c, 0xff, 0x2a, 0x3e, 0x2a, 0x3e, 0x08, 0xff, 0x44, 0xbf, 0xea, 0x5d, 0xea, 0x4a, 0xea, 0xd3,
    0x27, 0x39, 0x25, 0xfd, 0x22, 0x72, 0xa5, 0x29, 0x7e, 0x42, 0x7e, 0x52, 0x5e, 0x76, 0x4b, 0xb1,
    0x08, 0xff, 0x81, 0x5f, 0xc8, 0x5f, 0x51, 0x5f, 0x97, 0x19, 0x95, 0x3d, 0x12, 0x7a, 0x75, 0x99,
    0x4f, 0xe9, 0x29, 0x2f, 0x46, 0xe6, 0x4a, 0x53, 0x44, 0xbf, 0x51, 0x8a, 0xef, 0x5d, 0xed, 0x4f,
    0x08, 0x7e, 0xff, 0x0a, 0x7f, 0x6b, 0x5d, 0xab, 0x24, 0xfe, 0x56, 0x7e, 0xf6, 0x2b, 0x3e, 0xff,
    0x24, 0xfe, 0x56, 0x7e, 0xf6, 0x2b, 0x00, 0x95, 0x08, 0x4a, 0x4a, 0x7e, 0x08, 0x89, 0x89, 0xff,
    0x4b, 0xbc, 0x4b, 0xc9, 0x5d, 0x5d, 0x49, 0x49, 0x85, 0x44, 0x1f, 0xc4, 0x55, 0x55, 0x44, 0xbf,
    0x2a, 0x5f, 0xca, 0x53, 0x4e, 0x5a, 0x44, 0x5b, 0x4a, 0x5f, 0x4a, 0xf3, 0xee, 0xfa, 0xe4, 0x1b,
    0x08, 0x7f, 0x14, 0xff, 0x22, 0xff, 0x22, 0x3e, 0xff, 0xaa, 0xff, 0xb1, 0xee, 0xb6, 0xef, 0x12,
    0x4a, 0x5f, 0xea, 0x33, 0xae, 0x5a, 0xe4, 0x1b, 0x7f, 0x2a, 0xff, 0xa1, 0xdf, 0x3a, 0x2f, 0xc2,
    0xea, 0xdf, 0xea, 0xd3, 0xee, 0x3a, 0xa4, 0x5b, 0x94, 0x1f, 0x34, 0x1f, 0x14, 0x5f, 0x54, 0x9f,
    0x41, 0xbe, 0x52, 0xdf, 0x55, 0x57, 0x55, 0x67, 0x20, 0x3f, 0x41, 0xb9, 0x29, 0x39, 0x29, 0x3b,
    0x41, 0xfe, 0x52, 0xff, 0xd5, 0x57, 0x55, 0x67, 0xe8, 0x4f, 0x71, 0xbd, 0x75, 0x3d, 0x55, 0x9d,
    0x84, 0x5f, 0x8e, 0x4a, 0x0e, 0x5f, 0x44, 0x8c, 0x94, 0x1f, 0xb4, 0x1f, 0x54, 0x9f, 0xff, 0x08,
    0xf7, 0x55, 0xf7, 0x5d, 0x49, 0xdd, 0xc9, 0xdd, 0x01, 0x7e, 0x44, 0x7f, 0x52, 0x5e, 0x52, 0x9e,
    0x45, 0xbe, 0x44, 0x95, 0xf5, 0x5f, 0xe4, 0x47, 0x95, 0x15, 0x2a, 0xea, 0x55, 0x55, 0x40, 0xbf,
    0x8a, 0x3f, 0x1b, 0xd1, 0x7f, 0x4a, 0x46, 0xbf, 0xe4, 0x5f, 0xee, 0xea, 0xae, 0xff, 0xa4, 0xec,
    0x57, 0x72, 0x77, 0x75, 0x77, 0x75, 0x57, 0x9d, 0x4e, 0x7a, 0x5a, 0x9a, 0x2a, 0x2b, 0x50, 0x8f,
    0x4f, 0xe5, 0x25, 0x45, 0xe5, 0x65, 0x49, 0x53, 0x72, 0x0c, 0x78, 0x5f, 0x7a, 0x4a, 0x4a, 0x92,
    0x7e, 0x42, 0x7e, 0x0a, 0x3c, 0xff, 0x32, 0xde, 0x0f, 0xe9, 0xaf, 0xe5, 0xae, 0xbf, 0xed, 0x37,
    0x85, 0x4f, 0x86, 0x5f, 0x05, 0x4f, 0x55, 0x87, 0x08, 0x7f, 0x52, 0x7f, 0x52, 0x5e, 0x40, 0xb5,
    0x45, 0xaf, 0x46, 0x9f, 0xe5, 0x4f, 0xf5, 0x47, 0xff, 0xa5, 0xff, 0x0a, 0x3c, 0xff, 0x32, 0xde,
    0x08, 0x7e, 0x0a, 0xff, 0x08, 0xff, 0x22, 0x3e, 0x22, 0xff, 0x55, 0x7f, 0x1e, 0xff, 0x32, 0xde,
    0x24, 0xff, 0x44, 0xef, 0x06, 0xff, 0xad, 0xf7, 0x45, 0xef, 0x06, 0xff, 0x05, 0xef, 0xb5, 0xe7,
    0x74, 0x54, 0x7f, 0x55, 0x75, 0x55, 0x75, 0xcb, 0x27, 0x51, 0xf5, 0x25, 0xf2, 0x22, 0xb5, 0x29,
    0x08, 0x08, 0xff, 0x12, 0x32, 0x0c, 0x0a, 0x71, 0x08, 0x7f, 0x4a, 0x44, 0x7f, 0x45, 0x46, 0x8c,
    0x44, 0xaa, 0x5f, 0xc4, 0x5f, 0x44, 0x55, 0x55, 0x27, 0xfd, 0x55, 0x25, 0x57, 0x2a, 0xa5, 0x9d,
    0x5e, 0xb6, 0xff, 0x57, 0xff, 0x57, 0xfb, 0xc5, 0xe4, 0xaa, 0xdf, 0xa4, 0xbf, 0xc4, 0x95, 0x95,
    0x28, 0x4f, 0xda, 0x4e, 0x48, 0x5f, 0x4b, 0x55, 0x5a, 0x7f, 0xed, 0xde, 0x52, 0x52, 0x5e, 0x73,
    0xf5, 0xae, 0xff, 0xaa, 0xf5, 0xaf, 0xa5, 0xab, 0xff, 0x82, 0xbc, 0xa0, 0xbf, 0xa4, 0xc4, 0xff,
    0x14, 0xe4, 0x24, 0xff, 0x24, 0x24, 0x24, 0x44, 0xff, 0x09, 0x11, 0xe6, 0x00, 0x7e, 0x42, 0x7e,
    0x15, 0xe4, 0xbf, 0xb1, 0xbf, 0xf1, 0x1f, 0x11, 0x08, 0xff, 0x24, 0xff, 0xa5, 0xdf, 0x95, 0x9d,
    0x0e, 0xea, 0xae, 0xbf, 0xb1, 0xff, 0x11, 0x1f, 0x4a, 0xff, 0xa5, 0x7c, 0x41, 0x3f, 0x24, 0x3c,
    0x43, 0xdd, 0x4a, 0xdf, 0x4a, 0xff, 0x14, 0xe3, 0x08, 0x7f, 0x14, 0xff, 0x10, 0xff, 0x14, 0x3f,
    0x4e, 0x4a, 0xee, 0x7f, 0xb1, 0xdf, 0x71, 0x9f, 0x08, 0xff, 0xab, 0x7e, 0x42, 0x7e, 0x42, 0x46,
    0x21, 0xbe, 0x75, 0x22, 0x3f, 0x62, 0xb2, 0x26, 0x08, 0x08, 0x4a, 0x49, 0x49, 0x89, 0x08, 0x18,
    0x08, 0x08, 0x4a, 0x49, 0x89, 0x0c, 0x08, 0x70, 0x49, 0x2a, 0xff, 0x81, 0xbd, 0xa5, 0xbd, 0x83,
    0x08, 0x7f, 0x44, 0x44, 0x5f, 0x44, 0x44, 0xbf, 0x08, 0x7f, 0x44, 0x7f, 0x44, 0x4e, 0x75, 0x84,
    0x08, 0x7f, 0x6c, 0x57, 0x7d, 0x6a, 0x7a, 0xad, 0x21, 0xfe, 0x50, 0xf9, 0x76, 0x50, 0xf9, 0x26,
    0x1c, 0x04, 0xe9, 0x3e, 0x2a, 0x5e, 0x89, 0x18, 0x44, 0xe4, 0x56, 0x55, 0x65, 0xc6, 0x44, 0x58,
    0x4f, 0xe5, 0x45, 0x4b, 0x60, 0xcf, 0x49, 0x4f, 0x4a, 0xff, 0xa5, 0x3c, 0x7e, 0xff, 0x08, 0x18,
    0x44, 0xef, 0x45, 0x4f, 0x64, 0xd7, 0x54, 0x6f, 0x7e, 0x42, 0x7e, 0x14, 0x64, 0xff, 0x24, 0xc4,
    0x3e, 0x22, 0x3e, 0x7f, 0x41, 0x7f, 0x41, 0x7f, 0x0f, 0xe5, 0xa5, 0xeb, 0xa0, 0xaf, 0xe9, 0x0f,
    0x7e, 0x42, 0x7e, 0xef, 0xa9, 0xef, 0xa9, 0xef, 0x26, 0xf2, 0x29, 0x70, 0x64, 0xa4, 0x29, 0x2f,
    0x55, 0xe4, 0x5f, 0xf1, 0xdf, 0x51, 0x5f, 0x51, 0x44, 0xff, 0x4a, 0xff, 0xce, 0x4a, 0x5f, 0x44,
    0x4a, 0xef, 0x5a, 0xef, 0xca, 0x4f, 0x40, 0x55, 0x9f, 0x49, 0x89, 0x53, 0x00, 0x5f, 0x51, 0x9f,
    0x95, 0x44, 0x9f, 0x51, 0x1f, 0x51, 0x5f, 0x91, 0x84, 0x17, 0x94, 0x3f, 0x06, 0x55, 0x42, 0x9c,
    0x97, 0x3d, 0x97, 0x3d, 0x37, 0x55, 0x55, 0x97, 0x44, 0x5f, 0xe4, 0xdf, 0x4a, 0x5f, 0xaa, 0x93,
    0x24, 0x3f, 0x64, 0xbf, 0x24, 0x3f, 0x00, 0x95, 0xef, 0xa5, 0xe9, 0xaf, 0xa9, 0xef, 0x00, 0x95,
    0x08, 0x7f, 0x40, 0xdf, 0x44, 0xd6, 0x54, 0xbf, 0x08, 0x2a, 0xcd, 0x3e, 0xe2, 0x3e, 0x22, 0x3e,
    0xf5, 0x44, 0x5f, 0x71, 0xdf, 0x51, 0x7f, 0x11, 0xea, 0x4f, 0x5a, 0x6f, 0xea, 0x6f, 0x60, 0x15,
    0x4a, 0xff, 0x24, 0x4e, 0xe4, 0x5f, 0x44, 0x44, 0x28, 0xcf, 0x54, 0xe4, 0x4e, 0xed, 0xd5, 0x44,
    0x08, 0x7f, 0x14, 0xff, 0x3e, 0x22, 0xff, 0x08, 0x44, 0x77, 0xa2, 0x3c, 0x10, 0xff, 0x24, 0xc3,
    0x22, 0xbf, 0x2a, 0xfa, 0x2f, 0x7a, 0xaa, 0x37, 0x4f, 0xa5, 0x45, 0x8b, 0xe0, 0x4f, 0xe9, 0x4f,
    0x49, 0x2a, 0x7f, 0x41, 0x7f, 0x41, 0x7f, 0x41, 0x24, 0xff, 0x3c, 0x24, 0x7e, 0x7e, 0x42, 0x7e,
    0x24, 0xff, 0x00, 0x4f, 0xd5, 0x42, 0xdf, 0x4a, 0x24, 0xff, 0x24, 0x7e, 0xa4, 0x3f, 0x00, 0x95,
    0x4d, 0xbc, 0x4b, 0xdd, 0x5d, 0x49, 0x5d, 0x59, 0x4a, 0xff, 0xa5, 0x3c, 0xff, 0x6a, 0xa4, 0x33,
    0x46, 0xe2, 0x09, 0xe0, 0x04, 0xe4, 0xa9, 0xef, 0x5f, 0xe4, 0x04, 0xe7, 0x14, 0xf4, 0xb4, 0xff,
    0x4f, 0xe5, 0x05, 0xeb, 0x00, 0xef, 0xa9, 0xef, 0x4a, 0xff, 0x04, 0xee, 0x04, 0xff, 0xa4, 0xe4,
    0x38, 0x7e, 0xd2, 0x7e, 0xda, 0x2c, 0xcb, 0x30, 0x4a, 0xff, 0xa5, 0x3c, 0x7e, 0x42, 0x7e, 0xe3,
    0xaf, 0x65, 0x7f, 0xaa, 0xff, 0x66, 0x42, 0x7e, 0x5f, 0xa4, 0xe4, 0x47, 0xf4, 0x54, 0xf4, 0xdf,
    0x4e, 0xbf, 0xe4, 0x5f, 0xf5, 0x5f, 0xe4, 0xdf, 0x44, 0xbf, 0xea, 0x5f, 0xee, 0x4e, 0xe4, 0xdf,
    0xe4, 0xbf, 0xca, 0xbf, 0xae, 0xca, 0x9f, 0x84, 0xb5, 0xe4, 0x5f, 0xf1, 0xff, 0x51, 0xff, 0x51,
    0x10, 0x10, 0x10, 0x1e, 0x10, 0x10, 0x10, 0xff, 0x08, 0xff, 0x08, 0x48, 0x28, 0x10, 0x28, 0xc7,
    0x3c, 0x04, 0xe9, 0x2e, 0x4a, 0x99, 0x00, 0x7e, 0x1c, 0x7f, 0x2a, 0xff, 0x2a, 0x7f, 0x2a, 0xc9,
    0xff, 0x81, 0x3c, 0x24, 0x24, 0x24, 0x45, 0x87, 0x71, 0xfd, 0x55, 0xfd, 0x55, 0xfd, 0x71, 0xab,
    0x43, 0x5f, 0xf2, 0x52, 0x5f, 0x76, 0xd6, 0x29, 0x4e, 0x4a, 0xee, 0x5f, 0x48, 0x6f, 0xcb, 0x15,
    0x44, 0x5f, 0xea, 0x5f, 0x4a, 0x7f, 0xd2, 0x3d, 0x44, 0x5f, 0xea, 0x7f, 0xaa, 0xdf, 0x72, 0x9d,
    0x4a, 0xff, 0xa5, 0x3c, 0x7e, 0x4a, 0x4e, 0x08, 0x44, 0x5f, 0xe4, 0xdf, 0x4f, 0x49, 0x4f, 0x49,
    0x5f, 0xe4, 0x4e, 0x4a, 0x7f, 0xeb, 0x54, 0x5b, 0x10, 0x1e, 0x62, 0x1c, 0xeb, 0xff, 0x2a, 0xc9,
    0x22, 0xff, 0x22, 0x72, 0x6a, 0xaa, 0x24, 0x2b, 0x9c, 0x24, 0x9e, 0x0a, 0x3f, 0x5e, 0x48, 0x98,
    0x25, 0xa4, 0x7f, 0x24, 0x24, 0x64, 0xaa, 0x31, 0x7e, 0x4a, 0x7e, 0xff, 0xa5, 0x3c, 0x24, 0xff,
    0x24, 0xdf, 0x4a, 0xff, 0x4a, 0xff, 0xd2, 0x7d, 0x24, 0xff, 0x04, 0xe9, 0x2a, 0x49, 0xff, 0x95,
    0x44, 0xff, 0x0a, 0xff, 0x0a, 0xff, 0xb2, 0xfd, 0xe4, 0x5f, 0xea, 0xff, 0xaa, 0xff, 0xb2, 0xfd,
    0x44, 0xbf, 0xf1, 0x4e, 0xe4, 0x4e, 0xec, 0xd3, 0x3f, 0xff, 0xa6, 0xbc, 0xb6, 0xff, 0x37, 0x59,
    0x42, 0x4f, 0xe2, 0x57, 0x55, 0x77, 0xd5, 0x1f, 0x48, 0xaf, 0x14, 0xff, 0xb5, 0xf5, 0x95, 0xe4,
    0x43, 0xe2, 0x5f, 0x42, 0x7e, 0xca, 0x49, 0x5d, 0x42, 0xef, 0x42, 0xf7, 0xd5, 0x57, 0x55, 0x5f,
    0xe2, 0x4f, 0x62, 0xb7, 0x75, 0x37, 0x55, 0x9f, 0x5f, 0x55, 0xff, 0xc9, 0x5d, 0x5d, 0xad, 0x9b,
    0x4b, 0xba, 0x5f, 0x82, 0xfa, 0x5b, 0xfa, 0x45, 0xfb, 0x5a, 0x7f, 0x52, 0x7a, 0x5b, 0xfa, 0x15,
    0x3c, 0x48, 0xff, 0x49, 0x7f, 0x40, 0x41, 0x7f, 0x64, 0xa4, 0x7f, 0x55, 0x5f, 0x74, 0x55, 0x9f,
    0x18, 0x24, 0xd3, 0x3c, 0x24, 0x3c, 0x28, 0xf7, 0x44, 0xa4, 0x1f, 0xf5, 0xbf, 0xe4, 0x85, 0xff,
    0x7f, 0x7e, 0x54, 0xbb, 0x04, 0xff, 0x04, 0x2c, 0x7f, 0x41, 0x7f, 0x48, 0x5e, 0x4a, 0x52, 0xa3,
    0x24, 0x5f, 0xd5, 0x5f, 0x55, 0x5f, 0x44, 0x44, 0x2e, 0x5f, 0xc0, 0x4e, 0x40, 0x5f, 0x51, 0x5f,
    0x3e, 0x42, 0xde, 0x42, 0x7f, 0x6b, 0x44, 0x5b, 0x7f, 0x40, 0x7f, 0x54, 0xbb, 0x3e, 0x22, 0x3e,
    0x5f, 0x50, 0xf7, 0x70, 0xbf, 0xd5, 0x56, 0xa5, 0x08, 0xff, 0x81, 0x4e, 0xdf, 0x53, 0xc4, 0x5b,
    0x08, 0xff, 0xab, 0x1c, 0xff, 0x2a, 0xdd, 0x1c, 0x10, 0x08, 0x08, 0x12, 0x51, 0x51, 0x92, 0x1e,
    0x44, 0x5f, 0xee, 0xca, 0x4e, 0x5f, 0x4a, 0x51, 0x5f, 0xf0, 0x57, 0x50, 0x7f, 0xd5, 0x56, 0x65,
    0x21, 0xfe, 0x54, 0xff, 0x25, 0xfd, 0x75, 0xa9, 0xff, 0x5a, 0x3c, 0xff, 0x42, 0x7e, 0x42, 0x7e,
    0x08, 0xff, 0x2a, 0xc9, 0x22, 0xff, 0x76, 0xab, 0x44, 0xff, 0x5f, 0xea, 0xd5, 0x5f, 0x4e, 0x55,
    0x9e, 0x42, 0x9e, 0x42, 0x3f, 0x6b, 0x44, 0xbb, 0x9f, 0x51, 0x8a, 0x53, 0x04, 0x5f, 0x4e, 0x95,
    0x08, 0x7f, 0x49, 0x7f, 0x49, 0x7f, 0x08, 0x08, 0x08, 0x7f, 0x4c, 0xd2, 0x65, 0xd8, 0x42, 0x8c,
    0x08, 0xff, 0x3c, 0x24, 0x3c, 0xff, 0x24, 0xc3, 0x44, 0xff, 0x35, 0x5f, 0xf5, 0x5f, 0x44, 0x44,
    0x08, 0x7e, 0xff, 0x22, 0xdd, 0xff, 0x2a, 0xc9, 0x44, 0xbf, 0x55, 0x9f, 0xf5, 0x5f, 0xe4, 0x44,
    0xff, 0x88, 0xfe, 0x82, 0x82, 0xfe, 0x88, 0xff, 0x24, 0xff, 0x24, 0x08, 0x14, 0x51, 0x51, 0x9e,
    0x24, 0xff, 0x22, 0xfc, 0x57, 0xfd, 0x75, 0xa9, 0x27, 0xfd, 0x57, 0xff, 0x25, 0xff, 0x76, 0xab,
    0x44, 0xea, 0x11, 0xe4, 0x0a, 0xe5, 0xa2, 0xec, 0x10, 0x3c, 0x24, 0x3d, 0x26, 0xff, 0x14, 0xec,
    0x08, 0x7e, 0x24, 0xff, 0x08, 0x7e, 0x08, 0x08, 0x94, 0x1f, 0x34, 0xdf, 0x54, 0x5f, 0x40, 0xbf,
    0x24, 0x54, 0xff, 0x24, 0xf4, 0xa4, 0x74, 0xe4, 0x3e, 0x08, 0xff, 0xab, 0x7e, 0x7e, 0x54, 0xbb,
    0x08, 0x08, 0x08, 0x08, 0x08, 0x14, 0x22, 0xc1, 0x20, 0x4e, 0xc0, 0x40, 0x40, 0x40, 0x40, 0x5f,
    0xff, 0x09, 0x09, 0x49, 0x31, 0x19, 0x21, 0xc7, 0x08, 0x7f, 0x54, 0x5f, 0x54, 0x7b, 0x48, 0xbf,
    0x06, 0x78, 0x08, 0x08, 0xff, 0x08, 0x08, 0x7f, 0x3c, 0x04, 0x3c, 0x7e, 0x2a, 0xff, 0x04, 0x2c,
    0x24, 0xff, 0x3c, 0x24, 0xff, 0x54, 0x66, 0x7f, 0x7e, 0x42, 0x7e, 0x44, 0x52, 0x89, 0x30, 0x08,
    0xf7, 0xa5, 0xf2, 0xf5, 0xfe, 0x42, 0x7e, 0x42, 0x5e, 0xea, 0x0a, 0xea, 0x1a, 0xee, 0xaa, 0xf3,
    0x9e, 0x4a, 0x0a, 0xfe, 0x4a, 0x4a, 0x49, 0xbf, 0xe4, 0xbf, 0xdf, 0xb5, 0xbf, 0xd5, 0xbf, 0x84,
    0xaf, 0xe5, 0x45, 0xed, 0xe7, 0x45, 0xe9, 0x53, 0x44, 0x77, 0xa2, 0xff, 0x01, 0x79, 0x49, 0x7b,
    0x5c, 0xf7, 0x1d, 0xf5, 0x1d, 0xf6, 0xbd, 0xe5, 0x5f, 0x88, 0x1f, 0x51, 0x9f, 0x11, 0x5f, 0xb1,
    0xf4, 0x67, 0xf6, 0xdb, 0x92, 0xf3, 0x92, 0xf2, 0xff, 0x81, 0xb5, 0x85, 0x95, 0x89, 0xb5, 0xff,
    0x7f, 0x79, 0x41, 0x7f, 0x69, 0x7d, 0x51, 0xbb, 0x9f, 0x40, 0x1f, 0xd1, 0x5f, 0x4a, 0x5f, 0xbf,
    0x08, 0xe8, 0xaf, 0xb5, 0xa4, 0xe4, 0x0a, 0x11, 0x1c, 0x7f, 0x2a, 0xff, 0x2a, 0x7f, 0x08, 0x7f,
    0x44, 0xe4, 0xbf, 0xf5, 0x95, 0xf5, 0xb7, 0xe4, 0x4a, 0xef, 0x5a, 0x4f, 0x6a, 0xcf, 0x4a, 0x4f,
    0x08, 0x08, 0xf9, 0x1e, 0x2c, 0x4a, 0x89, 0x18, 0x48, 0x48, 0xef, 0xd5, 0x44, 0x44, 0xaa, 0x91,
    0xee, 0xa4, 0xff, 0xae, 0xee, 0xbf, 0xe4, 0x1f, 0x28, 0xbe, 0x2a, 0xf3, 0x24, 0x7f, 0xa4, 0x24,
    0xff, 0x55, 0x33, 0x5d, 0xff, 0x2a, 0xff, 0x08, 0x08, 0xff, 0x22, 0xff, 0x22, 0x3e, 0x64, 0xb3,
    0x4a, 0x1f, 0x0c, 0xd5, 0x4e, 0x56, 0x4d, 0xbf, 0xe8, 0x5e, 0xea, 0xf3, 0xa4, 0xff, 0xa4, 0xe4,
    0x4a, 0xaf, 0xfa, 0x4f, 0xea, 0x4f, 0xea, 0xcf, 0x4e, 0xa4, 0xff, 0x4e, 0xee, 0x5f, 0xe4, 0xdf,
    0xe4, 0xaf, 0xc4, 0xaf, 0xb5, 0xd7, 0x95, 0xaf, 0xf5, 0x5f, 0x40, 0xff, 0x48, 0x7f, 0xd5, 0x15,
    0x62, 0x67, 0xf2, 0x97, 0x6b, 0x6b, 0x6b, 0x77, 0x49, 0x7f, 0xff, 0x81, 0x3c, 0xff, 0x2a, 0xc9,
    0x49, 0x7f, 0x08, 0x7f, 0x14, 0xff, 0x95, 0x9d, 0xac, 0x74, 0xaf, 0x45, 0xfd, 0x52, 0x32, 0xcd,
    0x2f, 0x28, 0xfd, 0x2d, 0x7a, 0x6d, 0xa8, 0x2f, 0x28, 0x7f, 0x25, 0xfa, 0x2f, 0x75, 0x6a, 0x9f,
    0x8a, 0xff, 0x5a, 0xbf, 0x8a, 0xff, 0x5a, 0xbf, 0x4f, 0xef, 0x4a, 0x4f, 0x6a, 0xcf, 0x4d, 0x57,
    0x21, 0xf6, 0x20, 0x71, 0x66, 0xa0, 0x21, 0x26, 0x4e, 0xea, 0x4e, 0xff, 0xd1, 0x5f, 0x51, 0x5f,
    0x24, 0xff, 0x08, 0xff, 0xa5, 0x3e, 0x22, 0x3e, 0x27, 0xfa, 0xaf, 0xa5, 0xf7, 0xd5, 0xa7, 0xdd,
    0x08, 0x2a, 0xcd, 0x3f, 0xe4, 0x3e, 0x24, 0x3f, 0x4f, 0xef, 0x2a, 0x4f, 0xea, 0x6f, 0x4d, 0x57,
    0x9d, 0x4a, 0x91, 0x4e, 0x0a, 0x4e, 0x44, 0x9f, 0x5b, 0xe9, 0x5b, 0x49, 0x64, 0xcf, 0x49, 0x4f,
    0x04, 0x04, 0xff, 0x04, 0x24, 0x24, 0x04, 0x0c, 0x2a, 0x2a, 0xff, 0x2a, 0x2a, 0x2e, 0x20, 0x3f,
    0x97, 0x7a, 0x97, 0x7d, 0x57, 0xfd, 0xb7, 0xdd, 0x22, 0xfb, 0x05, 0xf9, 0xaa, 0xfa, 0xad, 0xfd,
    0x7e, 0x42, 0x7e, 0xff, 0x08, 0x4e, 0x68, 0x9f, 0x88, 0x3f, 0x0a, 0x3f, 0x0a, 0x7f, 0x54, 0x9f,
    0xa1, 0xfd, 0x25, 0xfd, 0x25, 0xfd, 0xa9, 0xab, 0x24, 0x7e, 0x26, 0xfb, 0x08, 0xfe, 0x12, 0xe6,
    0x54, 0x5f, 0xf4, 0x64, 0xbf, 0xc4, 0x64, 0x9f, 0x5f, 0xa4, 0x44, 0xc7, 0x54, 0x54, 0x54, 0x5f,
    0x54, 0x5f, 0xf4, 0xc4, 0x5f, 0x44, 0x44, 0x5f, 0x05, 0x7f, 0x44, 0x45, 0x75, 0x52, 0x52, 0xa5,
    0xf4, 0x24, 0x27, 0xb9, 0xa5, 0xa2, 0xb2, 0xed, 0x24, 0xf7, 0x6d, 0xb2, 0xff, 0x0e, 0x28, 0xff,
    0x7e, 0x42, 0x7e, 0x7f, 0x48, 0xbe, 0x08, 0xff, 0x04, 0xef, 0xa4, 0xff, 0xaf, 0xa9, 0xef, 0x09,
    0x48, 0xff, 0x4a, 0xff, 0xca, 0x7f, 0x54, 0x5f, 0x5f, 0xea, 0x5f, 0xfb, 0xdb, 0x51, 0x51, 0x5f,
    0x7f, 0x08, 0x08, 0x2e, 0x28, 0x28, 0x28, 0xff, 0x84, 0x5f, 0x84, 0x5f, 0x0f, 0x49, 0x4f, 0x89,
    0xaa, 0xff, 0xaa, 0x32, 0xef, 0x22, 0x22, 0x2f, 0x48, 0x7e, 0x88, 0x08, 0x7e, 0x08, 0x08, 0xff,
    0x05, 0x7f, 0x45, 0x72, 0x95, 0x7f, 0x55, 0xff, 0x24, 0xbf, 0x24, 0xff, 0x2f, 0x79, 0xaf, 0x29,
    0xf7, 0x55, 0xf7, 0x10, 0x7f, 0x3e, 0x08, 0x7f, 0x08, 0xff, 0x08, 0x7f, 0x49, 0x7f, 0x40, 0x80,
    0xa5, 0xf5, 0x25, 0xf9, 0xab, 0xff, 0x64, 0xb3, 0xff, 0x14, 0x7f, 0x55, 0x55, 0x67, 0x41, 0x7f,
    0x43, 0xff, 0x12, 0xf2, 0x1f, 0xf6, 0xb6, 0xe9, 0x41, 0xee, 0x4f, 0xea, 0x5a, 0xff, 0x24, 0x3c,
    0x44, 0xef, 0x04, 0xff, 0x0f, 0xe9, 0xaf, 0xe9, 0x91, 0x3e, 0x14, 0xdf, 0x75, 0x55, 0x59, 0xbf,
    0xf7, 0x65, 0xf7, 0xd7, 0x9a, 0xf7, 0x92, 0xf7, 0x08, 0x7e, 0x08, 0xff, 0x3e, 0x22, 0x3e, 0x22,
    0x26, 0x7a, 0x2f, 0xf3, 0x7f, 0x5f, 0x72, 0x56, 0x08, 0xff, 0x14, 0x08, 0xf7, 0x22, 0x3e, 0x42,
    0x31, 0xca, 0x5f, 0xf1, 0x5f, 0xea, 0xca, 0x53, 0xe6, 0xaa, 0xef, 0xa8, 0xef, 0xad, 0xac, 0xb7,
    0x48, 0x7f, 0xc8, 0x7e, 0x7f, 0x24, 0x18, 0xe7, 0x08, 0x7f, 0x54, 0x7f, 0x54, 0x7f, 0x69, 0xab,
    0x4a, 0x5f, 0xea, 0xdf, 0x4a, 0x4e, 0x4a, 0x4e, 0x05, 0x7f, 0x54, 0x5c, 0x7d, 0x52, 0x7a, 0x95,
    0x02, 0x3c, 0x20, 0x3f, 0x24, 0x2e, 0x45, 0x84, 0x24, 0x7e, 0x24, 0xff, 0x24, 0x3c, 0x24, 0x3c,
    0x22, 0xfc, 0x28, 0x7f, 0x6a, 0xaa, 0x2a, 0x32, 0xff, 0x10, 0x10, 0x20, 0x7f, 0xa1, 0x21, 0x3f,
    0x24, 0xdf, 0x44, 0xff, 0x4e, 0xea, 0xce, 0x5b, 0x44, 0x77, 0xa2, 0x2e, 0xea, 0xff, 0x7a, 0xae,
    0x44, 0xbf, 0x44, 0x9f, 0xee, 0x4a, 0xee, 0x5b, 0x6b, 0x6b, 0x14, 0xe3, 0x3e, 0x22, 0x3e, 0x22,
    0x08, 0x7f, 0x08, 0xff, 0x3e, 0x22, 0x3e, 0xe3, 0x08, 0x7e, 0x08, 0xff, 0x14, 0x56, 0x95, 0x24,
    0xe4, 0xbf, 0xea, 0x4a, 0x7b, 0xca, 0xca, 0xf2, 0xe4, 0xbf, 0xe4, 0x5f, 0x6e, 0xca, 0xce, 0xfb,
    0xff, 0x44, 0x4f, 0x79, 0xdf, 0x59, 0x7f, 0x19, 0x4f, 0x45, 0xf5, 0x45, 0x55, 0x65, 0x09, 0x13,
    0x44, 0xf5, 0x55, 0x5f, 0x64, 0xd5, 0x55, 0x5f, 0x44, 0xff, 0x4a, 0x5f, 0x64, 0xdf, 0x4a, 0x4f,
    0x5f, 0xea, 0x4e, 0x4a, 0x7f, 0xd1, 0x4a, 0x51, 0x42, 0xec, 0x48, 0x4f, 0x6a, 0xca, 0x4a, 0x52,
    0x4e, 0xea, 0x0b, 0xf0, 0x0e, 0xea, 0xa4, 0xfb, 0x08, 0xff, 0xa5, 0x46, 0x4f, 0xe5, 0x45, 0x6b,
    0x44, 0x77, 0xa2, 0x77, 0x55, 0x75, 0x47, 0x74, 0x51, 0xea, 0x1f, 0xf1, 0x1f, 0xea, 0xaa, 0xf3,
    0x7f, 0x08, 0xff, 0xab, 0x00, 0x3e, 0x02, 0x3e, 0x4c, 0xb4, 0x5f, 0x95, 0xff, 0x50, 0xf1, 0x5f,
    0x06, 0x78, 0x08, 0xff, 0x08, 0x3e, 0x22, 0x3e, 0x55, 0x40, 0xff, 0xb5, 0xff, 0x44, 0x7f, 0xc4,
    0x24, 0x44, 0xd5, 0x55, 0x55, 0x55, 0x55, 0x5f, 0x48, 0x7e, 0x88, 0x08, 0xff, 0x14, 0x25, 0xc7,
    0x06, 0x78, 0x08, 0xff, 0x08, 0x08, 0x08, 0x08, 0x10, 0x1f, 0x10, 0x10, 0x7f, 0x41, 0x41, 0x7f,
    0x08, 0xff, 0xbd, 0x00, 0x3c, 0x24, 0x3c, 0xff, 0x08, 0xff, 0x4a, 0x7e, 0x4a, 0xff, 0x44, 0x2c,
    0x08, 0x4a, 0x49, 0x99, 0x08, 0xff, 0x14, 0xe3, 0x41, 0x49, 0x49, 0x49, 0x49, 0x49, 0x81, 0x01,
    0xb5, 0x04, 0xff, 0xb4, 0xf5, 0x22, 0xf2, 0x25, 0xff, 0x41, 0x7f, 0x40, 0x7f, 0x6d, 0x5b, 0xad,
    0x5b, 0xe9, 0x52, 0x5b, 0x6a, 0xdf, 0x4a, 0x51, 0x44, 0xea, 0x51, 0xee, 0xc4, 0x4e, 0x44, 0x5f,
    0x48, 0xef, 0x40, 0xff, 0xd5, 0x5f, 0x51, 0x51, 0x10, 0x7e, 0x42, 0x7e, 0x08, 0x7a, 0x1c, 0xeb,
    0x85, 0x5f, 0x84, 0x5f, 0x04, 0x5f, 0x46, 0x99, 0x94, 0x1f, 0xa4, 0x3f, 0x0c, 0x4c, 0x55, 0xa7,
    0x88, 0x5e, 0x8a, 0x53, 0x88, 0x7f, 0x2a, 0x49, 0x8a, 0x5f, 0x8a, 0x5f, 0x0a, 0x55, 0x4e, 0x8e,
    0x24, 0xff, 0x71, 0x55, 0x75, 0x51, 0x00, 0x95, 0x5f, 0x40, 0xff, 0xd0, 0x5f, 0x55, 0xb5, 0xaf,
    0x44, 0xf7, 0x48, 0x77, 0x52, 0x57, 0x56, 0xab, 0x08, 0xff, 0xa5, 0x7e, 0x24, 0xff, 0x14, 0x64,
    0x44, 0x77, 0xaa, 0xff, 0x71, 0x55, 0x75, 0x51, 0x44, 0xaf, 0x49, 0x8f, 0xe4, 0x5d, 0xee, 0x55,
    0x52, 0xbb, 0x52, 0xbf, 0xea, 0x5f, 0xea, 0x5d, 0x14, 0x7f, 0x08, 0xff, 0x88, 0x1f, 0x44, 0x9b,
    0xe4, 0xaf, 0xe9, 0xaf, 0xe4, 0xbd, 0xae, 0xb5, 0x42, 0x7f, 0x5a, 0x9a, 0x7a, 0x1f, 0x22, 0xc2,
    0x2a, 0x7a, 0x59, 0x50, 0xff, 0x59, 0x59, 0x9f, 0x24, 0xff, 0x24, 0x7e, 0x7c, 0x5f, 0x41, 0xab,
    0x44, 0xea, 0x11, 0xee, 0x04, 0xee, 0xa4, 0xff, 0xe5, 0xbf, 0xe4, 0xff, 0xa4, 0xff, 0x06, 0xb9,
    0xe5, 0xbf, 0xe4, 0x5f, 0x64, 0xdf, 0xc6, 0xf9, 0x9b, 0x49, 0x12, 0xdb, 0x4a, 0x5f, 0x4a, 0xbf,
    0x9f, 0x4e, 0x1f, 0xca, 0x55, 0x48, 0x4e, 0xbf, 0x45, 0xbf, 0xe4, 0x5f, 0xe4, 0x5f, 0xe6, 0xd9,
    0x4a, 0xaf, 0xf2, 0x5f, 0xe6, 0x46, 0xea, 0xd3, 0xe7, 0xa5, 0xe7, 0x81, 0x89, 0x89, 0x95, 0xa3,
    0x65, 0xaf, 0x72, 0x57, 0x52, 0x7f, 0x02, 0xb2, 0x22, 0xff, 0x00, 0x75, 0x55, 0x75, 0x51, 0x93,
    0x14, 0x7f, 0x08, 0x7f, 0x2a, 0xff, 0x22, 0x3e, 0x91, 0x3a, 0x92, 0x3b, 0x3b, 0x53, 0x7b, 0x95,
    0x75, 0x5f, 0xb4, 0x24, 0xca, 0x11, 0x00, 0x95, 0x18, 0x24, 0xc3, 0x7e, 0x08, 0x7e, 0x08, 0xff,
    0x55, 0xe0, 0x3f, 0x35, 0x5f, 0xe4, 0x5f, 0x44, 0x4a, 0xbf, 0x44, 0x8e, 0xe4, 0x5f, 0xea, 0x4e,
    0xea, 0xbf, 0xe4, 0xae, 0xe4, 0xbf, 0xaa, 0xae, 0x2f, 0xb8, 0x2f, 0xff, 0x2a, 0x7f, 0xaa, 0x37,
    0x0a, 0xff, 0xb5, 0xbf, 0xb5, 0xff, 0x0a, 0x0e, 0xa7, 0xfd, 0xd7, 0xf5, 0x49, 0xbe, 0x08, 0xff,
    0x4e, 0x4a, 0x4e, 0xea, 0xee, 0xea, 0xea, 0x1f, 0x4a, 0xff, 0x4a, 0x5f, 0x6a, 0xce, 0x4a, 0x4e,
    0x24, 0xff, 0x5a, 0x7e, 0x42, 0x3c, 0x24, 0x3c, 0x14, 0x7f, 0x49, 0x7f, 0x49, 0x3e, 0x22, 0x3e,
    0x22, 0xff, 0x77, 0xaa, 0xff, 0x2d, 0x38, 0xc7, 0xae, 0x4a, 0x6e, 0xaa, 0x6e, 0xaa, 0x2a, 0x5f,
    0xe4, 0x3f, 0x4a, 0xfd, 0xce, 0xce, 0xea, 0x93, 0xe4, 0x3f, 0x44, 0xff, 0xd5, 0xdf, 0xee, 0x95,
    0xea, 0x5f, 0x4a, 0x7f, 0xe5, 0x6e, 0x6c, 0x13, 0x4e, 0xea, 0x2e, 0x2a, 0x4e, 0xea, 0x4a, 0x5f,
    0x17, 0xe5, 0x27, 0xf5, 0x27, 0x75, 0xa5, 0x2f, 0x27, 0xb5, 0x27, 0xf5, 0x27, 0x75, 0xa5, 0x2f,
    0x08, 0x7e, 0xff, 0x28, 0x12, 0xfd, 0x2a, 0xc9, 0x4e, 0xaa, 0x4e, 0x8a, 0xee, 0x4a, 0xea, 0x5f,
    0x24, 0xff, 0x82, 0xec, 0xbf, 0xe4, 0x0e, 0xb5, 0x42, 0xec, 0x08, 0xef, 0x0a, 0xee, 0xab, 0xf2,
    0xee, 0xaa, 0xce, 0xaa, 0xae, 0xca, 0x8a, 0x9f, 0xaf, 0x15, 0x3f, 0xd5, 0x7f, 0x55, 0x69, 0xbf,
    0x6e, 0x52, 0x7e, 0x00, 0x6a, 0x5e, 0x6a, 0xb1, 0x2a, 0x5f, 0xd5, 0x5f, 0x55, 0x5f, 0x4a, 0x4e,
    0x21, 0x55, 0xad, 0x75, 0x55, 0x7d, 0xc9, 0x7b, 0x77, 0x11, 0x55, 0x55, 0x22, 0x22, 0x55, 0x89,
    0x2a, 0xff, 0x3e, 0x08, 0xff, 0x5e, 0x56, 0xf9, 0x18, 0x24, 0xdb, 0x3c, 0x24, 0x7e, 0xa2, 0x3e,
    0x08, 0xff, 0x6b, 0x6b, 0x08, 0xff, 0x24, 0x73, 0x24, 0xa4, 0x7f, 0x24, 0x24, 0x64, 0xa4, 0x3f,
    0x08, 0x7f, 0x1c, 0xff, 0x2a, 0xdd, 0x08, 0x36, 0x08, 0xff, 0x29, 0x4a, 0x29, 0x4a, 0x14, 0xe3,
    0x08, 0xff, 0x81, 0x08, 0xff, 0x1c, 0x2a, 0xc9, 0x7f, 0x7f, 0x4a, 0x7f, 0x65, 0x7f, 0x52, 0x9e,
    0xff, 0x88, 0xbe, 0xaa, 0xaa, 0xae, 0x88, 0xff, 0x68, 0x7f, 0xab, 0x75, 0x20, 0x2a, 0xa5, 0x9d,
    0x4e, 0xea, 0x4e, 0xea, 0x4e, 0x2a, 0xa5, 0x9d, 0x44, 0xff, 0x55, 0x5f, 0x7f, 0xca, 0x44, 0x5b,
    0x4e, 0xe2, 0x4e, 0x5f, 0x75, 0xce, 0x4e, 0x44, 0x42, 0xec, 0x5f, 0x44, 0x7f, 0xd5, 0x5f, 0x44,
    0x5f, 0xe6, 0x59, 0x5f, 0x75, 0xdf, 0x45, 0x5f, 0x4e, 0xea, 0x5f, 0x55, 0x7f, 0xc4, 0x4e, 0x55,
    0x7e, 0x42, 0x7e, 0x42, 0x7e, 0x08, 0xff, 0x08, 0x14, 0xff, 0x7f, 0x55, 0x7f, 0x3e, 0x22, 0x3e,
    0x2a, 0x7e, 0x4a, 0x7e, 0x4a, 0xff, 0x2a, 0xc9, 0x44, 0xea, 0x55, 0xee, 0xca, 0x4f, 0x59, 0x4f,
    0x4a, 0xff, 0x4a, 0xff, 0xeb, 0x7f, 0x52, 0x5e, 0x8a, 0x3f, 0x8a, 0x3f, 0x2b, 0xbf, 0x92, 0x9e,
    0x4e, 0x4a, 0xff, 0xd5, 0x5f, 0x44, 0xae, 0x95, 0x3c, 0x48, 0x7e, 0x0a, 0xff, 0x0a, 0x7e, 0x18,
    0x08, 0x7f, 0x5f, 0xd5, 0x5f, 0xd2, 0x4c, 0xb3, 0x2f, 0xf9, 0x2f, 0x79, 0x6f, 0xa9, 0x29, 0x2f,
    0x08, 0xff, 0x95, 0x22, 0x7e, 0x2a, 0xa5, 0x9d, 0x4a, 0xff, 0x4a, 0xff, 0x6b, 0xff, 0xd2, 0x5e,
    0x4a, 0xb1, 0x4a, 0x9d, 0xe0, 0x4a, 0xf9, 0x4e, 0x44, 0xbf, 0x51, 0x8e, 0xe0, 0x5f, 0xe4, 0x55,
    0xea, 0xb1, 0xea, 0xbd, 0xe0, 0xaa, 0xf9, 0x2e, 0x24, 0xff, 0x7e, 0x42, 0x7e, 0x08, 0xff, 0x08,
    0x24, 0xff, 0x24, 0xa4, 0x7f, 0x24, 0x64, 0xbf, 0x24, 0xff, 0x5e, 0xa8, 0xcf, 0x24, 0xff, 0x24,
    0x24, 0xff, 0x5a, 0xbd, 0x24, 0x7e, 0xa2, 0x3e, 0x24, 0xff, 0x0a, 0x9f, 0x15, 0x9f, 0x4e, 0x95,
    0x44, 0xdf, 0x44, 0xdf, 0x08, 0xff, 0x64, 0xb3, 0x08, 0x7e, 0x08, 0xff, 0x08, 0x4e, 0x68, 0x9f,
    0x8a, 0x5f, 0x04, 0xdf, 0x44, 0x4a, 0x71, 0xbf, 0x8a, 0x3f, 0x0a, 0xff, 0x6b, 0x7f, 0x52, 0xbf,
    0x44, 0xaa, 0xf5, 0x4e, 0xea, 0x4f, 0xf9, 0xcf, 0x3e, 0x08, 0xff, 0xab, 0x27, 0xfd, 0x75, 0xaf,
    0xff, 0xc6, 0xf9, 0xdf, 0xf5, 0x3f, 0xa5, 0x5f, 0x2c, 0x5f, 0xd5, 0x5f, 0x4d, 0x56, 0x4a, 0x55,
    0x4a, 0x5f, 0xf5, 0x5f, 0x55, 0x7f, 0xca, 0x0e, 0x4a, 0x5f, 0xf5, 0xdf, 0x55, 0x5f, 0x4a, 0x4e,
    0xea, 0xbf, 0xe2, 0xbf, 0xea, 0xbf, 0xaa, 0xbd, 0x24, 0xff, 0x25, 0x7f, 0x54, 0x7d, 0x52, 0xbd,
    0xea, 0xbf, 0xf5, 0xff, 0xb5, 0xff, 0x0a, 0xae, 0x94, 0x1f, 0x24, 0xff, 0x5f, 0x51, 0x5f, 0xbf,
    0x3f, 0x51, 0xdf, 0x44, 0x57, 0x54, 0x54, 0x6f, 0x3d, 0x55, 0xdd, 0x5d, 0x55, 0x5d, 0x41, 0x55,
    0xf1, 0x95, 0xf5, 0xf5, 0x95, 0xf5, 0x01, 0x93, 0xf7, 0x95, 0xf5, 0x95, 0xf5, 0x87, 0xa4, 0xd4,
    0x10, 0x7e, 0x42, 0x7e, 0x42, 0x7e, 0xaa, 0x9d, 0x5f, 0xf1, 0x5f, 0x44, 0x77, 0xd4, 0x54, 0x6f,
    0x08, 0xff, 0x08, 0x7f, 0x49, 0x7f, 0x2a, 0xc9, 0x9d, 0x55, 0x9d, 0x5d, 0x15, 0x5d, 0x41, 0x95,
    0x7e, 0x42, 0x7e, 0x08, 0x4e, 0x48, 0x48, 0xbf, 0x84, 0x3f, 0x1f, 0xd5, 0x5f, 0x4e, 0x55, 0xbf,
    0x2a, 0x51, 0xc4, 0x4a, 0x51, 0x4e, 0x4a, 0x4e, 0x7f, 0x7f, 0x46, 0x5c, 0x56, 0x7f, 0x67, 0xad,
    0xe5, 0xbf, 0xe4, 0xea, 0xbe, 0xeb, 0x0a, 0xa5, 0x44, 0xf7, 0x44, 0x77, 0x5a, 0x57, 0x52, 0xa5,
    0x44, 0xaf, 0x44, 0x9f, 0xf1, 0x4a, 0xea, 0x53, 0x08, 0xff, 0x22, 0x22, 0x55, 0xff, 0x08, 0x08,
    0x44, 0xe4, 0x3f, 0x55, 0xff, 0x75, 0x55, 0x5f, 0x24, 0xff, 0x24, 0x3c, 0x24, 0xff, 0x24, 0xc3,
    0x4a, 0xff, 0x40, 0x5d, 0x75, 0xdd, 0x55, 0x55, 0x10, 0xff, 0x2e, 0x42, 0xc4, 0x5f, 0x44, 0x4c,
    0xe3, 0x2c, 0x45, 0x4a, 0xe4, 0x5f, 0x44, 0xd5, 0x24, 0xff, 0x7e, 0x66, 0x42, 0xff, 0x04, 0x2c,
    0x4e, 0xea, 0x5f, 0x51, 0x7f, 0xd1, 0x5f, 0x71, 0x22, 0xf2, 0x2f, 0x72, 0x6a, 0xa2, 0x22, 0x26,
    0xbf, 0x0a, 0x15, 0xd2, 0x7f, 0x52, 0x77, 0xbf, 0x24, 0x54, 0xdf, 0x75, 0x55, 0x54, 0x51, 0x5f,
    0x3c, 0xd4, 0x08, 0x77, 0x09, 0x35, 0x02, 0x3c, 0x08, 0x08, 0xff, 0x08, 0x08, 0x14, 0x22, 0xd1,
    0x84, 0x44, 0x9f, 0x44, 0x04, 0x44, 0x4a, 0xb5, 0x44, 0xff, 0x11, 0xe8, 0x0a, 0xec, 0xa9, 0xef,
    0x0e, 0xe4, 0xbf, 0xae, 0xae, 0xff, 0x04, 0x1f, 0xe4, 0xbf, 0xcd, 0xb7, 0xc5, 0x88, 0x3e, 0xff,
    0x06, 0x78, 0x91, 0x4a, 0x10, 0xff, 0x14, 0x3f, 0x48, 0x5f, 0xea, 0xd7, 0x4f, 0x49, 0x4f, 0x49,
    0x2f, 0xf2, 0x22, 0x22, 0x32, 0xe2, 0x22, 0x26, 0x44, 0xff, 0x51, 0xe8, 0xca, 0x4c, 0x49, 0x4f,
    0x24, 0x7f, 0x59, 0x54, 0xf5, 0x56, 0x55, 0x97, 0x48, 0xff, 0x4a, 0xf7, 0xcf, 0x49, 0x4f, 0x49,
    0xe4, 0xbf, 0xd1, 0xa8, 0xaa, 0xcc, 0x89, 0x8f, 0xf2, 0xa2, 0xff, 0xa2, 0xf2, 0x12, 0xd5, 0x2b,
    0xeb, 0xc0, 0xef, 0xcb, 0xef, 0x22, 0xaf, 0x42, 0x24, 0x44, 0xdf, 0x44, 0x4e, 0x55, 0x4e, 0x44,
    0x4a, 0x4f, 0xfa, 0x4f, 0x4a, 0x6f, 0xca, 0x0f, 0x42, 0xf2, 0x2f, 0xa2, 0x6a, 0x22, 0x52, 0x86,
    0xf2, 0x42, 0xff, 0xd2, 0xda, 0xd2, 0x92, 0xb6, 0x25, 0x5f, 0xc4, 0x43, 0x08, 0x49, 0x49, 0x7f,
    0x2a, 0xff, 0x2a, 0xff, 0x89, 0x3e, 0x2a, 0x08, 0x44, 0xae, 0x44, 0xdf, 0x42, 0x5f, 0x42, 0x52,
    0x22, 0xfd, 0x7e, 0x42, 0x7e, 0x2a, 0xa5, 0x9d, 0x54, 0xf7, 0x74, 0x57, 0x74, 0x57, 0xaa, 0x9d,
    0x25, 0x74, 0xff, 0x74, 0x55, 0x72, 0xfa, 0x55, 0x22, 0xf7, 0x22, 0xf7, 0x55, 0xbf, 0x22, 0x3e,
    0x08, 0x7f, 0x1c, 0xff, 0x2a, 0xdd, 0x1c, 0x6b, 0x8a, 0x5f, 0x8a, 0x5f, 0x15, 0x4e, 0x4e, 0x84,
    0xe4, 0xa4, 0xe9, 0xaf, 0xe0, 0xaf, 0xa9, 0xaf, 0xe7, 0xb5, 0xe7, 0xbd, 0xee, 0xad, 0xa8, 0xb7,
    0x24, 0xff, 0x10, 0x22, 0xfd, 0x7e, 0x42, 0x7e, 0x25, 0x5f, 0xc2, 0x49, 0xff, 0x6a, 0xa4, 0x33,
    0x29, 0x5f, 0xc4, 0x43, 0x3e, 0x22, 0x3e, 0xe3, 0x9e, 0x52, 0x1e, 0xd2, 0x5e, 0x54, 0x5b, 0xbf,
    0x84, 0x4e, 0x17, 0xce, 0x55, 0x4e, 0x55, 0xbf, 0xea, 0xbf, 0xcc, 0xb5, 0xaa, 0xd6, 0x8a, 0x95,
    0x25, 0xdf, 0x42, 0x7f, 0x4a, 0x4a, 0xff, 0x95, 0x5f, 0x95, 0xff, 0xb5, 0xbf, 0xff, 0x1b, 0xaf,
    0x29, 0x48, 0xdf, 0x44, 0x44, 0x42, 0x42, 0x41, 0x10, 0x24, 0xfe, 0x01, 0x7e, 0x42, 0x42, 0x7e,
    0x08, 0x08, 0xff, 0x08, 0x08, 0x14, 0x22, 0xc1, 0x44, 0x77, 0xaa, 0x7e, 0x12, 0x7f, 0x51, 0x93,
    0xee, 0x4a, 0xee, 0xff, 0xa4, 0xf6, 0xb4, 0xef, 0x77, 0x52, 0x77, 0xfd, 0x27, 0x77, 0x6d, 0x9f,
    0x08, 0x7f, 0x56, 0x6f, 0x56, 0x5f, 0x41, 0xab, 0x84, 0x1f, 0x8a, 0x3f, 0x15, 0x5f, 0x44, 0x87,
    0x93, 0x7e, 0xab, 0x7d, 0x2b, 0x7a, 0x6a, 0xab, 0x08, 0x0e, 0x08, 0x7e, 0x42, 0x7e, 0xff, 0x08,
    0x1f, 0xe4, 0xb9, 0xae, 0xb6, 0xed, 0x35, 0x08, 0x08, 0xff, 0x8d, 0x70, 0x10, 0xfe, 0x11, 0x1f,
    0x43, 0xec, 0x44, 0x47, 0x6c, 0xc4, 0x45, 0x47, 0x4f, 0xe9, 0x49, 0x4f, 0x6a, 0xca, 0x4a, 0x51,
    0x2f, 0xf4, 0x24, 0x27, 0x3d, 0xe5, 0x25, 0x27, 0x9f, 0x51, 0x91, 0x5f, 0x14, 0x54, 0x52, 0xa1,
    0x9f, 0x45, 0x9f, 0x45, 0x0a, 0x4f, 0x5a, 0x8f, 0xff, 0x44, 0x59, 0xee, 0x56, 0x6d, 0xd5, 0x08,
    0x43, 0xec, 0x04, 0xe7, 0x0c, 0xe4, 0xa5, 0xe7, 0x5f, 0xb5, 0xff, 0x44, 0xff, 0x4a, 0xff, 0xc4,
    0x9f, 0x55, 0x9f, 0x69, 0x1d, 0x5d, 0x4d, 0x9b, 0x4a, 0xff, 0x04, 0xff, 0x08, 0xff, 0xa9, 0xef,
    0x24, 0xff, 0x24, 0xff, 0x42, 0x43, 0xfe, 0x02, 0x7e, 0x52, 0x7e, 0x76, 0x76, 0x76, 0x53, 0x91,
    0x55, 0x44, 0xff, 0xb1, 0xff, 0x51, 0x7f, 0xd1, 0x7e, 0x42, 0x42, 0x42, 0x7e, 0x00, 0x22, 0xc1,
    0x0f, 0xe9, 0xa9, 0xa9, 0xa9, 0xef, 0x08, 0x08, 0x2f, 0x49, 0xcf, 0x49, 0x49, 0x4f, 0x40, 0x5f,
    0x84, 0x5f, 0x04, 0xdf, 0x4a, 0x5f, 0x44, 0xbf, 0x7f, 0x40, 0x7f, 0x40, 0x7f, 0x55, 0x56, 0xb9,
    0x08, 0xff, 0x6a, 0xbd, 0x28, 0xff, 0x04, 0x2c, 0xf1, 0xaa, 0xff, 0xb1, 0xff, 0xaa, 0xaa, 0xb3,
    0xf7, 0x33, 0x44, 0xff, 0x24, 0xff, 0x22, 0xc1, 0xf7, 0xa5, 0xf2, 0xf5, 0x08, 0x7f, 0x14, 0xff,
    0x84, 0x55, 0x15, 0xd5, 0x55, 0x5f, 0x40, 0xbf, 0x5f, 0xf5, 0x5f, 0xf5, 0xdf, 0x55, 0x55, 0x6b,
    0x24, 0x42, 0x18, 0x24, 0xc3, 0x3c, 0x24, 0x3c, 0xbf, 0x55, 0x7f, 0xb5, 0x7f, 0xa4, 0x2e, 0x5f,
    0x5f, 0x84, 0xff, 0xb5, 0xa4, 0xef, 0x01, 0xaf, 0x4a, 0xff, 0x5b, 0xf1, 0xdf, 0x5f, 0x4a, 0x46,
    0x4a, 0xef, 0x1a, 0xef, 0x0a, 0xef, 0xaa, 0xef, 0x7e, 0x42, 0x52, 0x4a, 0xff, 0x42, 0x42, 0x86,
    0x51, 0x2a, 0x7f, 0x49, 0x7f, 0x49, 0xff, 0x08, 0x0a, 0xff, 0xaa, 0xbf, 0xb5, 0xff, 0x04, 0x1b,
    0x4f, 0x49, 0xef, 0x49, 0x49, 0x6f, 0xc0, 0x1f, 0x4f, 0xe9, 0x4f, 0x49, 0x69, 0xcf, 0x40, 0x5f,
    0x5f, 0xf1, 0x4a, 0x53, 0x64, 0xdf, 0x4e, 0x55, 0x7e, 0x42, 0x7e, 0x42, 0x42, 0x7e, 0x00, 0xff,
    0x54, 0xfc, 0x57, 0xf9, 0xaa, 0xfa, 0x22, 0xdd, 0x95, 0x55, 0x8a, 0x51, 0x04, 0x55, 0x4a, 0x91,
    0x8a, 0x5f, 0x8a, 0x4e, 0x0a, 0x5f, 0x54, 0x9f, 0x49, 0x7f, 0x00, 0x7f, 0x44, 0x55, 0x4a, 0x91,
    0x4f, 0x70, 0xaf, 0x29, 0xf9, 0x2f, 0x56, 0x8f, 0x55, 0x5f, 0xe0, 0x3f, 0xa8, 0x5f, 0xf5, 0x15,
    0x44, 0x77, 0xa2, 0x2a, 0x7f, 0x49, 0xff, 0x08, 0x44, 0xbf, 0x51, 0x8e, 0xe4, 0x4e, 0xec, 0x53,
    0xf2, 0x5f, 0x7b, 0x52, 0x76, 0x56, 0xfa, 0x13, 0x77, 0x55, 0x77, 0x55, 0x75, 0x57, 0x50, 0x9f,
    0xff, 0x09, 0x4c, 0x7f, 0xaa, 0x3e, 0x0a, 0x7d, 0x59, 0xee, 0x0a, 0xf7, 0x1e, 0xef, 0xa8, 0xf7,
    0x4b, 0xb5, 0xfd, 0x50, 0xff, 0x55, 0xfa, 0xd5, 0xff, 0x85, 0xff, 0x85, 0xa5, 0x85, 0x8d, 0xff,
    0x44, 0x5f, 0xf1, 0x55, 0x5f, 0x6a, 0xca, 0x1f, 0xf5, 0x20, 0xff, 0x95, 0xff, 0x24, 0x3f, 0xc4,
    0xa2, 0xfc, 0xa8, 0xff, 0xaa, 0xfa, 0xaa, 0xf2, 0x02, 0xfd, 0xb5, 0xe8, 0xbf, 0xaa, 0xf4, 0x2b,
    0x44, 0xff, 0x51, 0xf5, 0xdf, 0x4a, 0x4e, 0x5f, 0x2e, 0xca, 0xeb, 0x90, 0xee, 0x8a, 0xe4, 0x9b,
    0x7f, 0x49, 0x7f, 0x49, 0xff, 0x11, 0x21, 0xc7, 0x55, 0xf5, 0x0a, 0xf1, 0x04, 0xf5, 0xaa, 0xf1,
    0x22, 0x4f, 0xc2, 0x57, 0x55, 0x57, 0x55, 0x5f, 0x40, 0x7f, 0xa9, 0x29, 0xf9, 0x29, 0x59, 0x8f,
    0x44, 0x54, 0xff, 0x55, 0x55, 0x74, 0xd1, 0x1f, 0xea, 0x2a, 0xef, 0x9b, 0xeb, 0x2a, 0x29, 0xcf,
    0xf4, 0x52, 0x70, 0x56, 0x7d, 0x5c, 0xf5, 0x17, 0x40, 0x7f, 0xa9, 0xf9, 0x5f, 0xbe, 0x22, 0x3e,
    0x84, 0x14, 0x9f, 0x35, 0x15, 0x54, 0x51, 0x9f, 0x08, 0x7f, 0x60, 0xff, 0x55, 0xfd, 0x55, 0xaf,
    0x2a, 0xcf, 0x5a, 0xef, 0x4a, 0xef, 0xca, 0x4f, 0x7f, 0x55, 0x7f, 0x08, 0xff, 0x22, 0xa2, 0xff,
    0xe8, 0x48, 0xaf, 0xf2, 0x4a, 0xe4, 0x44, 0xfb, 0x50, 0x5f, 0xeb, 0xbf, 0xeb, 0x4b, 0x77, 0xd3,
    0x9f, 0x51, 0x1f, 0xd0, 0x55, 0x57, 0x62, 0xbf, 0xfa, 0xaa, 0xff, 0xab, 0xfb, 0x1a, 0xd9, 0x2f,
    0x44, 0x7f, 0x92, 0xee, 0x4b, 0xff, 0x2a, 0xc9, 0x08, 0xff, 0x08, 0x74, 0x19, 0xff, 0x2a, 0x3e,
    0x24, 0x24, 0x7f, 0xaa, 0x22, 0x22, 0x22, 0x26, 0x48, 0x7f, 0x92, 0xee, 0x4a, 0x4e, 0xea, 0x13,
    0x24, 0xff, 0x08, 0x74, 0x19, 0xff, 0x2a, 0x3e, 0x9f, 0x44, 0x0d, 0xd6, 0x4a, 0x55, 0x40, 0xbf,
    0x34, 0xdf, 0x54, 0xff, 0x44, 0xe4, 0xca, 0x51, 0x08, 0xff, 0xa5, 0x56, 0x3e, 0x08, 0x3e, 0xff,
    0x24, 0xff, 0x1c, 0x22, 0xc9, 0xff, 0x2a, 0xc9, 0x44, 0x5f, 0xea, 0x7f, 0xb5, 0xdf, 0x7b, 0x9f,
    0x14, 0x7f, 0x08, 0xff, 0x22, 0x7e, 0xa2, 0x3e, 0x08, 0xff, 0x89, 0x89, 0x89, 0xff, 0x08, 0x08,
    0x24, 0x5f, 0xd5, 0x55, 0x55, 0x5f, 0x44, 0x44, 0x08, 0xff, 0x89, 0x7e, 0x4a, 0x7e, 0x4a, 0x7e,
    0x08, 0x7e, 0x4a, 0x7e, 0x08, 0x2a, 0xa5, 0x9d, 0x44, 0xe4, 0x5f, 0x55, 0x7f, 0xd5, 0x55, 0x5f,
    0x7e, 0x42, 0x7e, 0x42, 0xbd, 0x24, 0x3c, 0xff, 0x44, 0xff, 0x44, 0xe4, 0xdf, 0x44, 0x44, 0x5f,
    0x84, 0x5f, 0x84, 0x44, 0x1f, 0x44, 0x44, 0x9f, 0x10, 0x7e, 0x52, 0x52, 0x7e, 0x10, 0x12, 0xfd,
    0x08, 0xff, 0x7e, 0x4a, 0x7e, 0x6a, 0xa4, 0x33, 0x44, 0xff, 0x04, 0xe4, 0x1f, 0xe4, 0xa4, 0xff,
    0xf2, 0x42, 0xff, 0xd2, 0x9a, 0xf2, 0x92, 0xf6, 0x44, 0xbf, 0xe4, 0x5f, 0xea, 0x5f, 0xf2, 0xca,
    0xf2, 0xa7, 0xf2, 0xa2, 0xf7, 0x12, 0xd2, 0x27, 0x5f, 0xe4, 0x5f, 0xf5, 0xce, 0x4f, 0x41, 0x46,
    0xb5, 0x1f, 0xb6, 0x1f, 0x35, 0x5f, 0x55, 0xa7, 0xa5, 0x4f, 0x66, 0xbf, 0x65, 0xaf, 0x35, 0x47,
    0x24, 0xff, 0x08, 0x7f, 0x41, 0xff, 0x08, 0x18, 0x24, 0xff, 0x0a, 0x3e, 0x0c, 0xff, 0x32, 0xde,
    0xe2, 0xaf, 0xe9, 0xe0, 0xaf, 0xe2, 0x02, 0xa6, 0xff, 0x08, 0x08, 0x08, 0x08, 0x08, 0x08, 0x18,
    0x24, 0xa5, 0x66, 0x24, 0x66, 0xa5, 0x25, 0xc7, 0x9f, 0x55, 0x1f, 0x15, 0x1f, 0x5f, 0x5b, 0xaf,
    0x0a, 0xff, 0xaa, 0xaf, 0xa4, 0xff, 0x0e, 0x15, 0x08, 0xff, 0xa5, 0x57, 0xf9, 0x77, 0x76, 0x57,
    0x44, 0x47, 0xe4, 0xe4, 0xef, 0x49, 0x49, 0x4f, 0x4f, 0x48, 0xee, 0xe8, 0xff, 0x4d, 0x4a, 0x59,
    0x08, 0x7f, 0x40, 0x7f, 0x44, 0x44, 0x44, 0x8c, 0x7e, 0x12, 0x7e, 0x50, 0xff, 0x11, 0x15, 0x12,
    0xef, 0x28, 0xee, 0x88, 0xff, 0x2d, 0x2a, 0xd9, 0x7d, 0x56, 0x7c, 0x55, 0x7e, 0x7c, 0x6d, 0xbe,
    0x54, 0xbc, 0x7f, 0xc5, 0x7d, 0x7a, 0x52, 0x7d, 0x54, 0xbf, 0x45, 0xfa, 0x55, 0x70, 0xaa, 0x9d,
    0x4a, 0xea, 0x5b, 0x4a, 0x7b, 0xca, 0x4a, 0x53, 0x4e, 0xea, 0xee, 0xff, 0xe8, 0xef, 0x4b, 0x55,
    0x27, 0xfd, 0x27, 0x75, 0x57, 0x75, 0xf5, 0x2b, 0x97, 0x7d, 0xbf, 0x2d, 0x3f, 0x55, 0x7d, 0x93,
    0xaa, 0xbf, 0xea, 0x8f, 0xe4, 0xbf, 0xae, 0xb5, 0xf8, 0xaf, 0xfa, 0xaa, 0xaa, 0xfa, 0x02, 0x06,
    0xea, 0xaa, 0xfb, 0xaa, 0xfb, 0xaa, 0xea, 0x13, 0xe4, 0xbf, 0xe4, 0xbf, 0xff, 0xaa, 0xf9, 0x2e,
    0xef, 0xa8, 0xee, 0xa8, 0xff, 0xad, 0xaa, 0xb9, 0xee, 0xaa, 0xee, 0xbf, 0xe8, 0xaf, 0xab, 0xb5,
    0x4a, 0x5f, 0xea, 0xaf, 0xe4, 0x5f, 0x6e, 0xd5, 0x5f, 0xf5, 0x1f, 0xf5, 0x1f, 0xff, 0xbb, 0xff,
    0x4a, 0xff, 0x0a, 0xef, 0x04, 0xff, 0xae, 0xf5, 0x2f, 0x75, 0x25, 0xf8, 0x27, 0x75, 0x67, 0x9f,
    0xea, 0xaa, 0xfb, 0x4a, 0x7b, 0xca, 0xca, 0xf3, 0x4a, 0xaa, 0xfb, 0x4a, 0xfb, 0x4a, 0xea, 0xd3,
    0x3e, 0x20, 0x3c, 0x20, 0xff, 0x2a, 0x34, 0x63, 0xef, 0x44, 0x4f, 0x49, 0x4f, 0x49, 0x4f, 0xd9,
    0x10, 0x3e, 0x22, 0x3e, 0x22, 0x3f, 0x01, 0xab, 0x24, 0xff, 0x25, 0xfd, 0xad, 0xfd, 0x75, 0xab,
    0x44, 0xf7, 0x54, 0x5f, 0x66, 0xd5, 0x42, 0x5c, 0x08, 0x7f, 0x08, 0x5e, 0x52, 0x5e, 0x52, 0x7f,
    0xea, 0xa4, 0xff, 0xa4, 0xff, 0xa4, 0xaa, 0xb1, 0x84, 0x5f, 0x95, 0x44, 0x0c, 0x4c, 0x55, 0xa7,
    0xe4, 0x4a, 0x51, 0xe4, 0x4a, 0x65, 0xc2, 0x0c, 0x22, 0x4c, 0xdf, 0x44, 0x3f, 0x22, 0x3e, 0xe3,
    0x44, 0xbf, 0xee, 0x4a, 0xee, 0x5f, 0xea, 0xd1, 0xe4, 0xbf, 0xd5, 0xbf, 0xb5, 0xdf, 0x8e, 0x95,
    0x88, 0x3e, 0x8a, 0x3f, 0x0a, 0x5e, 0x7f, 0x88, 0xea, 0xbf, 0xcd, 0xb6, 0xca, 0x95, 0x7e, 0xff,
    0x4a, 0xef, 0x5a, 0xef, 0xca, 0x4f, 0x4a, 0x4f, 0x4a, 0xe7, 0x45, 0xff, 0xcc, 0x4f, 0x4d, 0x57,
    0x88, 0x5e, 0x12, 0xde, 0x50, 0x5e, 0x52, 0xbf, 0x4a, 0xa7, 0xe5, 0x5f, 0xec, 0x4f, 0xed, 0xd7,
    0x08, 0x7f, 0x5e, 0xc4, 0x7f, 0xe5, 0x7f, 0xa5, 0x9e, 0x44, 0x1f, 0xdf, 0x55, 0x5f, 0x55, 0xbf,
    0x5f, 0x51, 0xee, 0x44, 0x4d, 0x76, 0xca, 0x15, 0x4e, 0xea, 0x4a, 0xff, 0xda, 0x56, 0x5f, 0x42,
    0x5f, 0xff, 0x55, 0x5f, 0x75, 0xd7, 0x5f, 0x5f, 0x57, 0xfd, 0x57, 0xff, 0xd5, 0x6f, 0x46, 0x4b,
    0x3f, 0x55, 0xd5, 0x5f, 0x55, 0x55, 0x55, 0x5f, 0x84, 0x5f, 0x84, 0x5f, 0x0e, 0x4a, 0x4e, 0x9b,
    0x2f, 0xf4, 0x24, 0x77, 0x6d, 0xa5, 0x25, 0x27, 0x84, 0x44, 0x1f, 0xc4, 0x44, 0x44, 0x40, 0xbf,
    0x24, 0xff, 0x10, 0x3c, 0x24, 0x3f, 0x01, 0xab, 0x5f, 0xb5, 0x4a, 0x95, 0xff, 0x55, 0xea, 0x55,
    0x5f, 0xb5, 0xff, 0x5f, 0xe4, 0x47, 0xe9, 0xc2, 0x44, 0xee, 0x44, 0xff, 0xca, 0x5f, 0x4a, 0x4e,
    0x84, 0x4f, 0x8d, 0x5f, 0x0f, 0x49, 0x4f, 0x99, 0x5f, 0x44, 0xf5, 0x55, 0x44, 0x7f, 0xc4, 0x04,
    0x08, 0xff, 0x3e, 0xff, 0x95, 0x3e, 0x14, 0xff, 0x4e, 0x5f, 0xf5, 0x60, 0xbf, 0xc8, 0x7f, 0x95,
    0x44, 0x84, 0x5f, 0x95, 0xf5, 0x5f, 0xf5, 0x5f, 0x01, 0x7e, 0x4a, 0x4a, 0x4a, 0x4a, 0x4a, 0x89,
    0x7e, 0x42, 0x7e, 0x08, 0xff, 0x89, 0x8b, 0x08, 0x24, 0x57, 0xf9, 0x21, 0xf5, 0xa3, 0x71, 0xe2,
    0x24, 0xfe, 0xaa, 0x7e, 0xe8, 0x7f, 0x61, 0x75, 0x08, 0xff, 0x3c, 0x24, 0xff, 0xbd, 0x08, 0x18,
    0x22, 0x5c, 0xd4, 0x5f, 0x54, 0x52, 0x59, 0x7f, 0x24, 0x5f, 0xce, 0x4a, 0x7f, 0x6f, 0x44, 0x4c,
    0x2e, 0x48, 0xde, 0x52, 0x5e, 0x52, 0x5e, 0x73, 0x51, 0xfd, 0x2d, 0xfd, 0xa5, 0xfd, 0x69, 0xab,
    0x1e, 0x10, 0x7e, 0x42, 0x7e, 0x42, 0x7e, 0xe3, 0x7e, 0x42, 0x7e, 0xff, 0x08, 0x7e, 0x08, 0xff,
    0x4e, 0x4a, 0xee, 0x5f, 0x44, 0x77, 0xd4, 0x2f, 0x08, 0xff, 0x81, 0x7e, 0x08, 0x4e, 0x68, 0x9f,
    0x08, 0x7f, 0x14, 0xff, 0x89, 0x3e, 0x2a, 0x08, 0x08, 0x7f, 0x42, 0x5c, 0x54, 0x5f, 0x52, 0xbf,
    0x08, 0x7f, 0x71, 0x56, 0x67, 0x72, 0x57, 0xaf, 0xe1, 0x2e, 0x42, 0xef, 0x22, 0xaf, 0x40, 0xbf,
    0x12, 0x7f, 0x09, 0x7f, 0x48, 0x7f, 0x19, 0xeb, 0x4a, 0x5f, 0xe5, 0xdf, 0x54, 0x5f, 0x4d, 0x55,
    0x42, 0xfc, 0x54, 0x5f, 0x74, 0xd2, 0x59, 0x7f, 0x59, 0xee, 0x4a, 0x57, 0x7a, 0xcf, 0x48, 0x57,
    0x4e, 0xea, 0x4e, 0x5f, 0x64, 0xd6, 0x54, 0x6f, 0x4a, 0xff, 0x45, 0xff, 0xd4, 0x5f, 0x4d, 0x55,
    0x9f, 0x44, 0x84, 0x44, 0x04, 0x44, 0x44, 0x8c, 0xe4, 0x5f, 0x51, 0x6e, 0xe4, 0x6e, 0x6c, 0x13,
    0x4e, 0xe8, 0x3e, 0x32, 0x5e, 0xf2, 0x5e, 0x73, 0x2f, 0xc9, 0x4f, 0xef, 0x42, 0xef, 0xc2, 0x4f,
    0x44, 0xbf, 0x4a, 0x9f, 0xf5, 0x4e, 0xee, 0x44, 0x29, 0x7e, 0x5a, 0x57, 0xfa, 0x5f, 0x58, 0x97,
    0x4f, 0xe2, 0x02, 0xe2, 0x02, 0xe2, 0xa2, 0xe6, 0x44, 0xff, 0x0a, 0xff, 0x15, 0xee, 0xae, 0xe4,
    0xe4, 0xbf, 0xea, 0x5f, 0x75, 0xce, 0xce, 0xe4, 0x81, 0x5e, 0x1f, 0xd2, 0x5f, 0x5b, 0x62, 0xbf,
    0x17, 0xe5, 0xa6, 0xf5, 0xa5, 0x95, 0xce, 0xfc, 0x57, 0xfd, 0xde, 0x8d, 0xfd, 0xfd, 0x66, 0x94,
    0x2f, 0x52, 0xf2, 0x22, 0xf2, 0xa2, 0x72, 0xe6, 0x5d, 0x5d, 0x5d, 0x7f, 0x14, 0x77, 0x55, 0x95,
    0x9f, 0x51, 0x9f, 0x54, 0x17, 0x54, 0x55, 0xa7, 0x44, 0xff, 0x4a, 0x5f, 0x75, 0xdf, 0x5b, 0x5f,
    0x5f, 0xe5, 0x5f, 0x45, 0x6a, 0xcf, 0x5a, 0x4f, 0x24, 0xfc, 0x57, 0xf9, 0xad, 0xfa, 0xda, 0xfd,
    0x84, 0x5f, 0x8a, 0x5f, 0x15, 0x5f, 0x5b, 0x9f, 0x48, 0xef, 0xb1, 0xe1, 0xa9, 0xa5, 0xe1, 0x06,
    0x44, 0x77, 0xa2, 0x08, 0x7e, 0x7e, 0x4a, 0x7e, 0x84, 0x5f, 0x0a, 0xdf, 0x55, 0x5f, 0x5b, 0xbf,
    0x44, 0xbf, 0xea, 0x5f, 0xf5, 0x5f, 0xfb, 0xdf, 0xbf, 0x09, 0xbf, 0x24, 0x3f, 0x5b, 0x6d, 0x92,
    0x41, 0xee, 0x4f, 0xea, 0x52, 0x7e, 0x42, 0x7e, 0x54, 0xbc, 0x57, 0xfd, 0x45, 0x5a, 0x5a, 0x5d,
    0x54, 0xfc, 0x57, 0x7d, 0xfd, 0x6a, 0x7a, 0x6d, 0x54, 0xfc, 0x57, 0xfd, 0xe5, 0x5a, 0xfa, 0x5d,
    0x94, 0x1f, 0x24, 0xdf, 0x44, 0x4a, 0x51, 0xbf, 0x54, 0xbf, 0xf4, 0x5f, 0xe4, 0x44, 0xea, 0xd1,
    0x14, 0x7e, 0x56, 0x7e, 0x56, 0xff, 0x24, 0xc3, 0x44, 0x5f, 0xee, 0x4a, 0x4e, 0x7f, 0xca, 0x11,
    0xff, 0x08, 0x08, 0x7f, 0x08, 0x14, 0x22, 0xc1, 0x7f, 0x7f, 0x54, 0x7f, 0x54, 0x7f, 0x54, 0xbb,
    0x08, 0x7f, 0x48, 0x4f, 0x48, 0x7e, 0x62, 0xbe, 0x82, 0x1c, 0x88, 0x3f, 0x12, 0x69, 0x58, 0xab,
    0x44, 0x9f, 0x57, 0x95, 0xff, 0x55, 0xfa, 0x57, 0x2a, 0xdf, 0x4a, 0xea, 0x4e, 0xea, 0xaa, 0xee,
    0xe4, 0xa7, 0xe4, 0xe4, 0xaf, 0xe9, 0x09, 0xaf, 0x20, 0xf7, 0x20, 0xff, 0xf2, 0x22, 0xf5, 0x2f,
    0x27, 0xfa, 0x77, 0x55, 0x77, 0xfd, 0x57, 0x8d, 0x08, 0x0f, 0x08, 0x3e, 0x22, 0x3e, 0x00, 0x95,
    0x3e, 0x40, 0xc0, 0x7f, 0x48, 0x48, 0x52, 0x7d, 0x7f, 0x7d, 0x55, 0x78, 0x57, 0x7d, 0x42, 0xad,
    0xbf, 0x3d, 0xad, 0x38, 0x2f, 0xbd, 0xa2, 0xdd, 0x7f, 0x49, 0x49, 0x7f, 0x49, 0x49, 0x7f, 0x41,
    0x7e, 0x08, 0xff, 0xab, 0x7e, 0x52, 0x7e, 0x1f, 0x06, 0x78, 0x7e, 0x4a, 0x7e, 0x2a, 0x29, 0xcf,
    0x04, 0xe4, 0xa4, 0xbf, 0xa4, 0xe4, 0x04, 0x1f, 0x45, 0x4f, 0xe6, 0x5f, 0x45, 0x6f, 0xd5, 0x07,
    0x84, 0x4a, 0x9f, 0x44, 0x5f, 0x95, 0x7e, 0xff, 0x2f, 0x24, 0xf4, 0x57, 0x5d, 0x65, 0x35, 0xc7,
    0x7f, 0x7f, 0x4a, 0x5e, 0x4c, 0x7f, 0x5a, 0xae, 0x44, 0xbf, 0x44, 0xdf, 0x44, 0x57, 0x54, 0x6f,
    0x44, 0x24, 0x44, 0x24, 0x07, 0xfc, 0x04, 0x04, 0x24, 0xf4, 0x24, 0x7f, 0x64, 0xa4, 0x24, 0x3f,
    0x04, 0xbf, 0x2a, 0xbf, 0x2e, 0xaa, 0xa4, 0xdb, 0x3a, 0x55, 0x22, 0xff, 0x22, 0x3e, 0x14, 0x7f,
    0x24, 0xff, 0x28, 0x7e, 0x2a, 0x3e, 0x15, 0xe7, 0xe5, 0xaf, 0xe6, 0xff, 0xa5, 0xef, 0x15, 0xa7,
    0x84, 0x4a, 0x1f, 0xc4, 0x5f, 0x44, 0x55, 0xbf, 0x27, 0x75, 0x26, 0xfd, 0x45, 0xf5, 0x56, 0x74,
    0x44, 0xbf, 0xf6, 0x5f, 0xf7, 0x55, 0xf2, 0xdd, 0xe2, 0x5c, 0x54, 0x7f, 0xd4, 0x52, 0x79, 0x1f,
    0xff, 0x48, 0x4f, 0x6a, 0xeb, 0x6d, 0x69, 0x12, 0x20, 0xff, 0x55, 0x22, 0xd5, 0x7f, 0x11, 0x63,
    0x08, 0x7f, 0x7e, 0x54, 0x7e, 0x54, 0x48, 0xb7, 0x08, 0x08, 0x08, 0x7e, 0x08, 0x08, 0x08, 0xff,
    0x27, 0x21, 0xfd, 0x55, 0x52, 0x62, 0x35, 0xc9, 0x20, 0xf7, 0x55, 0x22, 0x55, 0x20, 0xaa, 0x9d,
    0x3d, 0x4b, 0xd7, 0x5f, 0x4b, 0x5f, 0x49, 0x5f, 0x4a, 0xff, 0xbd, 0x24, 0x3c, 0x18, 0x29, 0xcf,
    0x3c, 0x64, 0x18, 0x24, 0xd3, 0x08, 0x10, 0x08, 0x84, 0x3f, 0x15, 0x1f, 0x15, 0x5f, 0x4e, 0xb5,
    0xff, 0x09, 0x09, 0x09, 0x11, 0x11, 0x21, 0xc7, 0x08, 0x7f, 0x4a, 0x7f, 0x4a, 0x7e, 0x52, 0x9e,
    0x4a, 0x5f, 0xe4, 0x4a, 0x5f, 0x6e, 0xca, 0x0e, 0x44, 0x5f, 0xf5, 0x5f, 0x55, 0x7f, 0xd9, 0x2f,
    0x08, 0xff, 0x22, 0xdd, 0x10, 0xff, 0x14, 0x3a, 0x08, 0xff, 0x81, 0x7e, 0x20, 0x7e, 0xa2, 0x3e,
    0x10, 0x7c, 0x44, 0x7c, 0x44, 0x7f, 0xa9, 0xfb, 0x44, 0x4e, 0x4a, 0xee, 0xe8, 0xef, 0xe1, 0x15,
    0x44, 0x47, 0xee, 0xca, 0x4e, 0x5f, 0x44, 0x44, 0x4e, 0xea, 0x4b, 0x50, 0x6e, 0xca, 0x44, 0x5b,
    0x4a, 0xff, 0x44, 0x4a, 0x7f, 0xce, 0x4a, 0x4e, 0x08, 0xff, 0x4a, 0x7e, 0x4a, 0x7e, 0x2a, 0xc9,
    0x4a, 0xea, 0x5b, 0xea, 0xdb, 0x4a, 0x4a, 0x53, 0x44, 0xff, 0x44, 0xff, 0xca, 0x7f, 0x52, 0x6a,
    0x44, 0xff, 0x55, 0xff, 0xd5, 0x5f, 0x4e, 0x55, 0x88, 0x0f, 0x15, 0x44, 0x9b, 0x7f, 0x55, 0xff,
    0x90, 0x1f, 0xa9, 0x0f, 0x15, 0x55, 0x5f, 0x81, 0x8e, 0x4a, 0x8e, 0x5f, 0x08, 0x4f, 0x4b, 0x95,
    0x84, 0x3f, 0x84, 0x3f, 0x0a, 0x7f, 0x52, 0xaa, 0x2f, 0x22, 0xb2, 0xa2, 0x22, 0x22, 0x52, 0x86,
    0x5d, 0x4a, 0xf1, 0xce, 0x4a, 0x4e, 0xa4, 0x9f, 0x08, 0x49, 0x2a, 0x7f, 0x01, 0x3f, 0x01, 0x7f,
    0x08, 0x7f, 0x7f, 0xdf, 0x51, 0xdf, 0x4a, 0xbf, 0x44, 0xff, 0x24, 0x3f, 0x4a, 0xff, 0x52, 0x6a,
    0x44, 0x77, 0xaa, 0x3e, 0x08, 0xff, 0x24, 0x0c, 0x44, 0x77, 0xa2, 0x1c, 0xe3, 0x3e, 0x22, 0x3e,
    0x44, 0x77, 0xa2, 0x7f, 0x5d, 0x5d, 0x55, 0x5d, 0x44, 0xff, 0x55, 0xff, 0x55, 0xff, 0xd9, 0x6f,
    0x44, 0xbf, 0x4a, 0x9d, 0xea, 0x4a, 0xea, 0x53, 0xf9, 0x25, 0x55, 0xed, 0x25, 0x75, 0x21, 0xfb,
    0x24, 0xff, 0x1c, 0xff, 0x2a, 0x3e, 0x1c, 0xff, 0x24, 0xff, 0x94, 0x1c, 0x94, 0x3f, 0x41, 0xab,
    0x24, 0xff, 0xf5, 0xbf, 0xea, 0xb5, 0xee, 0xb5, 0x42, 0xe2, 0x1f, 0xe2, 0x0a, 0xe2, 0xa2, 0xe6,
    0xf5, 0xbf, 0xea, 0xb5, 0xff, 0xae, 0xaa, 0xae, 0xff, 0x00, 0x7e, 0x42, 0x7e, 0x42, 0x24, 0xff,
    0xe4, 0xbd, 0xee, 0x55, 0x6e, 0xce, 0xca, 0xee, 0x8a, 0x4a, 0x1b, 0xca, 0x5b, 0x4a, 0x53, 0xbf,
    0x8e, 0x5f, 0x0e, 0xd5, 0x4e, 0x4b, 0x51, 0xbf, 0x5d, 0xaa, 0xf1, 0x4e, 0xea, 0x4e, 0xe4, 0xdf,
    0xe8, 0xaf, 0xd9, 0xaf, 0xb5, 0xd5, 0x9f, 0x81, 0xff, 0x04, 0xff, 0x99, 0xff, 0x69, 0x6f, 0xf9,
    0xea, 0xbf, 0xee, 0xbd, 0xec, 0xaf, 0xa1, 0xaa, 0xe7, 0xe7, 0x81, 0xf5, 0xdf, 0xf5, 0xad, 0xf5,
    0x5a, 0x7a, 0xd7, 0x7b, 0x7b, 0x53, 0x7b, 0x75, 0x74, 0xff, 0x25, 0xf5, 0xb5, 0xf5, 0x25, 0xfb,
    0xff, 0x81, 0xbd, 0x81, 0xbd, 0xa5, 0xbd, 0x83, 0x4a, 0xff, 0xa5, 0x3c, 0x08, 0x7e, 0x08, 0xff,
    0x8a, 0x3f, 0xde, 0x52, 0xbf, 0x04, 0xff, 0x24, 0x44, 0x5f, 0xea, 0xdf, 0x4e, 0x4e, 0x44, 0x5f,
    0x44, 0xff, 0x4a, 0x7f, 0xce, 0x4e, 0x44, 0x5f, 0x9f, 0x51, 0x9f, 0x51, 0x1f, 0x5b, 0x5f, 0x91,
    0xe4, 0xbf, 0xea, 0xbf, 0xee, 0xae, 0xe4, 0x1f, 0x08, 0x7f, 0x14, 0xff, 0x2a, 0x3e, 0x08, 0xff,
    0xff, 0xb1, 0xff, 0xb1, 0xff, 0xbb, 0xbf, 0xb1, 0x24, 0xff, 0x7f, 0xa1, 0x3d, 0x4b, 0x2b, 0x3f,
    0x92, 0x3f, 0x08, 0xde, 0x52, 0x5e, 0x52, 0xbf, 0x5f, 0xb1, 0xff, 0x51, 0xff, 0x5b, 0xff, 0xd1,
    0x44, 0x47, 0x44, 0xff, 0xe4, 0xe6, 0xe5, 0x04, 0x84, 0xee, 0x8a, 0xee, 0x48, 0xef, 0x41, 0x55,
    0xff, 0x94, 0xff, 0x90, 0xff, 0xb2, 0xde, 0xff, 0x4f, 0xa9, 0x4f, 0xdf, 0x42, 0x7f, 0x52, 0x46,
    0x44, 0xbf, 0x44, 0xdf, 0x5f, 0x4a, 0x59, 0x6e, 0x84, 0x5f, 0x84, 0x5f, 0x11, 0x4a, 0x4a, 0x93,
    0xa4, 0xfe, 0xa4, 0x3f, 0xe2, 0x3f, 0x22, 0x2a, 0x37, 0xfd, 0x72, 0xad, 0x3e, 0x22, 0x22, 0x3e,
    0x3e, 0x08, 0xff, 0x2a, 0xc9, 0x14, 0x15, 0xe7, 0x44, 0x77, 0xa2, 0x7e, 0x48, 0x7f, 0x01, 0xaa,
    0x08, 0xff, 0x08, 0xff, 0x2a, 0xff, 0x52, 0x7e, 0xa4, 0x5f, 0x75, 0xb5, 0x7f, 0xa4, 0x25, 0x5f,
    0x44, 0xff, 0x04, 0xff, 0x11, 0xea, 0xaa, 0xf3, 0x4f, 0xe8, 0x4f, 0xea, 0xcb, 0x4d, 0x49, 0x52,
    0x4c, 0xff, 0x55, 0xff, 0xcd, 0x56, 0x4a, 0x55, 0x3c, 0x24, 0x24, 0xe7, 0x81, 0x81, 0x81, 0xff,
    0x08, 0xff, 0xa5, 0x46, 0x08, 0xff, 0x14, 0xe3, 0x4b, 0xf5, 0x5d, 0xf0, 0xdf, 0x55, 0x5a, 0x55,
    0x7f, 0x7f, 0x44, 0x7f, 0x65, 0x7f, 0x65, 0xbf, 0x05, 0xff, 0x12, 0x3d, 0x24, 0x3f, 0x01, 0xab,
    0x24, 0xff, 0x10, 0x1e, 0x10, 0x7e, 0x42, 0x7e, 0x08, 0xff, 0xbd, 0x08, 0x7e, 0x4a, 0x7e, 0xe3,
    0xff, 0x14, 0x7f, 0x55, 0x67, 0x41, 0x7f, 0x7f, 0x96, 0x3a, 0x97, 0x7b, 0x3f, 0xaf, 0xba, 0xae,
    0x17, 0xda, 0xf7, 0xd5, 0xd7, 0xfd, 0x17, 0x1d, 0x12, 0xfc, 0x10, 0x92, 0x92, 0xfe, 0x11, 0x1f,
    0x44, 0x5f, 0xee, 0xca, 0x4e, 0x5f, 0x44, 0x4c, 0x24, 0xfc, 0x77, 0x59, 0x75, 0xfa, 0x22, 0x6d,
    0x85, 0x5e, 0x84, 0x55, 0x15, 0x5f, 0x44, 0x87, 0xff, 0xa4, 0xf9, 0xae, 0xf6, 0xad, 0xb5, 0xa8,
    0x81, 0x5e, 0x12, 0xdf, 0x55, 0x57, 0x65, 0xbf, 0x57, 0xe2, 0x47, 0xd5, 0xd7, 0xf5, 0x47, 0x7d,
    0x3e, 0x08, 0xff, 0x14, 0x22, 0xff, 0x22, 0x3e, 0x7e, 0x42, 0x7e, 0xff, 0xab, 0x7e, 0x12, 0x7d,
    0x45, 0xbe, 0xe4, 0x55, 0xf5, 0x5f, 0xe4, 0xc7, 0x08, 0xff, 0x22, 0xdd, 0x00, 0xff, 0x2a, 0xc9,
    0xf7, 0x55, 0xf6, 0x55, 0xf5, 0x55, 0x56, 0x94, 0x08, 0x08, 0xff, 0x89, 0x95, 0xe3, 0x81, 0x83,
    0x20, 0x3f, 0x48, 0x8e, 0x08, 0x0e, 0x08, 0x08, 0x7e, 0x4a, 0x4a, 0x6e, 0x6a, 0x6a, 0x7f, 0x81,
    0x24, 0xff, 0x8a, 0xef, 0x5a, 0xef, 0x4a, 0xaf, 0x4b, 0xe2, 0x0f, 0xf2, 0x17, 0xfa, 0xb2, 0xef,
    0xaa, 0x7f, 0xae, 0x7f, 0x56, 0xff, 0x96, 0xef, 0x44, 0xff, 0x4a, 0x51, 0x6e, 0xdf, 0x44, 0x55,
    0x4f, 0xa9, 0xeb, 0x5f, 0xf1, 0x5f, 0xfb, 0xdf, 0x4a, 0xff, 0x4a, 0xff, 0xdb, 0x51, 0x5f, 0x5f,
    0xe9, 0xcd, 0xed, 0xcd, 0xed, 0x2d, 0xa9, 0x51, 0x4e, 0xae, 0x44, 0x9f, 0xf5, 0x5f, 0xe4, 0x47,
    0x1f, 0xf5, 0xea, 0xf5, 0xff, 0xf5, 0x0a, 0x15, 0x08, 0xff, 0x08, 0xff, 0xa5, 0x99, 0xbd, 0x89,
    0x44, 0xff, 0x44, 0xff, 0xdb, 0x55, 0x5f, 0x55, 0x48, 0xe8, 0x4f, 0xf5, 0xe4, 0x44, 0xea, 0x51,
    0x5a, 0xff, 0x5a, 0xff, 0xaa, 0xff, 0x2a, 0xdf, 0x84, 0x44, 0x9f, 0x4a, 0x0a, 0x4c, 0x46, 0x99,
    0x00, 0x7e, 0x00, 0x00, 0x00, 0x00, 0xff, 0x00, 0x7f, 0x41, 0x7f, 0x50, 0x53, 0x5c, 0x51, 0x9f,
    0x65, 0x04, 0xff, 0x04, 0xf4, 0x02, 0x32, 0xc1, 0x90, 0x1f, 0x24, 0xd6, 0x55, 0x65, 0x44, 0xbf,
    0x20, 0x3f, 0x41, 0xa9, 0x31, 0x25, 0x3d, 0x03, 0xef, 0xa8, 0xef, 0xe8, 0xaf, 0xed, 0x0e, 0xb5,
    0x08, 0xff, 0x89, 0x95, 0xe3, 0x89, 0x95, 0xe3, 0x40, 0x5f, 0xe4, 0xa4, 0xe4, 0x44, 0x64, 0xdf,
    0x24, 0x24, 0xff, 0x24, 0x24, 0x24, 0x24, 0x3c, 0x7e, 0x42, 0x42, 0x7e, 0x42, 0x42, 0x42, 0x7e,
    0xfc, 0xac, 0x14, 0xf4, 0x14, 0x24, 0xfd, 0x27, 0x38, 0x08, 0x08, 0x08, 0x08, 0x14, 0x22, 0xc1,
    0x20, 0x2f, 0xf9, 0x59, 0x59, 0x69, 0x39, 0xcf, 0x7f, 0x41, 0x7f, 0x44, 0x7d, 0x4e, 0x75, 0x8c,
    0x24, 0xff, 0x24, 0xe7, 0x24, 0xe7, 0x24, 0xff, 0x21, 0x5e, 0xc4, 0x44, 0x5f, 0x44, 0x44, 0x5f,
    0x21, 0x2e, 0xf2, 0x52, 0x5f, 0x62, 0x32, 0xcf, 0x7e, 0x2a, 0x12, 0x6c, 0x00, 0x2a, 0xa5, 0x9d,
    0x4f, 0xe5, 0x05, 0xeb, 0x00, 0xea, 0xb9, 0xee, 0x8e, 0x5f, 0x95, 0x40, 0x1f, 0x48, 0x5f, 0x95,
    0x5f, 0xea, 0x3f, 0x35, 0x5f, 0xf5, 0x5f, 0x55, 0x48, 0xef, 0x34, 0x24, 0x4e, 0xed, 0x55, 0x44,
    0x08, 0xff, 0xa5, 0x7e, 0x5a, 0xff, 0x08, 0x38, 0x24, 0xff, 0x20, 0x7f, 0x95, 0x2a, 0xa5, 0x9d,
    0xaa, 0x5f, 0x6a, 0xbf, 0x75, 0xbf, 0x35, 0x5f, 0x24, 0x7e, 0xf6, 0x5e, 0xa6, 0x7b, 0x00, 0x95,
    0x20, 0x3e, 0x48, 0xbe, 0x28, 0xff, 0x08, 0x08, 0x18, 0x24, 0xdb, 0x3c, 0x04, 0x2a, 0xa5, 0x9d,
    0x44, 0xea, 0x55, 0x4e, 0x62, 0xcd, 0x4c, 0x57, 0x5b, 0xfa, 0x5f, 0x5a, 0x6a, 0xd5, 0x40, 0x55,
    0x5b, 0x5a, 0xff, 0xda, 0x6a, 0x55, 0xa0, 0x95, 0x24, 0xb7, 0x24, 0xf4, 0x2f, 0x79, 0xa9, 0x2f,
    0x7c, 0x14, 0x14, 0x17, 0x21, 0x21, 0x41, 0x86, 0xff, 0x2a, 0x5f, 0xfb, 0x31, 0xbf, 0x40, 0xbf,
    0x08, 0x08, 0x7e, 0x02, 0x04, 0x48, 0x70, 0x8f, 0x22, 0xff, 0x77, 0xaa, 0x08, 0x7e, 0x08, 0xff,
    0x08, 0xff, 0x2a, 0x3e, 0xff, 0xff, 0x64, 0xb3, 0x55, 0x55, 0xe2, 0xd1, 0x5b, 0x55, 0x5b, 0x5f,
    0x8a, 0x5f, 0x9b, 0x5f, 0x00, 0x5f, 0x5a, 0xad, 0x44, 0xa4, 0x5f, 0x95, 0xf5, 0x5b, 0xf1, 0x53,
    0x54, 0xf7, 0x04, 0x77, 0x54, 0x77, 0x54, 0x57, 0xf5, 0xb5, 0xe2, 0xb1, 0xfb, 0xb5, 0xbb, 0xbf,
    0xea, 0xbf, 0xfb, 0xbf, 0xe0, 0xbf, 0xba, 0xad, 0x14, 0x7f, 0x55, 0x7f, 0x00, 0x7f, 0x54, 0xbb,
    0xf7, 0x15, 0xf7, 0x17, 0xf5, 0xb7, 0xf6, 0x3b, 0x7f, 0x14, 0x3e, 0xc9, 0x3e, 0x2a, 0x3e, 0xfd,
    0xfe, 0x92, 0x92, 0xfe, 0x80, 0x80, 0x81, 0xff, 0x5f, 0xf5, 0x55, 0x5f, 0x70, 0xd0, 0x51, 0x5f,
    0x5f, 0xea, 0x5f, 0x4e, 0x75, 0xce, 0x4e, 0x4e, 0xff, 0x55, 0x7f, 0x57, 0xfd, 0x77, 0xfd, 0x25,
    0x5f, 0xf5, 0x55, 0xff, 0xd0, 0x50, 0x51, 0x5f, 0x84, 0x5f, 0x95, 0x54, 0x1e, 0x5a, 0x54, 0xab,
    0x83, 0x5c, 0x93, 0x54, 0x15, 0x56, 0x56, 0xa5, 0xf7, 0x22, 0xf7, 0x7e, 0x4a, 0x7e, 0x41, 0x7f,
    0xe4, 0x5f, 0x55, 0x74, 0xde, 0x5a, 0x74, 0x1b, 0x84, 0x9f, 0x14, 0x5e, 0x94, 0xff, 0x14, 0x3f,
    0xff, 0xa5, 0xff, 0x7e, 0x48, 0x7f, 0x01, 0xaa, 0x24, 0xff, 0x24, 0x7e, 0x4a, 0x7e, 0x41, 0x7f,
    0x7f, 0x7e, 0x48, 0x7e, 0x48, 0x7f, 0x01, 0xaa, 0x2a, 0x5b, 0xca, 0x5b, 0x4a, 0x5b, 0x4a, 0x52,
    0x08, 0x7f, 0x6d, 0x52, 0x6d, 0x5e, 0x4c, 0xb7, 0x5f, 0xe4, 0x5f, 0x44, 0x7f, 0xc4, 0x5f, 0x44,
    0x4a, 0xfb, 0x4a, 0x7b, 0xca, 0x5b, 0x4a, 0x52, 0xe8, 0xa8, 0xef, 0xf2, 0xaa, 0xe4, 0x04, 0xbb,
    0x5f, 0xe4, 0x4e, 0xed, 0xd5, 0x44, 0x44, 0x44, 0xff, 0x1c, 0x2a, 0xc9, 0x08, 0x7f, 0x55, 0xff,
    0xa4, 0xaf, 0xef, 0x8d, 0xef, 0xaa, 0xbf, 0xa2, 0x25, 0xe6, 0x24, 0xe7, 0x3e, 0x22, 0x3e, 0x22,
    0xe4, 0xbf, 0xe4, 0xbf, 0xf5, 0xb5, 0xb5, 0xa4, 0x14, 0xf7, 0xf7, 0x14, 0xff, 0x2a, 0xff, 0x08,
    0xf7, 0x61, 0xf1, 0xd7, 0x94, 0xf4, 0x95, 0xf7, 0x24, 0x5f, 0xca, 0x5f, 0x40, 0x5f, 0x51, 0x5f,
    0x44, 0x5f, 0xea, 0x5f, 0x40, 0x7f, 0xd1, 0x1f, 0x4a, 0x5f, 0xea, 0x6e, 0xa4, 0xdf, 0x64, 0x95,
    0x48, 0xff, 0x4e, 0xea, 0xff, 0x52, 0x5f, 0x42, 0x4a, 0xff, 0x4a, 0xee, 0xc4, 0x5f, 0x44, 0x55,
    0x4a, 0x5f, 0xea, 0xce, 0x44, 0x5f, 0xa4, 0x95, 0xaf, 0x49, 0x6f, 0xa9, 0x6f, 0xa9, 0x2f, 0x59,
    0xff, 0xa5, 0xff, 0x42, 0x7e, 0x42, 0x7e, 0xe3, 0x08, 0xff, 0x08, 0x7e, 0xff, 0x95, 0x24, 0xc7,
    0xe4, 0xbf, 0xea, 0xff, 0xa0, 0xff, 0x11, 0xbf, 0xe4, 0xbf, 0xca, 0xbf, 0xa0, 0xdf, 0x91, 0x9f,
    0x84, 0x5f, 0x00, 0xce, 0x40, 0x4e, 0x4a, 0xbf, 0x4e, 0x4e, 0xe4, 0xaf, 0xed, 0x4f, 0x64, 0xd7,
    0x3f, 0xc4, 0x55, 0xf5, 0x44, 0xff, 0xc4, 0x44, 0x9d, 0xe5, 0x5d, 0xf1, 0x5d, 0x45, 0xa5, 0x99,
    0x24, 0xff, 0x24, 0xc2, 0xeb, 0x4a, 0xe2, 0x4d, 0x28, 0x5f, 0xd1, 0x51, 0x5f, 0x51, 0x51, 0x5f,
    0x71, 0x75, 0x15, 0xfd, 0x25, 0xad, 0x71, 0xab, 0x45, 0xff, 0x56, 0x5e, 0x56, 0x7f, 0x42, 0x56,
    0x44, 0xef, 0x49, 0x49, 0x6f, 0xc9, 0x49, 0x4f, 0x24, 0xff, 0x29, 0x79, 0x6f, 0xa9, 0x29, 0x2f,
    0x88, 0x5f, 0x91, 0x51, 0x1f, 0x51, 0x51, 0x9f, 0x10, 0x7e, 0x42, 0x42, 0x7e, 0x42, 0x42, 0x7e,
    0x44, 0x77, 0xaa, 0x1f, 0x91, 0x1f, 0x51, 0x9f, 0x24, 0xbf, 0x29, 0xf9, 0x2f, 0x79, 0xa9, 0x2f,
    0x22, 0x77, 0x55, 0x55, 0xf7, 0x55, 0x55, 0x97, 0x24, 0xff, 0x04, 0xbf, 0x96, 0x1e, 0x7f, 0x8a,
    0x88, 0x5e, 0x12, 0xde, 0x52, 0x5e, 0x40, 0xbf, 0x1f, 0xf1, 0xbf, 0xea, 0xbf, 0xaa, 0xf5, 0x0a,
    0x8a, 0x5f, 0x80, 0x4e, 0x0a, 0x5f, 0x44, 0x9b, 0x5f, 0x51, 0xff, 0xca, 0x5f, 0x4a, 0xb5, 0x8a,
    0x45, 0xbf, 0x56, 0x9e, 0xf6, 0x5f, 0xe2, 0x56, 0x24, 0xff, 0x7e, 0x42, 0x7e, 0xff, 0x14, 0xe3,
    0xf1, 0xad, 0xf2, 0xa5, 0xf9, 0x16, 0xd6, 0x29, 0x08, 0x7f, 0x08, 0xff, 0x1c, 0x34, 0x08, 0xf7,
    0x7e, 0x08, 0xab, 0x9d, 0x9d, 0xab, 0x89, 0xff, 0x44, 0x77, 0xa2, 0x2f, 0xf9, 0x2f, 0x79, 0xaf,
    0xea, 0x51, 0x44, 0x6a, 0xf1, 0x6e, 0x6a, 0x0e, 0x44, 0x77, 0xaa, 0x3e, 0x0c, 0xff, 0x32, 0xde,
    0xf4, 0x77, 0x5d, 0x72, 0x4d, 0xbe, 0x7f, 0x08, 0x44, 0x77, 0xa2, 0x7c, 0x08, 0xff, 0x22, 0x3e,
    0x46, 0xff, 0x53, 0xf6, 0xd6, 0x5f, 0x6d, 0x5f, 0x5f, 0x4a, 0xff, 0xee, 0xf5, 0x4e, 0x4e, 0x4e,
    0xee, 0xaa, 0xea, 0xaa, 0xea, 0xaa, 0xaa, 0xb3, 0x5f, 0x55, 0xf5, 0xdf, 0x55, 0x55, 0xb5, 0x9f,
    0x10, 0x3e, 0x22, 0x7f, 0x49, 0x7f, 0x49, 0x7f, 0x1c, 0x04, 0x24, 0x24, 0x24, 0x42, 0x42, 0x81,
    0x44, 0xa4, 0xff, 0x44, 0xee, 0x55, 0xee, 0xc4, 0x9d, 0x4a, 0x91, 0x5f, 0x0a, 0x5f, 0x4a, 0x93,
    0x3a, 0x55, 0x22, 0xff, 0x14, 0x7f, 0x14, 0x67, 0xfd, 0x4a, 0xf1, 0xff, 0xaa, 0xff, 0xaa, 0xf3,
    0x71, 0x46, 0xf1, 0x56, 0xff, 0x14, 0x28, 0xd7, 0x25, 0x44, 0xdf, 0x44, 0x45, 0x42, 0x46, 0x59,
    0xff, 0xa5, 0xff, 0x21, 0xf5, 0x75, 0x55, 0x71, 0x44, 0xef, 0x44, 0x47, 0x65, 0xc5, 0x4a, 0x55,
    0x44, 0x77, 0xaa, 0x45, 0x5f, 0xc5, 0x42, 0x4d, 0xe7, 0xa5, 0xe7, 0x91, 0xab, 0xfd, 0xa5, 0xab,
    0x44, 0x4e, 0xea, 0x6e, 0x68, 0x6f, 0x61, 0xb5, 0x11, 0x7e, 0x2c, 0xff, 0xd5, 0xfd, 0x35, 0x59,
    0x44, 0x5f, 0xea, 0x4e, 0x5f, 0x7b, 0xdf, 0x11, 0x4c, 0x52, 0xe1, 0xbe, 0xe0, 0x5e, 0x72, 0xde,
    0x48, 0x7f, 0xc8, 0x7e, 0x7f, 0x08, 0xff, 0x08, 0x35, 0x55, 0xc4, 0x5f, 0x44, 0x5f, 0x44, 0x44,
    0xa9, 0xad, 0x25, 0xfd, 0x25, 0xfd, 0x21, 0x23, 0x4a, 0x4a, 0x08, 0x7e, 0x08, 0xff, 0x08, 0x08,
    0x7f, 0x40, 0x7e, 0x52, 0x52, 0x4c, 0x4c, 0xb3, 0xaf, 0xb8, 0x2f, 0xf9, 0x2d, 0xfa, 0x2a, 0x55,
    0x5e, 0x52, 0xf2, 0xfa, 0xf6, 0x52, 0x52, 0x63, 0x4b, 0xfd, 0x55, 0x54, 0x7f, 0xd5, 0x56, 0x65,
    0xd7, 0x7a, 0x42, 0xef, 0x52, 0x52, 0x6a, 0xc7, 0x2f, 0xf8, 0x2f, 0x79, 0x6d, 0xaa, 0x2a, 0x35,
    0x9f, 0x51, 0x91, 0x53, 0x10, 0x50, 0x51, 0x9f, 0x9e, 0x52, 0x92, 0x5a, 0x16, 0x52, 0x52, 0xa3,
    0xaf, 0xa8, 0xef, 0x89, 0xed, 0xaa, 0xaa, 0xb5, 0xaf, 0x49, 0x69, 0xab, 0x68, 0xa8, 0x29, 0x4f,
    0xe7, 0x5a, 0x5a, 0xff, 0x5a, 0x7a, 0xca, 0x17, 0x15, 0xf5, 0xe4, 0xff, 0xe4, 0xff, 0x04, 0x04,
    0x84, 0xf7, 0x72, 0x75, 0x12, 0xfd, 0x2a, 0xc9, 0x2e, 0x7a, 0x5b, 0x50, 0xfe, 0x5a, 0x54, 0x9b,
    0x24, 0xff, 0x84, 0x5f, 0xce, 0x1f, 0x4e, 0x8e, 0xef, 0xa8, 0xef, 0xe9, 0xad, 0xea, 0x0a, 0xb5,
    0x44, 0x77, 0xa2, 0xff, 0x75, 0x75, 0xfc, 0x27, 0x06, 0xf8, 0x49, 0x2a, 0xff, 0x1c, 0x2a, 0xc9,
    0x4f, 0x44, 0xef, 0xc9, 0x4f, 0x49, 0xaf, 0x99, 0x67, 0x92, 0x07, 0xf5, 0x57, 0x55, 0x57, 0xbd,
    0x4f, 0xa8, 0x0f, 0xe9, 0xad, 0xea, 0x8a, 0xf5, 0x4c, 0xf4, 0x5f, 0x55, 0x7f, 0xcc, 0x4d, 0x57,
    0x0c, 0xf4, 0xbf, 0xf5, 0xbf, 0xac, 0xed, 0x17, 0x5d, 0x2a, 0xff, 0x2a, 0x49, 0xbe, 0x2a, 0x3e,
    0x76, 0x57, 0xf9, 0x56, 0x99, 0x7f, 0x55, 0xff, 0x76, 0x57, 0xf9, 0x56, 0x99, 0xff, 0x62, 0xbe,
    0x24, 0xff, 0x2a, 0xff, 0x4a, 0xbf, 0x2a, 0x3e, 0x08, 0xff, 0x55, 0xbe, 0x2a, 0x3e, 0x0a, 0x7d,
    0xff, 0x94, 0xf7, 0x94, 0xf7, 0x94, 0xa4, 0xff, 0x10, 0x3e, 0x3e, 0x2a, 0x3e, 0x14, 0xff, 0x04,
    0xff, 0x1c, 0x2a, 0xc9, 0x08, 0x7e, 0x42, 0x7e, 0x2f, 0x21, 0xf1, 0x5f, 0x58, 0x68, 0x39, 0xcf,
    0x08, 0x7f, 0x54, 0x55, 0x5e, 0x54, 0x5d, 0xb7, 0x44, 0xbf, 0x55, 0xd4, 0x5e, 0x5a, 0x54, 0x6b,
    0x24, 0xe7, 0xe7, 0x24, 0x00, 0x2a, 0xa5, 0x9d, 0xff, 0x7f, 0x41, 0x7f, 0x54, 0x77, 0x77, 0x94,
    0x54, 0xf5, 0x5e, 0x54, 0x74, 0xd4, 0x5d, 0x77, 0x44, 0xff, 0x55, 0x54, 0x7e, 0xda, 0x54, 0x6b,
    0x24, 0xe7, 0xe7, 0x08, 0xff, 0x14, 0x08, 0xf7, 0x48, 0x49, 0x7e, 0x48, 0x48, 0x48, 0x79, 0xcf,
    0x84, 0x42, 0x88, 0x59, 0x1a, 0x6d, 0x58, 0xa7, 0x08, 0x7f, 0x44, 0xdf, 0x55, 0xde, 0x52, 0xad,
    0x08, 0x7f, 0x49, 0x48, 0x7e, 0x52, 0x4c, 0xb3, 0xe4, 0x4f, 0x4f, 0x6d, 0xef, 0x6a, 0x7f, 0x02,
    0x24, 0xc2, 0x48, 0xf9, 0x5a, 0xed, 0xd8, 0x67, 0x4a, 0xbb, 0x4a, 0x9b, 0xea, 0x5b, 0xea, 0x52,
    0xff, 0xa5, 0xff, 0x57, 0xf4, 0x57, 0x74, 0x57, 0xff, 0xb5, 0xf5, 0xbf, 0xf0, 0xb0, 0xb1, 0xbf,
    0x44, 0xff, 0x35, 0x54, 0xfe, 0x7a, 0x54, 0x6b, 0x4a, 0xfb, 0x0a, 0xfb, 0x0a, 0xfb, 0xaa, 0xf2,
    0x24, 0x7e, 0xff, 0x25, 0x7e, 0x42, 0x7e, 0xe3, 0x9a, 0x5f, 0x1d, 0xd7, 0x62, 0x5f, 0x5a, 0xbf,
    0x14, 0x77, 0x14, 0x77, 0x14, 0xf7, 0x14, 0x64, 0x7c, 0x35, 0xd6, 0x53, 0xfc, 0x55, 0x56, 0x93,
    0x57, 0xe2, 0x57, 0xf7, 0xd7, 0x57, 0x50, 0x6f, 0x44, 0x77, 0xaf, 0xfa, 0x6f, 0xfd, 0x6a, 0x95,
    0x2a, 0x5f, 0xca, 0x5f, 0x50, 0x57, 0x57, 0x67, 0x7f, 0x41, 0x7f, 0x5e, 0x78, 0x4e, 0x79, 0x8f,
    0x54, 0xbc, 0x7f, 0xc5, 0x7d, 0x5a, 0x5a, 0x6d, 0x54, 0xf5, 0x5e, 0xf4, 0xd4, 0x54, 0x5d, 0x77,
    0x7e, 0x7e, 0x4a, 0x7e, 0x49, 0x7e, 0x49, 0xef, 0xf7, 0x22, 0xf7, 0x48, 0x49, 0x7e, 0x49, 0xef,
    0x7f, 0x49, 0x7f, 0x5f, 0x51, 0x5f, 0x51, 0x9f, 0x14, 0x7f, 0x08, 0x7f, 0x08, 0xff, 0x14, 0xe3,
    0x10, 0x3c, 0x24, 0x24, 0x7e, 0x4a, 0xff, 0x24, 0x4e, 0xfa, 0x44, 0xfb, 0xc4, 0x42, 0x48, 0x46,
    0x24, 0xcf, 0x4f, 0xed, 0x4f, 0xea, 0xdf, 0x42, 0x7f, 0x54, 0x54, 0x54, 0x55, 0x67, 0x40, 0x7f,
    0xff, 0x09, 0x0a, 0x48, 0x4e, 0x48, 0x68, 0x9f, 0x71, 0x66, 0xf9, 0x56, 0x25, 0xb6, 0xa4, 0xf7,
    0x08, 0xff, 0x14, 0x7f, 0x48, 0x74, 0x59, 0xbe, 0xe4, 0xbf, 0xee, 0xb5, 0xea, 0xb5, 0xae, 0xb5,
    0x24, 0xff, 0x08, 0xff, 0x5e, 0xa5, 0x18, 0xe7, 0xe2, 0xa2, 0xff, 0xa2, 0xea, 0xa2, 0xa2, 0xa6,
    0xff, 0x29, 0x7f, 0x56, 0x7f, 0x35, 0x3d, 0x63, 0x10, 0x08, 0x22, 0xa5, 0xa5, 0xa8, 0x11, 0xee,
    0x7e, 0x4a, 0x7e, 0x2a, 0xff, 0x2a, 0xff, 0x08, 0x44, 0x77, 0xaa, 0x3e, 0x7f, 0x0a, 0x7f, 0x08,
    0x9f, 0x4a, 0x0e, 0xc0, 0x5f, 0x5f, 0x55, 0xbf, 0x44, 0xea, 0x51, 0xee, 0xc0, 0x5f, 0x4a, 0x5d,
    0x2f, 0x2a, 0xff, 0x59, 0x59, 0x6f, 0x3a, 0xcf, 0x42, 0x5d, 0xf5, 0x68, 0xbf, 0xca, 0x74, 0x8b,
    0x5e, 0xaa, 0x4a, 0x9f, 0xea, 0x4a, 0xea, 0x5f, 0xff, 0x10, 0x7e, 0x42, 0x7e, 0x42, 0x42, 0x7e,
    0x5b, 0xfb, 0x04, 0xea, 0x15, 0xe8, 0xa2, 0xec, 0x24, 0x5f, 0xc4, 0x5f, 0x44, 0x7f, 0x5a, 0x6d,
    0x31, 0x7a, 0x51, 0x7a, 0x59, 0x42, 0x58, 0xaf, 0x5f, 0xea, 0x5f, 0xff, 0xce, 0x5f, 0x44, 0x55,
    0xc8, 0x09, 0xea, 0x2c, 0x2c, 0x4a, 0x89, 0x18, 0x9f, 0x4a, 0x9f, 0x5f, 0x0e, 0x5f, 0x44, 0x95,
    0xf1, 0x6e, 0xfa, 0xfa, 0x6a, 0xfa, 0x2d, 0xb5, 0xff, 0x7f, 0x55, 0x7f, 0x3e, 0xff, 0x2a, 0xc9,
    0x08, 0xff, 0x08, 0x7e, 0x08, 0xff, 0x64, 0xb3, 0x5f, 0xe4, 0x15, 0xf5, 0x04, 0xff, 0xa4, 0xe4,
    0x48, 0xaf, 0x71, 0x41, 0xa9, 0x65, 0xa1, 0x46, 0x08, 0x7f, 0x7f, 0x55, 0x7f, 0x7d, 0x57, 0xbd,
    0x4a, 0xff, 0x4a, 0x5f, 0x75, 0xdf, 0x55, 0x5f, 0x08, 0x7f, 0x5f, 0xc4, 0x5f, 0xd5, 0x5b, 0x91,
    0x24, 0xc4, 0x4e, 0xed, 0x55, 0xe6, 0xc4, 0x58, 0x24, 0xff, 0x24, 0x7f, 0x49, 0x7f, 0x49, 0x7f,
    0x4a, 0xbf, 0xea, 0x5f, 0xf5, 0x5f, 0xf5, 0xdf, 0x42, 0xac, 0xef, 0x4a, 0xea, 0x5f, 0xea, 0xd1,
    0x24, 0xff, 0x24, 0xf7, 0x00, 0xf7, 0x22, 0xab, 0x5f, 0x44, 0xea, 0xbd, 0xe4, 0x4e, 0x64, 0xdf,
    0x65, 0xae, 0x7f, 0x5c, 0x57, 0x70, 0x07, 0xb7, 0x3c, 0x24, 0x3c, 0x00, 0xef, 0xa9, 0xa9, 0xef,
    0x49, 0xfe, 0x48, 0xfd, 0xda, 0x48, 0x49, 0x4a, 0x5b, 0xe2, 0x3f, 0xaa, 0x6e, 0x3a, 0x5d, 0xb1,
    0x86, 0x58, 0x9f, 0x52, 0x12, 0x7f, 0x52, 0xa1, 0x97, 0x3a, 0xb7, 0x7d, 0x17, 0xdd, 0x97, 0xa5,
    0x1c, 0xc3, 0x3c, 0x14, 0x3e, 0x22, 0x3e, 0xe3, 0x08, 0xff, 0xbd, 0x56, 0x3e, 0x22, 0x3e, 0xe3,
    0x2f, 0xb4, 0xaf, 0xf9, 0x2f, 0xb9, 0x2f, 0xd9, 0x44, 0x74, 0x87, 0x79, 0x55, 0xfa, 0x72, 0x1d,
    0x9f, 0x68, 0xfe, 0x6a, 0xfe, 0x6a, 0x6e, 0xb3, 0xff, 0x08, 0x1c, 0x2a, 0xc9, 0x08, 0x08, 0x08,
    0x22, 0x42, 0xdf, 0x42, 0x4a, 0x42, 0x42, 0x46, 0x44, 0x4e, 0xea, 0x4e, 0x4f, 0x69, 0xdf, 0x04,
    0x08, 0x7f, 0x08, 0xff, 0x08, 0x14, 0x22, 0xc1, 0x4e, 0x42, 0xee, 0x7f, 0xb5, 0xce, 0x6e, 0x84,
    0x08, 0xff, 0xbd, 0x24, 0x7e, 0x4a, 0x7e, 0x7e, 0xff, 0x81, 0x3c, 0x24, 0x7e, 0x4a, 0x7e, 0x7e,
    0x10, 0xff, 0x28, 0x3f, 0x69, 0xa9, 0x2b, 0x08, 0x08, 0x7f, 0x52, 0x5f, 0x72, 0x5a, 0x52, 0x96,
    0x44, 0x5f, 0xea, 0xcf, 0x5b, 0x6b, 0x4b, 0x42, 0x44, 0xff, 0x44, 0x5f, 0x64, 0xc4, 0x4a, 0x51,
    0x24, 0xf4, 0x77, 0x79, 0x25, 0xfa, 0x52, 0xad, 0x22, 0xd5, 0x08, 0xf7, 0x38, 0x3f, 0x44, 0x84,
    0x22, 0xff, 0x14, 0x55, 0xff, 0x3e, 0x22, 0x3e, 0x9f, 0x55, 0x82, 0x5e, 0x02, 0x44, 0x5f, 0x84,
    0x26, 0xc1, 0x24, 0x24, 0x14, 0x08, 0x14, 0xe3, 0x44, 0x77, 0xaa, 0x42, 0xdf, 0x42, 0x4a, 0x46,
    0x08, 0x7f, 0x52, 0x5f, 0x72, 0x5f, 0x55, 0x9b, 0x0e, 0x7f, 0x4e, 0x79, 0x5e, 0x5e, 0x5e, 0x92,
    0x24, 0xff, 0x24, 0x7f, 0x08, 0xff, 0x14, 0xe3, 0x49, 0xff, 0x06, 0xf7, 0x1f, 0xef, 0xa9, 0xef,
    0x7c, 0x88, 0x7e, 0x42, 0x7e, 0x42, 0x7e, 0xe3, 0xfb, 0xa2, 0xff, 0xea, 0xae, 0xfa, 0x1d, 0xb1,
    0x24, 0x74, 0x26, 0xf5, 0x24, 0x74, 0x60, 0x9f, 0x10, 0x3c, 0x24, 0x3c, 0x3e, 0x22, 0xff, 0x08,
    0xea, 0xb2, 0xdf, 0xb2, 0xb6, 0xd2, 0x92, 0x96, 0x28, 0x5f, 0xce, 0x4a, 0x7f, 0x52, 0x5f, 0x42,
    0x48, 0xff, 0x4e, 0x5f, 0x6e, 0xdf, 0x40, 0x55, 0x75, 0x04, 0xff, 0x24, 0x74, 0x62, 0x72, 0xc1,
    0x40, 0x7f, 0xaa, 0x7f, 0x2f, 0xda, 0x2f, 0xc2, 0x24, 0xff, 0x7f, 0x91, 0x7d, 0x55, 0x7d, 0x57,
    0x24, 0xff, 0x6a, 0xbf, 0x2a, 0xff, 0x00, 0x95, 0x27, 0xfd, 0x56, 0xfd, 0x05, 0x75, 0x56, 0x74,
    0x22, 0x72, 0x2f, 0xf2, 0x2a, 0x72, 0x22, 0xf6, 0x5f, 0xf7, 0x55, 0xff, 0xdf, 0x55, 0x57, 0x6b,
    0x7e, 0x4a, 0x72, 0x7e, 0x56, 0x7e, 0x55, 0xbb, 0x24, 0xff, 0x24, 0xff, 0x3c, 0x24, 0xff, 0x04,
    0x24, 0xff, 0xee, 0xaa, 0xe4, 0x7f, 0xca, 0xee, 0x25, 0x44, 0xdf, 0x44, 0x44, 0x44, 0x4a, 0x51,
    0xf9, 0x55, 0x75, 0x05, 0xfd, 0xfd, 0xa9, 0xfb, 0x48, 0xaf, 0x5e, 0xca, 0x4e, 0x5a, 0x44, 0x5b,
    0x5f, 0x4a, 0xee, 0xe0, 0xff, 0x5f, 0x55, 0x5f, 0xef, 0xa9, 0xe8, 0xaf, 0xed, 0xaa, 0xaa, 0xad,
    0x5f, 0xea, 0x2e, 0x20, 0x5f, 0xff, 0x55, 0x5f, 0xe8, 0xaf, 0xfe, 0xaa, 0xee, 0xba, 0xa4, 0xbb,
    0x48, 0xef, 0x3e, 0x4a, 0xee, 0x7a, 0x44, 0x5b, 0xff, 0x55, 0x7f, 0x9a, 0x4e, 0xda, 0x44, 0x5b,
    0x95, 0x55, 0x9f, 0x5f, 0x11, 0x5f, 0x55, 0xa5, 0x14, 0x7f, 0x15, 0x7f, 0x54, 0x7f, 0x15, 0x65,
    0x44, 0xe4, 0x44, 0x44, 0x64, 0xc8, 0x4a, 0x5d, 0x8a, 0x5f, 0x8b, 0x5f, 0x1a, 0x5f, 0x4b, 0x92,
    0x24, 0x44, 0xc4, 0x44, 0x44, 0x48, 0x4a, 0x5d, 0xa8, 0xaf, 0xf7, 0xa7, 0x3b, 0xe3, 0x25, 0x2b,
    0x4a, 0x92, 0xff, 0xb2, 0xb6, 0xf2, 0x12, 0xb6, 0x18, 0x04, 0x42, 0xbd, 0x14, 0x14, 0x24, 0x4c,
    0x08, 0xef, 0xb7, 0xa7, 0xab, 0xf3, 0x05, 0x0b, 0x04, 0xff, 0xaa, 0xbf, 0xaa, 0xea, 0x0e, 0x1b,
    0x44, 0x5f, 0xea, 0x5f, 0x4a, 0x6a, 0xce, 0x1b, 0x44, 0x5f, 0xea, 0xdf, 0x4a, 0x4a, 0x4e, 0x5b,
    0x4c, 0xf2, 0x41, 0x5e, 0x6a, 0xca, 0x4a, 0x56, 0x22, 0xff, 0x77, 0xaa, 0x29, 0x49, 0x14, 0xe3,
    0x08, 0xff, 0x6a, 0xbd, 0x28, 0x7e, 0x4a, 0x7e, 0x2c, 0xb2, 0x21, 0xfe, 0x2a, 0x7a, 0xaa, 0x36,
    0x4a, 0xff, 0x4a, 0xbd, 0x3c, 0xff, 0x24, 0x42, 0x4c, 0xb2, 0x41, 0x9e, 0xea, 0x4a, 0xea, 0x56,
    0x3e, 0xff, 0xab, 0x1c, 0x42, 0xbd, 0x14, 0x6c, 0x08, 0xff, 0x22, 0x22, 0x14, 0x08, 0x14, 0xe3,
    0xe7, 0xa5, 0xe7, 0xbd, 0x99, 0x99, 0xbd, 0x89, 0xff, 0x08, 0xff, 0x89, 0x95, 0xe3, 0x81, 0x83,
    0x31, 0x4a, 0xdf, 0x4a, 0x5f, 0x4a, 0x4a, 0x52, 0x0c, 0x30, 0x3e, 0x24, 0x24, 0xff, 0x24, 0xc2,
    0x5f, 0x51, 0xff, 0x59, 0x56, 0x7f, 0xd6, 0x2a, 0x74, 0xff, 0xad, 0x72, 0xad, 0x7f, 0x49, 0x4b,
    0xff, 0x4a, 0x2a, 0x2c, 0xff, 0x08, 0x08, 0x08, 0x74, 0xff, 0xad, 0x72, 0xad, 0xff, 0x24, 0x44,
    0x5f, 0xe4, 0x5f, 0xf5, 0xd5, 0x5b, 0x51, 0x53, 0x24, 0xff, 0x24, 0xa5, 0x65, 0x66, 0x24, 0xff,
    0x24, 0xff, 0xac, 0x77, 0xfd, 0xaa, 0xfa, 0xad, 0xe7, 0xa5, 0xe7, 0x89, 0xbd, 0x99, 0xa9, 0x89,
    0xf2, 0xbb, 0xd2, 0xbb, 0xa4, 0xce, 0x84, 0x9f, 0x49, 0x2a, 0xff, 0x08, 0x1c, 0x2a, 0xc9, 0x08,
    0xff, 0x10, 0x7e, 0x42, 0x7e, 0x42, 0x7e, 0xe3, 0x22, 0x7f, 0xed, 0x7f, 0x62, 0x7f, 0x7a, 0x62,
    0x72, 0x5f, 0x75, 0x4f, 0xb2, 0x7e, 0x08, 0xff, 0x08, 0x7f, 0x7a, 0xc9, 0x7d, 0xef, 0x7a, 0xa2,
    0xf2, 0x27, 0xf5, 0x27, 0xf5, 0xff, 0x62, 0xbe, 0xf1, 0x95, 0xf5, 0x45, 0x75, 0x55, 0x51, 0xb3,
    0x74, 0xff, 0xad, 0x72, 0xad, 0x7e, 0x42, 0x7e, 0x24, 0xff, 0x55, 0x7f, 0x0a, 0x7f, 0x64, 0xdb,
    0x44, 0x77, 0xbe, 0x2a, 0x62, 0x75, 0x4e, 0xf7, 0x3f, 0x50, 0xdf, 0x50, 0x5f, 0x55, 0x5f, 0x55,
    0x08, 0xff, 0x56, 0x56, 0x9d, 0x34, 0x08, 0xf7, 0x24, 0x24, 0x3f, 0x20, 0x3e, 0x22, 0x42, 0x82,
    0x44, 0x77, 0xa2, 0x7f, 0x40, 0x7f, 0x7f, 0xad, 0x5f, 0xb0, 0x5f, 0x90, 0xff, 0x55, 0xff, 0x55,
    0x9f, 0x49, 0x09, 0xc9, 0x49, 0x53, 0x40, 0xbf, 0x9f, 0x50, 0x1e, 0xda, 0x54, 0x5b, 0x60, 0xbf,
    0x9f, 0x5f, 0x10, 0xdf, 0x55, 0x55, 0x60, 0xbf, 0x3f, 0x44, 0xdf, 0x5f, 0x55, 0x5f, 0x46, 0x59,
    0x64, 0xa4, 0xff, 0xad, 0xfd, 0x65, 0x6b, 0xbf, 0x4c, 0x54, 0xff, 0x75, 0xbf, 0xcc, 0x6d, 0x97,
    0x10, 0x24, 0xfe, 0x25, 0xff, 0x24, 0x24, 0x44, 0xaf, 0xea, 0x5f, 0xef, 0xef, 0x4e, 0xea, 0x4d,
    0x3f, 0x51, 0xdf, 0x44, 0x5f, 0x4e, 0x55, 0x65, 0x45, 0xbf, 0x44, 0xff, 0x5f, 0xf5, 0xbf, 0xf5,
    0x45, 0xbf, 0xe4, 0x5f, 0xff, 0x55, 0xff, 0xd5, 0xff, 0x8b, 0xbf, 0x89, 0xbf, 0xbf, 0xab, 0xff,
    0x45, 0xff, 0x44, 0x5f, 0x7f, 0xd5, 0x5f, 0x55, 0x08, 0x2e, 0x28, 0xff, 0x2a, 0x49, 0x0c, 0x70,
    0x0a, 0x7f, 0x08, 0x7f, 0x7f, 0x49, 0x7f, 0x49, 0x45, 0xff, 0x24, 0x5f, 0xff, 0x75, 0x5f, 0x55,
    0x45, 0xff, 0x44, 0xff, 0xff, 0x55, 0xff, 0x55, 0x24, 0xdf, 0x4e, 0xee, 0x40, 0xea, 0xd9, 0x4e,
    0x24, 0xff, 0x3c, 0x24, 0xff, 0x52, 0xbd, 0x14, 0x24, 0xff, 0x3c, 0x24, 0xff, 0x4a, 0xbd, 0x7e,
    0x24, 0xff, 0x3c, 0x24, 0xff, 0x52, 0xb1, 0x56, 0x05, 0x04, 0x7f, 0x44, 0x45, 0x42, 0x42, 0x8d,
    0x24, 0xff, 0x3c, 0x24, 0xff, 0x7e, 0xa5, 0x3c, 0x3e, 0x2a, 0x26, 0xff, 0x52, 0x4a, 0x7f, 0x06,
    0x44, 0x77, 0xa2, 0x3f, 0x9e, 0x9e, 0x7f, 0x8a, 0x24, 0xff, 0x08, 0x7f, 0x14, 0xff, 0x22, 0x3e,
    0x54, 0x7c, 0xd7, 0x5d, 0x55, 0x56, 0x66, 0x6d, 0x24, 0x5f, 0xce, 0x5f, 0x4a, 0x55, 0x4e, 0x44,
    0x40, 0x7e, 0x82, 0x7a, 0x0a, 0x78, 0x41, 0x7f, 0x7e, 0x42, 0x7e, 0x08, 0xff, 0x1c, 0x2a, 0xc9,
    0x2f, 0x79, 0xfa, 0x58, 0xff, 0x2d, 0xfa, 0x2d, 0x08, 0x7f, 0x1c, 0xff, 0x22, 0xc9, 0x3e, 0x08,
    0x08, 0xff, 0x81, 0x7e, 0x08, 0x7e, 0x0a, 0xff, 0x4e, 0x5a, 0x44, 0xfb, 0xe4, 0xee, 0xff, 0x04,
    0x49, 0x7f, 0x32, 0x1c, 0xeb, 0x1c, 0x7f, 0x08, 0x49, 0x7f, 0x00, 0x77, 0x55, 0x77, 0x55, 0x99,
    0x08, 0x7f, 0x50, 0x5f, 0x65, 0x5d, 0x50, 0x9f, 0x48, 0xef, 0x51, 0x4d, 0x65, 0xcd, 0x48, 0x4f,
    0x44, 0xff, 0x4e, 0x5f, 0x6a, 0xd5, 0x4e, 0x44, 0x44, 0xf4, 0x47, 0x79, 0x55, 0x52, 0x52, 0xad,
    0x08, 0xff, 0x10, 0x1e, 0x12, 0x12, 0x22, 0x44, 0x77, 0x55, 0x77, 0x55, 0x77, 0x55, 0x55, 0x9b,
    0x84, 0x5f, 0x84, 0x44, 0x1f, 0x44, 0x49, 0x9f, 0x88, 0x4f, 0x91, 0x4d, 0x05, 0x4d, 0x48, 0x8f,
    0x08, 0xff, 0x24, 0x7e, 0x08, 0x18, 0x00, 0x95, 0xe8, 0x4f, 0x51, 0x6d, 0xe5, 0x6d, 0x68, 0x0f,
    0x47, 0xad, 0x52, 0x85, 0xfa, 0x4f, 0xea, 0x57, 0xe8, 0xaf, 0xf1, 0xad, 0xe5, 0xad, 0xa8, 0xaf,
    0x24, 0xff, 0x08, 0xff, 0x10, 0x1e, 0x22, 0x44, 0x24, 0xff, 0x00, 0xef, 0xa9, 0xaf, 0xe9, 0x11,
    0x24, 0xff, 0x8e, 0x1a, 0xc4, 0x5f, 0x44, 0xbf, 0x4e, 0x5a, 0xe4, 0xbb, 0xe4, 0x4e, 0x7f, 0xc4,
    0x08, 0xff, 0x2a, 0x5f, 0xce, 0x55, 0x64, 0xb3, 0x44, 0xef, 0x04, 0xe7, 0x05, 0xe5, 0xa9, 0xf2,
    0x14, 0x7f, 0x55, 0xff, 0x22, 0x3e, 0x14, 0xff, 0x27, 0xf5, 0x26, 0xf5, 0x25, 0xf5, 0x26, 0xc4,
    0x4e, 0xba, 0xe4, 0x5b, 0xe4, 0x4e, 0xff, 0xc4, 0x48, 0xaf, 0x11, 0xed, 0xa5, 0xed, 0x88, 0xef,
    0x7e, 0x52, 0x7a, 0x6a, 0x7a, 0x7e, 0x47, 0xad, 0xfa, 0xaf, 0xfd, 0xaf, 0xfc, 0xaf, 0xa9, 0xad,
    0x0e, 0x70, 0x08, 0xfe, 0x04, 0x28, 0x58, 0x87, 0x08, 0x08, 0xff, 0x40, 0x40, 0x40, 0x40, 0x7f,
    0x24, 0x5f, 0xca, 0x5f, 0x45, 0x5f, 0x4a, 0x56, 0x21, 0xfd, 0x55, 0xfd, 0x05, 0x75, 0x51, 0x73,
    0x44, 0x5f, 0xe4, 0x47, 0x45, 0x65, 0xc9, 0x12, 0x44, 0x4f, 0xf4, 0x67, 0xa5, 0xc5, 0x69, 0x92,
    0x5f, 0x51, 0xf1, 0xff, 0xea, 0x4e, 0x4a, 0x4e, 0x08, 0xff, 0x20, 0x3e, 0x00, 0x2a, 0xa5, 0x9d,
    0x44, 0x44, 0xff, 0xc8, 0x48, 0x48, 0x48, 0x4f, 0xff, 0x41, 0x7f, 0x48, 0x7f, 0x4e, 0x52, 0xa4,
    0x7e, 0x42, 0x7e, 0x24, 0xff, 0x2a, 0xdd, 0x2a, 0x27, 0xfd, 0x47, 0x79, 0x00, 0x7e, 0x08, 0xff,
    0x24, 0xff, 0x24, 0x3c, 0x08, 0xff, 0x2a, 0xc9, 0x44, 0xff, 0x4e, 0xff, 0xca, 0x55, 0x4e, 0x44,
    0x7f, 0x41, 0x41, 0x7f, 0x22, 0x3e, 0x22, 0x3e, 0x44, 0xaf, 0x44, 0x87, 0xe5, 0x45, 0xe9, 0x52,
    0xe4, 0xbf, 0xe4, 0xa7, 0xe5, 0xa5, 0xa9, 0xb2, 0xe9, 0xbe, 0xe8, 0xbd, 0xf6, 0xbc, 0xa9, 0xbe,
    0x4a, 0xff, 0x0a, 0xee, 0x04, 0xff, 0xa4, 0xf5, 0x44, 0xaf, 0x69, 0x4f, 0xa9, 0x6f, 0xa6, 0x5b,
    0x2f, 0xc5, 0xa9, 0xfe, 0x42, 0x42, 0x7e, 0xe3, 0x48, 0xa9, 0xff, 0x4c, 0xef, 0x44, 0xff, 0xc4,
    0xe4, 0xaf, 0xc4, 0xa7, 0xa5, 0xc5, 0x89, 0x92, 0x05, 0xe4, 0xbf, 0xa4, 0xa4, 0xe4, 0x0a, 0x11,
    0x27, 0xfa, 0x27, 0xad, 0xff, 0x25, 0x57, 0x8d, 0x24, 0x24, 0xe5, 0x26, 0x24, 0x64, 0xa5, 0x27,
    0x35, 0x5f, 0xca, 0x5f, 0x44, 0x5f, 0x4a, 0x51, 0x10, 0x10, 0x18, 0x14, 0x12, 0x12, 0x10, 0x10,
    0x3e, 0x2a, 0x3e, 0x7f, 0x55, 0x3e, 0x08, 0xff, 0x55, 0xff, 0x4a, 0x5f, 0x64, 0xdf, 0x4a, 0x51,
    0x24, 0xfc, 0x26, 0x75, 0x65, 0xa4, 0x24, 0x24, 0xa8, 0xf8, 0xaf, 0x32, 0xea, 0x24, 0x24, 0x3b,
    0xe4, 0xae, 0xe4, 0xbf, 0xea, 0xb7, 0xe4, 0x1f, 0x24, 0xce, 0x4a, 0xee, 0x55, 0xe6, 0xcd, 0x4e,
    0x20, 0x57, 0xf5, 0x25, 0xf5, 0xa5, 0x75, 0xe7, 0x24, 0x74, 0xff, 0xb5, 0x25, 0xf5, 0x25, 0x6b,
    0x8e, 0x4a, 0x8b, 0x50, 0x0e, 0x4a, 0x44, 0x9b, 0xe4, 0x44, 0x69, 0xaf, 0x60, 0x2f, 0x49, 0x8f,
    0x5f, 0x5f, 0xf2, 0x5b, 0x5f, 0x72, 0xdb, 0x2f, 0x4e, 0x4a, 0xee, 0xf5, 0xee, 0x5f, 0x4a, 0x53,
    0x08, 0xff, 0x22, 0xc9, 0x2a, 0xff, 0x22, 0x42, 0x08, 0x08, 0xff, 0x08, 0x1c, 0x2a, 0xdd, 0x08,
    0xff, 0x55, 0xff, 0x75, 0xaf, 0x75, 0x75, 0x75, 0x7e, 0x42, 0x42, 0x52, 0x4a, 0x4a, 0x42, 0x83,
    0x1c, 0x42, 0xbd, 0x14, 0x2c, 0x7f, 0x55, 0xff, 0x08, 0x7f, 0x52, 0x7f, 0x4c, 0x7f, 0x44, 0x8c,
    0x08, 0x7f, 0x52, 0x7f, 0x52, 0x7f, 0x5a, 0xae, 0x08, 0x7f, 0x52, 0x7f, 0x5a, 0x5e, 0x55, 0xa7,
    0x08, 0x7f, 0x52, 0x7f, 0x52, 0x7f, 0x76, 0x92, 0x5f, 0x55, 0xff, 0x55, 0x5f, 0x64, 0xce, 0x1f,
    0x24, 0x2e, 0xf4, 0x5f, 0x54, 0x6e, 0x35, 0xc4, 0x04, 0xee, 0xa4, 0xff, 0xa4, 0xae, 0xf5, 0x04,
    0x28, 0xf8, 0x2f, 0x72, 0x6a, 0xa4, 0x24, 0x3b, 0x40, 0x7f, 0xbe, 0x2a, 0xff, 0x2a, 0x7f, 0x02,
    0x1f, 0xf5, 0xbf, 0xb5, 0xbf, 0xe4, 0x0e, 0x1f, 0x44, 0xff, 0x4e, 0xea, 0xce, 0x5f, 0x4a, 0x51,
    0x24, 0xff, 0x3c, 0x24, 0xff, 0x4a, 0xbd, 0x2c, 0xea, 0xbf, 0xe0, 0xae, 0xea, 0xbf, 0xa4, 0xbb,
    0x44, 0xff, 0x55, 0xe4, 0xcc, 0x4c, 0x55, 0x67, 0x64, 0xaf, 0x74, 0x57, 0x5d, 0x77, 0x05, 0xb5,
    0x5f, 0xe4, 0x44, 0xe7, 0xd4, 0x54, 0x54, 0x5f, 0x4a, 0x9f, 0xfb, 0xb1, 0xbf, 0xff, 0x0a, 0xa6,
    0x49, 0xed, 0x57, 0xf5, 0xcd, 0x47, 0x49, 0x51, 0x08, 0x7f, 0x14, 0x56, 0x55, 0x95, 0x14, 0x24,
    0x2f, 0x49, 0xcf, 0x5f, 0x44, 0x5f, 0x4a, 0x51, 0x00, 0x7e, 0x22, 0x22, 0x14, 0x08, 0x14, 0xe3,
    0x44, 0xff, 0x44, 0x4e, 0x64, 0xce, 0x55, 0x44, 0x08, 0xff, 0x08, 0x7e, 0x08, 0x1c, 0x2a, 0xc9,
    0x84, 0x5f, 0x84, 0x4e, 0x04, 0x4e, 0x55, 0x84, 0x90, 0x1f, 0x20, 0xde, 0x48, 0x51, 0x4f, 0xbf,
    0x3f, 0x51, 0xdf, 0x54, 0x52, 0x6d, 0x40, 0x4c, 0x24, 0xff, 0x24, 0xff, 0xb5, 0xdd, 0xb7, 0xd5,
    0x08, 0x7f, 0x52, 0x7f, 0x52, 0x7f, 0x61, 0xbf, 0xff, 0x10, 0x1e, 0x12, 0x12, 0x22, 0x42, 0x86,
    0x5e, 0x52, 0xff, 0xd5, 0x5f, 0x4a, 0x44, 0x5b, 0x8a, 0x5f, 0x8a, 0x44, 0x1f, 0x55, 0x5f, 0x91,
    0x9e, 0x52, 0x9f, 0x55, 0x1f, 0x4a, 0x44, 0x9b, 0x24, 0xff, 0x3c, 0x7e, 0x7e, 0x24, 0x18, 0xe7,
    0x04, 0xee, 0xa4, 0xbf, 0xa4, 0xee, 0x15, 0x04, 0x08, 0x7e, 0x08, 0xff, 0x08, 0x1c, 0x2a, 0xc9,
    0x42, 0xf7, 0xd2, 0xff, 0xf2, 0x67, 0x6a, 0xbf, 0xfe, 0x82, 0x82, 0xfe, 0x80, 0x80, 0x81, 0xff,
    0x44, 0x77, 0xa2, 0x24, 0x7e, 0x24, 0xff, 0x42, 0x5f, 0x55, 0x5f, 0xf5, 0xff, 0xe4, 0xe4, 0x04,
    0x08, 0xff, 0xa9, 0x24, 0xbf, 0x08, 0x49, 0x7f, 0x08, 0xff, 0xa5, 0x7f, 0xaa, 0x3e, 0x0a, 0x7d,
    0x84, 0x5f, 0x9f, 0x4a, 0x15, 0x5f, 0x4e, 0x91, 0x24, 0xff, 0x3e, 0xff, 0x22, 0x3e, 0x64, 0xb3,
    0x24, 0xca, 0x55, 0xee, 0x42, 0xed, 0xcc, 0x57, 0xe3, 0xac, 0xeb, 0xac, 0xed, 0xae, 0xae, 0xb5,
    0x44, 0x44, 0xee, 0x6d, 0xb5, 0xc6, 0x64, 0x98, 0x22, 0xbc, 0x27, 0xfc, 0x27, 0x7c, 0xa5, 0x27,
    0x7e, 0x42, 0x7e, 0x48, 0x7e, 0x44, 0x43, 0xe1, 0xef, 0xa9, 0xef, 0xaa, 0xef, 0xaa, 0xea, 0x1d,
    0xf4, 0x57, 0x2d, 0xf2, 0x35, 0x6f, 0xa5, 0x6b, 0x24, 0xff, 0x4a, 0xff, 0x9d, 0x34, 0x08, 0x30,
    0x20, 0x7f, 0x2a, 0xff, 0x2a, 0x7f, 0x00, 0x95, 0x10, 0x24, 0xfe, 0x49, 0x7e, 0x88, 0xff, 0x08,
    0x7e, 0x0a, 0x04, 0xff, 0x0d, 0x14, 0x24, 0xcc, 0x3e, 0xff, 0xab, 0xf5, 0x27, 0xfa, 0x6f, 0xa5,
    0xda, 0x17, 0xfd, 0x57, 0x74, 0xd7, 0xe9, 0x8b, 0x44, 0xff, 0x4e, 0xea, 0xce, 0x44, 0x4e, 0x55,
    0x5f, 0x45, 0xee, 0x7c, 0xab, 0xce, 0x6e, 0x8a, 0x48, 0x5e, 0xf2, 0x7e, 0xb2, 0xde, 0x74, 0x9b,
    0xff, 0xbd, 0x24, 0x3c, 0x08, 0xff, 0x24, 0xc3, 0x20, 0x3c, 0x44, 0xa8, 0x1f, 0x31, 0xd1, 0x1f,
    0x18, 0x24, 0xdb, 0x00, 0x77, 0x55, 0x77, 0x04, 0xef, 0xa9, 0xef, 0xa9, 0xaf, 0xe9, 0x09, 0x13,
    0x77, 0x55, 0x77, 0x75, 0x09, 0x7f, 0x55, 0xff, 0x95, 0x44, 0x1f, 0xc4, 0x4e, 0x55, 0x40, 0xbf,
    0x44, 0xa7, 0xed, 0x42, 0xe4, 0x5f, 0xe5, 0xc7, 0x04, 0xee, 0xaa, 0xae, 0xa8, 0xef, 0x01, 0x15,
    0x5f, 0x44, 0xea, 0x7d, 0xa4, 0xce, 0x64, 0x9f, 0xa4, 0xf4, 0xa5, 0xa6, 0x34, 0xe4, 0x25, 0x27,
    0x82, 0x7f, 0xa2, 0x7e, 0x2b, 0x7f, 0x6a, 0xb5, 0x38, 0x48, 0xff, 0x49, 0x7f, 0x14, 0x25, 0xc7,
    0x44, 0xef, 0x49, 0xef, 0xc4, 0x5f, 0x55, 0x55, 0x44, 0xaf, 0x49, 0x8f, 0xe4, 0x5f, 0xf5, 0x55,
    0x5f, 0xa8, 0x5f, 0x95, 0xf5, 0x55, 0xf5, 0x5f, 0xff, 0x10, 0xff, 0xa5, 0xbd, 0xa5, 0xa5, 0xff,
    0x2f, 0xf4, 0x2f, 0xfb, 0x7b, 0x5f, 0xa0, 0xdf, 0x4a, 0xff, 0x40, 0x4e, 0x6a, 0xdf, 0x44, 0x5b,
    0x4a, 0xff, 0x40, 0xee, 0xca, 0x5f, 0x44, 0x5b, 0x24, 0xff, 0x25, 0x7f, 0x44, 0x45, 0x42, 0x8d,
    0x08, 0xff, 0x20, 0x3e, 0x10, 0xff, 0x14, 0x3f, 0x3e, 0x04, 0xff, 0x08, 0x18, 0x7f, 0x55, 0xff,
    0x0e, 0x70, 0x10, 0x7e, 0x10, 0xff, 0x11, 0x1f, 0xae, 0x44, 0x7f, 0xa4, 0x6c, 0xaf, 0x2d, 0x5f,
    0x08, 0xff, 0x40, 0x7f, 0x42, 0x7e, 0x42, 0x7e, 0x5f, 0xbb, 0x5f, 0x95, 0xff, 0x59, 0xff, 0x51,
    0x22, 0xfc, 0x77, 0x2c, 0xf7, 0x2c, 0x75, 0xa7, 0x24, 0xff, 0x24, 0xff, 0x99, 0x6e, 0x14, 0x6b,
    0x55, 0x7f, 0xc6, 0x7f, 0x45, 0x7f, 0x6d, 0x7f, 0x08, 0x08, 0xff, 0x08, 0x1c, 0x2a, 0xc9, 0x08,
    0xf5, 0xb4, 0xbf, 0xf4, 0x2a, 0xf1, 0x00, 0x95, 0x7e, 0x42, 0x7e, 0x42, 0x7e, 0x42, 0x42, 0x7e,
    0x08, 0xff, 0x1c, 0x2a, 0xc9, 0x7e, 0x08, 0xff, 0x20, 0x20, 0x3f, 0x55, 0x95, 0x25, 0x49, 0x12,
    0x51, 0xaa, 0x1f, 0xea, 0xbf, 0xea, 0x8a, 0xf2, 0x0a, 0x09, 0x08, 0xff, 0x18, 0x18, 0x29, 0xcf,
    0xff, 0x7f, 0x41, 0x7f, 0x48, 0x7f, 0x48, 0xb7, 0x2f, 0xb5, 0x25, 0xfd, 0x27, 0x75, 0xa9, 0x33,
    0x2a, 0xff, 0x2a, 0x2e, 0x3f, 0x22, 0x3e, 0xe3, 0xe7, 0xa5, 0xe7, 0x81, 0x81, 0xbd, 0xa5, 0xbd,
    0xe7, 0xa5, 0xe7, 0x81, 0x91, 0xb5, 0xb3, 0xdd, 0x44, 0xa4, 0x5f, 0x8a, 0xea, 0x44, 0xe4, 0x5b,
    0xe7, 0xa5, 0xe7, 0xa5, 0xe7, 0x81, 0x81, 0x81, 0x20, 0x20, 0x3e, 0x2a, 0x5a, 0x8f, 0x12, 0x24,
    0x28, 0x28, 0x3e, 0xea, 0x2a, 0x28, 0x21, 0x3f, 0x88, 0x48, 0x11, 0x1f, 0x00, 0x5f, 0x51, 0x9f,
    0x08, 0xff, 0x24, 0x46, 0xca, 0x5a, 0x44, 0x5b, 0x22, 0xd5, 0x08, 0xf7, 0x55, 0x56, 0xf5, 0x16,
    0xf7, 0x55, 0x76, 0x55, 0x75, 0x55, 0xf6, 0x14, 0xff, 0xaa, 0xff, 0xa9, 0xfa, 0x22, 0x72, 0xf6,
    0xe8, 0x2f, 0xf4, 0x84, 0xee, 0x2d, 0x35, 0xc4, 0x20, 0x3e, 0x48, 0x08, 0xff, 0x08, 0x14, 0xe3,
    0x7f, 0x40, 0x5e, 0x52, 0x52, 0x56, 0x51, 0x9f, 0x4e, 0xaa, 0x4b, 0xd0, 0x4e, 0x4a, 0x44, 0x5b,
    0x48, 0xaf, 0x51, 0x81, 0xe9, 0x45, 0xe1, 0x46, 0x22, 0xff, 0x08, 0x9d, 0x56, 0xff, 0x2a, 0xc9,
    0x4f, 0xe9, 0x09, 0xef, 0x0a, 0xea, 0xaa, 0xf1, 0xef, 0xa5, 0xef, 0x45, 0x6a, 0xcf, 0xda, 0xef,
    0x44, 0x4f, 0xe4, 0x3f, 0xaf, 0x49, 0xef, 0x09, 0x48, 0xf3, 0x5b, 0xfb, 0xdb, 0x5b, 0x4a, 0x52,
    0x24, 0xff, 0xa4, 0x77, 0xad, 0xf5, 0x62, 0x75, 0x44, 0xae, 0xea, 0x5f, 0xe6, 0x54, 0xe6, 0xdf,
    0x44, 0x4a, 0xf7, 0xc0, 0x5b, 0x5b, 0x59, 0x5b, 0x18, 0x24, 0xff, 0x76, 0x56, 0x20, 0xaa, 0x9d,
    0x84, 0x44, 0x9f, 0x55, 0x1f, 0x55, 0x55, 0x9f, 0x08, 0x7f, 0x4c, 0xf3, 0x5d, 0xd5, 0x4a, 0xaf,
    0x44, 0xea, 0x17, 0xe0, 0x1b, 0xfb, 0xb9, 0xfb, 0x44, 0xea, 0x57, 0xe0, 0xfb, 0x5b, 0xf9, 0x5b,
    0x0a, 0xef, 0xba, 0xaf, 0xaa, 0xef, 0x0a, 0x0f, 0x24, 0x44, 0xdf, 0x48, 0x5f, 0x69, 0x49, 0x4f,
    0x3f, 0x44, 0xce, 0x4a, 0x7f, 0x6b, 0x54, 0x5b, 0x3c, 0x08, 0x7e, 0x7e, 0x52, 0xff, 0x11, 0x63,
    0x10, 0xff, 0x10, 0x1e, 0x12, 0x2a, 0x44, 0xbb, 0x08, 0xff, 0x91, 0x7e, 0x20, 0x7e, 0xbe, 0x22,
    0x2a, 0xab, 0xdd, 0xab, 0xdd, 0xff, 0x89, 0xff, 0x24, 0x57, 0xdd, 0x52, 0x5d, 0x20, 0xaa, 0x9d,
    0xff, 0x10, 0x3c, 0x24, 0xff, 0x95, 0x28, 0xf7, 0x4e, 0xea, 0x4e, 0x5f, 0x6a, 0xca, 0x5f, 0x42,
    0x20, 0xff, 0x20, 0x7e, 0xbe, 0x22, 0x3e, 0x22, 0x44, 0xe4, 0x5f, 0xf5, 0xdf, 0x55, 0x55, 0x5f,
    0x9f, 0x42, 0x8f, 0x4d, 0x0f, 0x5f, 0x45, 0x9b, 0x9e, 0x44, 0x9f, 0x55, 0x1f, 0x55, 0x5f, 0x95,
    0xaa, 0x5f, 0x6a, 0xbf, 0x7b, 0xb1, 0x3f, 0x5f, 0x53, 0xfa, 0x57, 0xfa, 0xda, 0x8a, 0xfd, 0xfd,
    0x08, 0x08, 0x7f, 0x49, 0x7f, 0x49, 0x49, 0x7f, 0x44, 0xe4, 0x3f, 0x28, 0x5f, 0xe9, 0x49, 0x4f,
    0x4a, 0xf1, 0x24, 0x4a, 0xf1, 0x6e, 0x4a, 0x4e, 0x4e, 0xff, 0x0e, 0xf5, 0x0e, 0xeb, 0xa9, 0xf2,
    0x94, 0x3f, 0x17, 0xd9, 0x6a, 0x4f, 0x52, 0xbf, 0x7c, 0x44, 0xfe, 0x92, 0xfe, 0x80, 0x81, 0xff,
    0x77, 0x25, 0xfe, 0x75, 0x75, 0xfd, 0x26, 0xf4, 0x4a, 0xef, 0x5a, 0x6f, 0x6a, 0xaf, 0x5a, 0x7f,
    0xf4, 0xa4, 0xef, 0x0d, 0xff, 0xd4, 0xb5, 0xbf, 0x10, 0x1e, 0x22, 0x52, 0x0c, 0x04, 0x08, 0x70,
    0x3e, 0x0a, 0x04, 0xff, 0x09, 0x0a, 0x08, 0x18, 0x18, 0x24, 0xc3, 0x3c, 0x08, 0xff, 0x2a, 0xc9,
    0x20, 0x3e, 0x20, 0x3c, 0x04, 0xff, 0x04, 0x1c, 0x4a, 0xff, 0x42, 0xbd, 0xff, 0x3c, 0x24, 0x3c,
    0x6b, 0x5d, 0x6b, 0x5d, 0x6b, 0xff, 0x22, 0xc1, 0xef, 0x44, 0xef, 0x29, 0x4f, 0x49, 0x4f, 0xd9,
    0x24, 0x5f, 0xd6, 0x5f, 0x5f, 0x55, 0x5f, 0x65, 0x24, 0x24, 0x4f, 0xf5, 0x25, 0x25, 0x55, 0xeb,
    0x23, 0x2c, 0xf4, 0x5f, 0x54, 0x64, 0x2a, 0xd1, 0x08, 0xff, 0xa5, 0x5a, 0x24, 0xff, 0x24, 0x3c,
    0x08, 0x7f, 0x4a, 0x7f, 0x7e, 0x6a, 0x7e, 0xaa, 0x4e, 0xea, 0x4e, 0x5f, 0x68, 0xcf, 0x4b, 0x55,
    0x43, 0xfc, 0x5f, 0x44, 0x7f, 0xc4, 0x55, 0x5f, 0x44, 0xff, 0x4a, 0x53, 0x7e, 0xcb, 0x52, 0x5b,
    0x1f, 0xe5, 0xbf, 0xe5, 0xaa, 0xaf, 0xfa, 0x0f, 0x4e, 0xea, 0x4e, 0xff, 0xc8, 0x4f, 0x4b, 0x55,
    0x4a, 0xff, 0x44, 0xff, 0xc4, 0x55, 0x4e, 0x55, 0x8a, 0x5f, 0x84, 0x4e, 0x04, 0x5f, 0x44, 0x84,
    0x84, 0x5f, 0x91, 0x4a, 0x15, 0x4e, 0x5b, 0x8e, 0x44, 0x5f, 0xf1, 0xca, 0x55, 0x4e, 0xbb, 0x8e,
    0x7f, 0x49, 0x7f, 0x49, 0x7f, 0x49, 0x49, 0x89, 0x08, 0xff, 0xa5, 0x52, 0x3e, 0xff, 0x00, 0x95,
    0x22, 0x7f, 0x08, 0x3e, 0x08, 0xff, 0x08, 0x08, 0x2f, 0xb5, 0x6f, 0x25, 0xfa, 0x6f, 0x7a, 0x8f,
    0x24, 0xff, 0x2a, 0x2e, 0x20, 0xff, 0x2a, 0xc9, 0x24, 0xff, 0x81, 0x5a, 0xa5, 0x7e, 0xa5, 0x3c,
    0xff, 0x7f, 0x55, 0x7f, 0x10, 0xff, 0x14, 0x3f, 0x43, 0xfc, 0x1f, 0xe4, 0x1f, 0xe4, 0xb5, 0xff,
    0xfe, 0xa4, 0xff, 0x55, 0x7f, 0xd5, 0xdf, 0xf5, 0x83, 0x5c, 0x1f, 0xc4, 0x5f, 0x44, 0x55, 0xbf,
    0xee, 0xaa, 0xce, 0xbf, 0xa8, 0xcf, 0x8b, 0x95, 0x14, 0x7f, 0x08, 0xff, 0x56, 0x9d, 0x14, 0x3a,
    0x54, 0x27, 0xfb, 0x52, 0x75, 0x20, 0xaa, 0x9d, 0x48, 0xf7, 0x55, 0x55, 0x75, 0xdd, 0x56, 0x44,
    0x54, 0x8c, 0x27, 0x51, 0x8a, 0x72, 0x52, 0x75, 0x83, 0x5c, 0x84, 0x5f, 0x04, 0x44, 0x4a, 0x91,
    0x8a, 0x51, 0x84, 0x4a, 0x11, 0x4e, 0x4a, 0x8e, 0x7f, 0x55, 0x33, 0x55, 0x08, 0x7f, 0x14, 0xff,
    0xee, 0x66, 0xaa, 0x7e, 0x52, 0x7e, 0xff, 0x24, 0x84, 0x5f, 0x91, 0x4e, 0x04, 0x4e, 0x4c, 0x93,
    0xff, 0xa5, 0xff, 0x4a, 0xaf, 0x5a, 0xef, 0x4f, 0x5f, 0x55, 0xff, 0xaa, 0xf4, 0x5f, 0x64, 0xd5,
    0x5f, 0xf5, 0x3f, 0x55, 0xff, 0x64, 0x4e, 0x55, 0x08, 0x7f, 0x2a, 0x2a, 0xff, 0x1c, 0x2a, 0xc9,
    0x22, 0xff, 0x08, 0xff, 0x2a, 0xff, 0x1c, 0xeb, 0x2f, 0xf4, 0x2f, 0xf9, 0xaf, 0xf9, 0x6f, 0xb9,
    0x7e, 0x08, 0xff, 0xab, 0x00, 0x7e, 0x4a, 0x7e, 0x88, 0x4e, 0x9a, 0x44, 0x0a, 0x5f, 0x4a, 0x8e,
    0x48, 0xae, 0x5a, 0x84, 0xea, 0x5f, 0xea, 0x4e, 0x24, 0xff, 0xce, 0x1a, 0xc4, 0x1f, 0x4a, 0x8e,
    0xe8, 0x4e, 0xfa, 0xe4, 0xaa, 0xff, 0xaa, 0xee, 0x28, 0xc8, 0x48, 0xe8, 0x48, 0xe8, 0xa9, 0xef,
    0x10, 0x67, 0x55, 0x77, 0x55, 0xf7, 0x14, 0x24, 0x92, 0xfe, 0x52, 0x7e, 0x56, 0x7e, 0x55, 0xbb,
    0x5b, 0xfb, 0x5b, 0xf5, 0xdf, 0x5f, 0x55, 0x5f, 0x9c, 0x57, 0x98, 0x57, 0x18, 0x4e, 0x4a, 0x9f,
    0x24, 0xff, 0xf4, 0xa7, 0xf8, 0x7f, 0x55, 0xff, 0x24, 0xff, 0xe7, 0x89, 0xbf, 0x9d, 0x9d, 0xab,
    0xf4, 0xa7, 0xe8, 0xf7, 0x3c, 0x24, 0x3d, 0xef, 0x11, 0xe5, 0x25, 0xf5, 0x25, 0x75, 0xa1, 0x23,
    0x08, 0xff, 0x7e, 0x4a, 0x7e, 0x28, 0x10, 0xef, 0x7f, 0x7f, 0x54, 0x6f, 0x55, 0x77, 0x52, 0x9d,
    0x08, 0xff, 0x1c, 0x2a, 0xdd, 0x08, 0xff, 0x18, 0xf5, 0x25, 0xf5, 0x71, 0xab, 0xff, 0x2a, 0xc9,
    0xff, 0x55, 0x5f, 0xf5, 0x5f, 0x64, 0xce, 0x1f, 0xe4, 0x5f, 0x4a, 0xee, 0x5f, 0x75, 0xd7, 0x1d,
    0x08, 0x7f, 0x49, 0xf5, 0x7d, 0xd5, 0x79, 0x93, 0x08, 0xff, 0x2a, 0x3e, 0x2a, 0xff, 0x64, 0xb3,
    0x5f, 0xf5, 0x3f, 0x55, 0xff, 0x64, 0x4e, 0x5f, 0x7e, 0x4a, 0x7e, 0x4a, 0x7e, 0x08, 0x7e, 0xff,
    0x25, 0xff, 0x56, 0x77, 0xfe, 0xaf, 0xbe, 0xef, 0xe4, 0xae, 0xc4, 0xbf, 0xaa, 0xd7, 0x84, 0x9f,
    0x48, 0xbe, 0x4a, 0xff, 0x4a, 0x5e, 0x7f, 0x48, 0x08, 0xff, 0x8d, 0x5a, 0x8d, 0x18, 0xff, 0x08,
    0x08, 0x7f, 0x20, 0x22, 0x22, 0x22, 0x14, 0xff, 0x24, 0xff, 0x44, 0x8e, 0x5f, 0xce, 0x5f, 0x44,
    0x44, 0xff, 0x4e, 0x4a, 0x6e, 0xc4, 0x4e, 0x55, 0x08, 0xee, 0xfa, 0xe4, 0xea, 0xff, 0x0a, 0x0e,
    0x59, 0x9d, 0xdd, 0xad, 0x75, 0xfd, 0x71, 0xfb, 0x88, 0x3f, 0x92, 0x3d, 0x1a, 0x5a, 0x5a, 0xa3,
    0x88, 0x37, 0xa3, 0x2b, 0x35, 0x5f, 0x55, 0x9f, 0x08, 0xff, 0x52, 0xfd, 0x5a, 0x7a, 0xda, 0x23,
    0x2f, 0xc5, 0x85, 0xa9, 0xd3, 0x7e, 0x4a, 0x7e, 0x04, 0xff, 0x4a, 0x7d, 0xd6, 0x56, 0x76, 0x0b,
    0x24, 0xbf, 0x22, 0xfa, 0x2a, 0x7a, 0xa4, 0x3f, 0xee, 0xba, 0xc4, 0xbb, 0xac, 0xce, 0x94, 0x9f,
    0x08, 0x7f, 0x14, 0xff, 0x2a, 0x3e, 0x09, 0x0f, 0x27, 0xfc, 0x57, 0xf9, 0x57, 0x74, 0x54, 0x57,
    0x2f, 0x49, 0xcf, 0x44, 0x5f, 0x51, 0x51, 0x5f, 0x0e, 0x7f, 0x4e, 0x79, 0x5e, 0x5e, 0x48, 0xad,
    0x44, 0xf7, 0x4a, 0x74, 0x5d, 0x56, 0x55, 0xa5, 0x0e, 0x7f, 0x4e, 0x79, 0x5e, 0x5e, 0x4a, 0x92,
    0x7f, 0x02, 0x04, 0x08, 0x08, 0x08, 0x08, 0x18, 0x08, 0xff, 0x24, 0x3c, 0xff, 0xa5, 0x24, 0xc7,
    0x24, 0x5f, 0xca, 0x5f, 0x4a, 0x4e, 0x44, 0x55, 0xff, 0x08, 0xff, 0x89, 0xab, 0xab, 0xbf, 0x81,
    0x84, 0x5f, 0x04, 0x3f, 0x0a, 0x53, 0x4c, 0x93, 0x08, 0xff, 0x89, 0x7f, 0x3e, 0xd5, 0x1c, 0x6b,
    0x22, 0xaa, 0x22, 0xfa, 0x23, 0x7e, 0xa2, 0x22, 0xdf, 0x05, 0x55, 0x89, 0xff, 0x18, 0x2c, 0xcb,
    0x84, 0x3f, 0x9e, 0x12, 0x1e, 0x44, 0x56, 0xa5, 0xb5, 0x4a, 0x7f, 0xb5, 0x7f, 0xb5, 0x3f, 0x55,
    0x08, 0x7f, 0x52, 0xff, 0x52, 0xde, 0x54, 0xa5, 0xe4, 0xbf, 0xea, 0xbf, 0xea, 0xae, 0xe4, 0x15,
    0x24, 0xdf, 0x44, 0xff, 0x4a, 0xf3, 0xcc, 0x53, 0x2e, 0xba, 0x2e, 0xff, 0x2e, 0x7e, 0xa4, 0x3f,
    0x10, 0x7e, 0x42, 0x7e, 0x42, 0x7e, 0x48, 0xe7, 0x44, 0xff, 0x0e, 0xea, 0x0e, 0xe4, 0xae, 0xf5,
    0x84, 0x5f, 0x0a, 0xdf, 0x6a, 0x4e, 0x55, 0xbf, 0x7e, 0x42, 0xff, 0x7e, 0x4a, 0x7e, 0x08, 0xff,
    0xe4, 0xaf, 0xc4, 0xbf, 0xaa, 0xd3, 0x8c, 0x93, 0x4f, 0xa4, 0xef, 0x09, 0xef, 0x69, 0x4f, 0x59,
    0x10, 0x10, 0xff, 0x11, 0x11, 0x21, 0x41, 0x83, 0x4e, 0xae, 0x42, 0x9f, 0xe4, 0x55, 0xee, 0x55,
    0x24, 0x4a, 0xd7, 0x40, 0x5f, 0x55, 0x5f, 0x55, 0x7f, 0x5f, 0x55, 0x5f, 0x55, 0x5f, 0x44, 0xbf,
    0x24, 0xff, 0x24, 0x74, 0x6e, 0xb5, 0x24, 0x24, 0x8a, 0x4a, 0x9f, 0x4a, 0x1f, 0x5e, 0x4a, 0x8a,
    0x44, 0x55, 0xee, 0xd5, 0x4f, 0x55, 0xab, 0x91, 0xea, 0x4a, 0x5f, 0xea, 0x5f, 0x7e, 0xca, 0x0a,
    0xf4, 0xa7, 0xf8, 0x96, 0xf6, 0xaf, 0xfd, 0x0f, 0x44, 0xea, 0x57, 0xe0, 0xff, 0x55, 0xff, 0x55,
    0xe4, 0xb5, 0xce, 0xb5, 0xaf, 0xd5, 0x8b, 0x91, 0x44, 0x95, 0xee, 0xb5, 0xaf, 0xf5, 0x0b, 0xb1,
    0x44, 0xf5, 0x8e, 0xf5, 0xef, 0xd5, 0xab, 0xf1, 0x08, 0xf7, 0x53, 0xfb, 0x55, 0x6f, 0xcd, 0x0f,
    0x7e, 0x4a, 0x7e, 0x81, 0x4a, 0xbd, 0x08, 0xff, 0xbf, 0x5f, 0x91, 0x5f, 0x12, 0x5f, 0x52, 0xad,
    0x7e, 0x52, 0x7e, 0x28, 0x12, 0xfd, 0x2a, 0xc9, 0xb7, 0x22, 0xff, 0xb5, 0x27, 0xfd, 0x27, 0xdd,
    0x18, 0x24, 0xdb, 0x00, 0x7e, 0x12, 0x16, 0x10, 0x24, 0x4a, 0xd7, 0x40, 0x5f, 0x45, 0x46, 0x44,
    0x79, 0x55, 0xdd, 0x6d, 0x5d, 0x4d, 0x51, 0x63, 0x84, 0x4a, 0x17, 0x00, 0x1f, 0x45, 0x46, 0x84,
    0xf4, 0x84, 0xff, 0xa5, 0xb5, 0xd5, 0x95, 0xab, 0x49, 0x7f, 0x6f, 0x94, 0xef, 0x69, 0x4f, 0x59,
    0x44, 0x4a, 0xf7, 0xc0, 0x5f, 0x45, 0x46, 0x44, 0xe4, 0x4a, 0x57, 0xe0, 0x5f, 0x65, 0xc6, 0x04,
    0x48, 0xe8, 0x28, 0x28, 0x48, 0xe8, 0x49, 0x4f, 0x24, 0xff, 0x18, 0x24, 0xdb, 0x7e, 0x12, 0x16,
    0x44, 0xaa, 0xf7, 0x40, 0xff, 0x45, 0xe6, 0xc4, 0x24, 0xfe, 0x27, 0xfe, 0x74, 0xf5, 0x2e, 0xb5,
    0x3e, 0xff, 0x99, 0x24, 0xdb, 0x7e, 0x12, 0x16, 0x7e, 0x08, 0xff, 0xab, 0x00, 0xbd, 0x56, 0xff,
    0xee, 0x00, 0xee, 0xaa, 0xff, 0xfe, 0xa4, 0xb6, 0x44, 0x6a, 0xd7, 0xf0, 0xdf, 0xb5, 0xd6, 0xf4,
    0x7f, 0x52, 0x7f, 0x56, 0x7b, 0x5e, 0x52, 0x9e, 0x7f, 0x52, 0x7f, 0x5b, 0x74, 0x57, 0x54, 0xbf,
    0xf1, 0x45, 0x75, 0x95, 0x75, 0x15, 0x21, 0xc3, 0x08, 0x2a, 0xcd, 0x18, 0xe8, 0x7f, 0x11, 0x63,
    0xf1, 0x45, 0x75, 0xd5, 0x21, 0xc3, 0x00, 0x95, 0xf5, 0x75, 0xd5, 0x21, 0xcb, 0xff, 0x64, 0xb3,
    0x08, 0x7f, 0x52, 0x7f, 0x4d, 0x7f, 0x5e, 0xad, 0x08, 0xff, 0x54, 0x95, 0x00, 0x2a, 0xa5, 0x9d,
    0x44, 0x55, 0xee, 0xd5, 0x4f, 0x55, 0x4b, 0x51, 0xa2, 0x17, 0x82, 0x37, 0x17, 0x52, 0x57, 0xaf,
    0x44, 0x5f, 0xf5, 0xdf, 0x55, 0x5f, 0xae, 0x95, 0x44, 0x77, 0xaa, 0x7f, 0x4d, 0x7f, 0x5e, 0xad,
    0x44, 0xbf, 0x55, 0x9f, 0xf5, 0x5f, 0xee, 0x55, 0xf5, 0x5a, 0x75, 0x5a, 0x7f, 0x56, 0xff, 0x16,
    0x24, 0xff, 0x84, 0x5f, 0x15, 0xdf, 0x44, 0xbf, 0x84, 0x5f, 0x04, 0xdf, 0x55, 0x5f, 0x44, 0xbf,
    0x44, 0xbf, 0xf5, 0x5f, 0xf5, 0x5f, 0xee, 0xd5, 0x7e, 0x42, 0x7e, 0x10, 0xff, 0x81, 0x81, 0xff,
    0x70, 0xfe, 0x4a, 0x7e, 0x95, 0x7e, 0x42, 0x7e, 0x4e, 0xf2, 0x4f, 0xef, 0xd5, 0x4f, 0x49, 0x4f,
    0x4f, 0x40, 0xef, 0xc9, 0x4f, 0x48, 0xa8, 0x90, 0xe8, 0xae, 0xfa, 0xe4, 0xaa, 0xff, 0x0a, 0xae,
    0xe8, 0xae, 0xfa, 0x44, 0x6a, 0xdf, 0xca, 0xee, 0x7e, 0xff, 0x89, 0xee, 0xba, 0xe4, 0x5b, 0xee,
    0x52, 0x2c, 0xff, 0x91, 0x7e, 0x12, 0x22, 0xc6, 0x08, 0x3e, 0xeb, 0x3e, 0x2a, 0xff, 0x14, 0x3f,
    0x08, 0x7f, 0x50, 0x7f, 0x6d, 0x7e, 0x65, 0xb6, 0x7e, 0x3c, 0x08, 0xff, 0x24, 0xff, 0x24, 0x44,
    0x47, 0xf5, 0x97, 0xf5, 0x97, 0xf5, 0xa5, 0xdb, 0x44, 0xf5, 0x4e, 0xf5, 0xc8, 0x5f, 0x4a, 0x5d,
    0x4b, 0xff, 0x56, 0xff, 0xd7, 0x5f, 0x52, 0x5a, 0x88, 0x5e, 0x92, 0x5e, 0x12, 0x5e, 0x54, 0x9b,
    0xbf, 0x3f, 0xa0, 0x3f, 0x24, 0xbf, 0xbf, 0xd5, 0x08, 0xff, 0xa9, 0x3e, 0x48, 0xff, 0x08, 0x08,
    0xa8, 0x5e, 0x72, 0xbe, 0x72, 0xbe, 0x34, 0x5b, 0x44, 0x77, 0xaa, 0x3e, 0x14, 0xff, 0x3e, 0x0f,
    0x12, 0x7e, 0x14, 0xff, 0x18, 0x2e, 0xc9, 0x0f, 0x24, 0xff, 0x56, 0xfc, 0x57, 0xfe, 0x3c, 0x04,
    0x55, 0x4a, 0xff, 0xb5, 0xff, 0x55, 0x7f, 0xd5, 0x47, 0xf5, 0x96, 0xf5, 0x95, 0xf5, 0xa6, 0xd4,
    0x08, 0x08, 0xff, 0x00, 0x24, 0x22, 0x41, 0x81, 0x22, 0xff, 0x77, 0xaa, 0x7f, 0x7e, 0x52, 0x9b,
    0x4e, 0xee, 0x22, 0x5f, 0xe4, 0x55, 0x4e, 0x55, 0x74, 0x54, 0x7f, 0x55, 0x75, 0x55, 0x55, 0x9b,
    0x4e, 0xae, 0xe2, 0x5f, 0xe4, 0x55, 0xee, 0xd5, 0x44, 0xea, 0x17, 0xe0, 0x1f, 0xf5, 0xbf, 0xf5,
    0x22, 0x5c, 0xdf, 0x4e, 0x55, 0x7f, 0x4a, 0x4f, 0x10, 0xef, 0x29, 0xf9, 0x29, 0x79, 0xa9, 0x2f,
    0x41, 0xee, 0x02, 0xef, 0x02, 0xef, 0xa9, 0xef, 0xff, 0x1c, 0xeb, 0xff, 0x08, 0x4e, 0x48, 0xff,
    0xe8, 0xbf, 0xe8, 0xef, 0xb9, 0xef, 0x09, 0xa9, 0xe8, 0xbe, 0xea, 0xa0, 0xf2, 0xbf, 0xbb, 0xbb,
    0x05, 0xff, 0x75, 0x52, 0xf5, 0x20, 0xaa, 0x9d, 0x48, 0xfe, 0x4a, 0xf3, 0xc4, 0x5f, 0x44, 0x44,
    0x45, 0xff, 0xac, 0xf3, 0x3c, 0x3f, 0x01, 0xab, 0xff, 0x10, 0x1e, 0x12, 0x2a, 0x54, 0x08, 0xff,
    0xff, 0x00, 0x7e, 0x42, 0x7e, 0x42, 0x7e, 0xff, 0x5f, 0x95, 0xff, 0xbf, 0xa4, 0xe7, 0x09, 0xa2,
    0x44, 0xff, 0x11, 0xee, 0x04, 0xfe, 0xa5, 0xe7, 0x24, 0xff, 0x7f, 0x55, 0x5d, 0xff, 0x2a, 0xc9,
    0x24, 0xff, 0x7f, 0x6a, 0x53, 0x7d, 0x52, 0xa5, 0x44, 0xff, 0x51, 0xef, 0xd5, 0x4d, 0x44, 0x5b,
    0x84, 0x3f, 0x9a, 0x2b, 0x1e, 0x4f, 0x51, 0x83, 0xe4, 0x5f, 0x51, 0x6f, 0xf5, 0x6e, 0x64, 0x1b,
    0xe4, 0xbf, 0xf1, 0xaf, 0xf5, 0xad, 0xa4, 0xbb, 0x05, 0x04, 0x7f, 0x04, 0x04, 0x72, 0x02, 0x01,
    0x7f, 0x08, 0x4f, 0x48, 0x7f, 0x81, 0x01, 0x02, 0xff, 0x08, 0x1c, 0x2a, 0xc9, 0x08, 0x00, 0xff,
    0x08, 0x14, 0x22, 0xc9, 0x08, 0x08, 0x08, 0x08, 0xa4, 0xa5, 0xa5, 0xa5, 0xa5, 0xe7, 0x24, 0x44,
    0x00, 0x10, 0x08, 0x04, 0x04, 0x00, 0x00, 0x00, 0x22, 0x7f, 0x22, 0x2a, 0x22, 0xff, 0x22, 0x42,
    0x02, 0x02, 0x02, 0x02, 0x02, 0x04, 0x08, 0x30, 0x02, 0x22, 0x22, 0x14, 0x14, 0x08, 0x14, 0xe3,
    0xfe, 0x08, 0xff, 0x2a, 0xeb, 0x2a, 0xeb, 0x08, 0x3e, 0xff, 0x2a, 0xeb, 0x2a, 0xeb, 0x1c, 0xeb,
    0x24, 0xc4, 0xf4, 0x44, 0xf4, 0xd4, 0xb5, 0xd7, 0x08, 0x08, 0x08, 0x08, 0x08, 0x08, 0x08, 0x78,
    0xec, 0x5f, 0xf5, 0x3f, 0x4d, 0x56, 0x4a, 0xd5, 0x08, 0xff, 0x2a, 0x7e, 0x0a, 0xff, 0x7e, 0x08,
    0x5e, 0xaa, 0x44, 0xff, 0x45, 0xe6, 0xa4, 0xec, 0x05, 0x04, 0xff, 0x04, 0x74, 0x02, 0xfa, 0x01,
    0x7f, 0x08, 0x08, 0xff, 0x08, 0x08, 0x08, 0x18, 0xff, 0x14, 0x77, 0x41, 0x41, 0x77, 0x14, 0xff,
    0xff, 0x10, 0x1f, 0xed, 0xaa, 0xed, 0x18, 0xff, 0x08, 0x08, 0x08, 0x08, 0xff, 0x00, 0x00, 0x00,
    0x08, 0xff, 0x00, 0x3c, 0x24, 0x24, 0x25, 0xc7, 0x08, 0xff, 0x42, 0x7e, 0x42, 0x7e, 0x2a, 0xc9,
    0x08, 0xff, 0x14, 0xff, 0xb9, 0x0e, 0x79, 0x0f, 0x08, 0xff, 0x55, 0x5d, 0x7f, 0x22, 0x3e, 0xff,
    0x24, 0x24, 0x24, 0x24, 0x24, 0x34, 0x4a, 0x91, 0x3e, 0x4a, 0xca, 0x4b, 0x49, 0x51, 0x51, 0x62,
    0x7f, 0x40, 0x44, 0x44, 0x44, 0x44, 0x4a, 0x91, 0x28, 0x48, 0xcc, 0x4a, 0x49, 0x48, 0x48, 0x48,
    0x28, 0x48, 0xdf, 0x49, 0x49, 0x49, 0x51, 0x63, 0x24, 0x5f, 0xc4, 0x44, 0x54, 0x48, 0x4c, 0x53,
    0x2f, 0x45, 0xc5, 0x55, 0x55, 0x45, 0x49, 0x53, 0x3e, 0x4a, 0xca, 0x5a, 0x4e, 0x4b, 0x52, 0x66,
    0x22, 0x4c, 0xc4, 0x7f, 0x44, 0x44, 0x44, 0x44, 0x24, 0x4a, 0xd1, 0x4a, 0x4a, 0x4a, 0x4a, 0x52,
    0x24, 0x5f, 0xc0, 0x4e, 0x4a, 0x4a, 0x52, 0x63, 0x34, 0x5f, 0xd4, 0x5f, 0x44, 0x44, 0x4a, 0x51,
    0x24, 0x5f, 0xc4, 0x44, 0x5f, 0x51, 0x51, 0x5f, 0x2c, 0x5f, 0xcd, 0x5f, 0x5c, 0x5f, 0x4d, 0x55,
    0x28, 0x4f, 0xd1, 0x41, 0x5d, 0x55, 0x5d, 0x43, 0x24, 0x5f, 0xd1, 0x40, 0x4a, 0x4c, 0x49, 0x4f,
    0x24, 0x5f, 0xd1, 0x40, 0x5f, 0x44, 0x44, 0x4c, 0x24, 0x5f, 0xc4, 0x5f, 0x40, 0x5f, 0x51, 0x5f,
    0x27, 0x4d, 0xc2, 0x5c, 0x47, 0x4d, 0x42, 0x5c, 0x2c, 0x4e, 0xd4, 0x5f, 0x44, 0x4e, 0x55, 0x44,
    0x24, 0x5f, 0xd1, 0x4e, 0x44, 0x5e, 0x45, 0x47, 0x2a, 0x4a, 0xdb, 0x4a, 0x5b, 0x4a, 0x4a, 0x53,
    0x3f, 0x51, 0xdf, 0x55, 0x5f, 0x5f, 0x5f, 0x65, 0x3f, 0x44, 0xdf, 0x51, 0x5f, 0x51, 0x51, 0x5f,
    0x28, 0x5f, 0xc8, 0x4f, 0x59, 0x4f, 0x49, 0x49, 0x2a, 0x5f, 0xc4, 0x4e, 0x44, 0x5f, 0x44, 0x44,
    0x08, 0xff, 0x2a, 0x2a, 0x5d, 0x1c, 0x2a, 0xc9, 0x08, 0x14, 0xff, 0x00, 0x7f, 0x55, 0x7f, 0x55,
    0x24, 0x4e, 0xdf, 0x4e, 0x55, 0x4f, 0x4d, 0x5f, 0x2f, 0x49, 0xcf, 0x4f, 0x49, 0x4f, 0x46, 0x5b,
    0x24, 0x49, 0xdf, 0x4e, 0x54, 0x5f, 0x44, 0x5b, 0x4e, 0x4a, 0xae, 0x8a, 0x4e, 0x4a, 0xaa, 0x9f,
    0x22, 0x4d, 0xd5, 0x4e, 0x42, 0x44, 0x5f, 0x44, 0x2c, 0x54, 0xdf, 0x55, 0x5f, 0x4c, 0x4c, 0x57,
    0x2f, 0x42, 0xdf, 0x55, 0x5f, 0x55, 0x5f, 0x55, 0x3f, 0x55, 0xdf, 0x55, 0x5f, 0x4e, 0x44, 0x5f,
    0x25, 0x5b, 0xcb, 0x5f, 0x4b, 0x5f, 0x59, 0x4b, 0x2a, 0x5f, 0xc5, 0x5f, 0x54, 0x5f, 0x4d, 0x55,
    0x24, 0x7f, 0xdf, 0x55, 0x5f, 0x55, 0x7f, 0x44, 0x24, 0x5f, 0xca, 0x51, 0x7f, 0x55, 0x5d, 0x43,
    0x2f, 0x4f, 0xca, 0x4f, 0x4a, 0x4f, 0x4d, 0x57, 0x3f, 0x5f, 0xd2, 0x5b, 0x5f, 0x52, 0x5b, 0x6f,
    0x28, 0x53, 0xd1, 0x5b, 0x51, 0x5f, 0x4a, 0x73, 0x24, 0x5f, 0xd1, 0x4a, 0x53, 0x4e, 0x44, 0x5f,
    0x24, 0x5f, 0xca, 0x4a, 0x55, 0x44, 0x5f, 0x44, 0x28, 0x5e, 0xca, 0x53, 0x44, 0x5f, 0x44, 0x44,
    0x37, 0x59, 0xd5, 0x7d, 0x52, 0x7a, 0x75, 0x59, 0x2e, 0x4a, 0xce, 0x5f, 0x51, 0x5f, 0x51, 0x5f,
    0x24, 0x5f, 0xc4, 0x5f, 0x4f, 0x4d, 0x4f, 0x49, 0x24, 0x47, 0xce, 0x4a, 0x4e, 0x5f, 0x44, 0x44,
    0x24, 0x4f, 0xcd, 0x4f, 0x4f, 0x4a, 0x5f, 0x42, 0x24, 0x5f, 0xd0, 0x55, 0x57, 0x5d, 0x57, 0x65,
    0x3b, 0x5b, 0xdb, 0x51, 0x51, 0x51, 0x51, 0x51, 0x2f, 0x44, 0xdf, 0x55, 0x5d, 0x5d, 0x57, 0x55,
    0x3f, 0x55, 0xd7, 0x52, 0x5f, 0x55, 0x52, 0x5f, 0x3f, 0x55, 0xdf, 0x50, 0x5f, 0x55, 0x5a, 0x55,
    0x18, 0x24, 0xff, 0x5a, 0x7e, 0x3c, 0x24, 0x3c, 0x32, 0x5b, 0xd2, 0x5b, 0x44, 0x4f, 0x49, 0x4f,
    0x24, 0x5f, 0xca, 0x5f, 0x54, 0x5a, 0x5d, 0x6e, 0x2e, 0x4a, 0xce, 0x48, 0x4f, 0x59, 0x4d, 0x42,
    0x34, 0x54, 0xff, 0x55, 0x7d, 0x6a, 0x7a, 0x45, 0x25, 0x4f, 0xc6, 0x5f, 0x45, 0x4f, 0x55, 0x47,
    0x30, 0x5f, 0xeb, 0x55, 0x49, 0x5a, 0x59, 0x6e, 0x24, 0x4a, 0xd7, 0x40, 0x59, 0x5a, 0x5a, 0x59,
    0x28, 0x5f, 0xdf, 0x55, 0x5f, 0x4d, 0x4e, 0x57, 0x2a, 0x7e, 0xd7, 0x65, 0x55, 0x56, 0x4a, 0x75,
    0x25, 0x7f, 0xd6, 0x5e, 0x56, 0x7f, 0x42, 0x56, 0x3f, 0x5a, 0xde, 0x50, 0x5f, 0x55, 0x5f, 0x5f,
    0x34, 0x54, 0xff, 0x55, 0x7d, 0x5a, 0x5a, 0x6d, 0x18, 0x24, 0xff, 0x7e, 0x5a, 0x7e, 0x24, 0x5a,
    0x3f, 0x4a, 0xdf, 0x5f, 0x4a, 0x55, 0x48, 0x4e, 0x24, 0x7f, 0xd6, 0x5e, 0x56, 0x7f, 0x52, 0x46,
    0x24, 0x5e, 0xd7, 0x5e, 0x44, 0x5f, 0x4a, 0x4f, 0x24, 0x5f, 0xce, 0x4a, 0x4e, 0x5f, 0x4a, 0x4e,
    0x22, 0x5d, 0xd5, 0x5e, 0x52, 0x5f, 0x61, 0x5b, 0x24, 0x4e, 0xdf, 0x5b, 0x4e, 0x5f, 0x4a, 0x53,
    0x2a, 0x5f, 0xca, 0x7f, 0x5e, 0x73, 0x5e, 0x52, 0x2a, 0x5f, 0xca, 0x7f, 0x5e, 0x73, 0x5e, 0x52,
    0x24, 0x5f, 0xca, 0x5f, 0x4e, 0x4e, 0x44, 0x5f, 0x3f, 0x4a, 0xdf, 0x5f, 0x4e, 0x4a, 0x4e, 0x5b,
    0x3f, 0x55, 0xdf, 0x55, 0x7f, 0x55, 0x5f, 0x7f, 0x24, 0x4a, 0xd1, 0x5f, 0x55, 0x5f, 0x4a, 0x55,
    0x2a, 0x4f, 0xda, 0x6f, 0x4a, 0x5f, 0x55, 0x51, 0x2a, 0x5f, 0xdb, 0x5f, 0x40, 0x5f, 0x5a, 0x6d,
    0x3a, 0x53, 0xd8, 0x53, 0x58, 0x4e, 0x4a, 0x5f, 0x24, 0x5f, 0xda, 0x55, 0x6e, 0x4a, 0x4e, 0x52,
    0x24, 0x5f, 0xce, 0x5f, 0x44, 0x5f, 0x59, 0x45, 0x2a, 0x5f, 0xc0, 0x4e, 0x5f, 0x57, 0x4a, 0x5c,
    0x3e, 0x56, 0xde, 0x40, 0x7f, 0x6d, 0x7f, 0x7f, 0x56, 0x7f, 0xd6, 0x7f, 0x6a, 0x7f, 0x4a, 0x77,
    0x3b, 0x5f, 0xd5, 0x44, 0x5f, 0x5f, 0x5a, 0x6f, 0x3f, 0x55, 0xdf, 0x5f, 0x57, 0x5d, 0x52, 0x7d,
    0x2a, 0x5f, 0xd5, 0x4e, 0x4e, 0x5f, 0x40, 0x55, 0x28, 0x28, 0x28, 0x28, 0x28, 0x28, 0x49, 0x8f,
    0xff, 0x28, 0x28, 0x28, 0x28, 0x28, 0x49, 0x8f, 0x10, 0x67, 0x77, 0x41, 0x7f, 0x14, 0x25, 0xc7,
    0x2c, 0x42, 0xbf, 0x22, 0x22, 0x3e, 0x15, 0xe7, 0x38, 0x48, 0xff, 0x49, 0x7f, 0x1a, 0x29, 0xcf,
    0x22, 0xff, 0x77, 0x55, 0x77, 0x66, 0x66, 0xbb, 0x22, 0xff, 0x55, 0xff, 0x77, 0x77, 0x66, 0xbb,
    0xff, 0x08, 0xff, 0xa9, 0xab, 0xad, 0xdb, 0x89, 0x18, 0x24, 0xff, 0x00, 0x75, 0x5a, 0x75, 0x55,
    0x2c, 0x42, 0xbd, 0x20, 0x3e, 0x42, 0x06, 0x0c, 0x15, 0x76, 0xff, 0x2a, 0x3e, 0x14, 0xff, 0x22,
    0x7f, 0x41, 0x41, 0x41, 0x41, 0x41, 0x41, 0x43, 0xff, 0x81, 0xbd, 0xa5, 0xbd, 0xa1, 0xbd, 0x81,
    0x77, 0x55, 0x55, 0xff, 0x55, 0x55, 0x55, 0x99, 0x08, 0x7e, 0x4a, 0x7e, 0x4a, 0xff, 0x42, 0x42,
    0xff, 0xa5, 0xa7, 0xc1, 0x81, 0xbd, 0xa5, 0xbd, 0x08, 0xff, 0x89, 0xfe, 0x5a, 0x42, 0x5a, 0x42,
    0x24, 0xff, 0x24, 0xff, 0x7e, 0x4a, 0xff, 0x42, 0x7e, 0x42, 0x7e, 0x7e, 0xaa, 0x3e, 0x14, 0xe7,
    0x00, 0x00, 0xff, 0x81, 0x00, 0x00, 0x00, 0x00, 0xff, 0xb9, 0x48, 0xff, 0x49, 0x7f, 0x14, 0xe7,
    0xff, 0x85, 0x76, 0x04, 0xff, 0x6a, 0x64, 0xbf, 0xff, 0x81, 0x7e, 0x30, 0xdb, 0x6c, 0xea, 0x31,
    0xff, 0x91, 0x66, 0x42, 0x7e, 0x7f, 0x01, 0xab, 0xff, 0xa5, 0x7e, 0x24, 0xff, 0x4a, 0xbd, 0x2c,
    0x20, 0x10, 0x08, 0x00, 0x04, 0x08, 0x10, 0x20, 0x88, 0x5e, 0x0a, 0x0a, 0x3f, 0x48, 0x54, 0xa3,
    0xbf, 0x50, 0x1e, 0x12, 0x12, 0x5e, 0x42, 0xbf, 0x84, 0x5f, 0x15, 0x15, 0x15, 0x5f, 0x44, 0x84,
    0x84, 0x44, 0x1d, 0x0e, 0x0e, 0x56, 0x65, 0x84, 0x9f, 0x51, 0x11, 0x1f, 0x0a, 0x4a, 0x52, 0xa3,
    0xb9, 0x55, 0x1d, 0x2d, 0x1d, 0x4d, 0x51, 0xa3, 0x9f, 0x55, 0x1f, 0x15, 0x1f, 0x5b, 0x5f, 0x9f,
    0x84, 0x3f, 0x1e, 0x12, 0x1e, 0x44, 0x56, 0xa5, 0x84, 0x3f, 0x11, 0x15, 0x1f, 0x5f, 0x44, 0x95,
    0x3c, 0x24, 0x24, 0x24, 0x24, 0x24, 0x45, 0x87, 0x0e, 0x7f, 0x48, 0x4e, 0x78, 0x6f, 0x5d, 0xe7,
    0x7f, 0x49, 0x7f, 0x49, 0x49, 0x5d, 0x6b, 0x89, 0x2e, 0x5f, 0xc4, 0x5f, 0x40, 0x3c, 0x25, 0xc7,
    0x7f, 0x49, 0x5d, 0x5d, 0x7f, 0x5d, 0x49, 0xbf, 0x81, 0x81, 0x81, 0x81, 0x81, 0x81, 0x81, 0xff,
    0x3e, 0x04, 0x89, 0xff, 0xdb, 0xfd, 0x8b, 0xff, 0xfe, 0x12, 0x92, 0x52, 0x32, 0x2f, 0x42, 0x8e,
    0x11, 0x65, 0x25, 0xfd, 0x25, 0x25, 0x21, 0x43, 0x21, 0x7d, 0x2d, 0x2d, 0xfd, 0x25, 0x51, 0x8b,
    0x41, 0x45, 0x7d, 0xbd, 0x5d, 0xad, 0x49, 0x13, 0x21, 0x75, 0x25, 0xfd, 0x25, 0x55, 0xf1, 0x03,
    0x79, 0x6d, 0x6d, 0xfd, 0x6d, 0x6d, 0x69, 0x4b, 0x11, 0x65, 0x25, 0xf5, 0x25, 0x75, 0x51, 0x73,
    0x21, 0xfd, 0x55, 0xad, 0x75, 0x3d, 0x49, 0x13, 0x51, 0x25, 0xd5, 0x25, 0xfd, 0x25, 0x71, 0xab,
    0x9e, 0x6a, 0xfa, 0x6a, 0xfe, 0x6b, 0x6a, 0xb6, 0xf9, 0x55, 0xa5, 0xa5, 0x55, 0xfd, 0x21, 0xfb,
    0x41, 0xf5, 0x45, 0xf5, 0x95, 0xf1, 0x63, 0xbf, 0x21, 0xfd, 0x25, 0xfd, 0xad, 0xfd, 0x71, 0xab,
    0x21, 0xfd, 0x55, 0x8d, 0xfd, 0xad, 0xe9, 0x1b, 0x71, 0x55, 0x75, 0x75, 0x45, 0x7d, 0xa9, 0x5b,
    0x24, 0xff, 0x55, 0x75, 0x51, 0xff, 0x11, 0xe3, 0x21, 0xad, 0xfd, 0xfd, 0x8d, 0xfd, 0x51, 0xfb,
    0x71, 0xfd, 0x55, 0xdd, 0x55, 0xad, 0x71, 0xab, 0x51, 0xfd, 0x25, 0x55, 0xfd, 0x75, 0x51, 0x73,
    0xa9, 0x05, 0xf5, 0xf5, 0x25, 0xfd, 0x71, 0xab, 0xf9, 0x55, 0xfd, 0xfd, 0x75, 0xfd, 0x21, 0xab,
    0x21, 0x55, 0x8d, 0xfd, 0xad, 0xfd, 0x51, 0xab, 0x27, 0x53, 0x8b, 0xfb, 0xab, 0xfb, 0x55, 0xab,
    0x27, 0x53, 0x8b, 0xff, 0xab, 0xfb, 0x55, 0xab, 0x27, 0x53, 0xab, 0xff, 0xab, 0xfb, 0x55, 0x8b,
    0x72, 0x5f, 0x75, 0xdf, 0x72, 0x7f, 0x09, 0xf3, 0x21, 0xfd, 0x55, 0x75, 0xad, 0x55, 0x71, 0x93,
    0x4a, 0xef, 0xbd, 0xff, 0x5a, 0xff, 0x4a, 0xd2, 0x42, 0xff, 0xbd, 0xff, 0x5a, 0xff, 0x5a, 0xaa,
    0x44, 0x74, 0x9f, 0xf5, 0xb5, 0xf5, 0x15, 0x3b, 0xf4, 0x54, 0x9f, 0x25, 0xf5, 0x95, 0x95, 0xfb,
    0x24, 0xff, 0x25, 0x75, 0x05, 0x75, 0x55, 0x7b, 0x52, 0xbd, 0x24, 0xff, 0x42, 0xbd, 0x14, 0x2c,
    0xf4, 0x54, 0xaf, 0xa5, 0x55, 0xf5, 0x25, 0xfb, 0x24, 0xf4, 0x7f, 0x55, 0x75, 0x25, 0x75, 0xab,
    0x7e, 0x42, 0x7e, 0x74, 0x5f, 0x75, 0x55, 0xeb, 0xab, 0x22, 0x55, 0xff, 0x91, 0x7e, 0x12, 0xe6,
    0x24, 0xff, 0x25, 0xfd, 0x75, 0x55, 0x75, 0xdb, 0xac, 0x04, 0xff, 0xf5, 0x25, 0xfd, 0x75, 0xab,
    0x48, 0xaf, 0xf4, 0xaf, 0xe5, 0x85, 0xc5, 0xeb, 0xdc, 0xdf, 0x25, 0x55, 0xad, 0x45, 0x15, 0x6b,
    0x74, 0xff, 0x25, 0xf5, 0xf5, 0x25, 0xf5, 0xab, 0xfa, 0xb2, 0xff, 0xb3, 0xb3, 0xfb, 0xfb, 0xcd,
    0x52, 0xfa, 0xaf, 0xfb, 0x53, 0x7b, 0xd3, 0x7d, 0x20, 0x20, 0x3f, 0x41, 0x81, 0x01, 0x01, 0x02,
    0x20, 0x20, 0x3f, 0x55, 0x9d, 0x27, 0x49, 0x12, 0x40, 0x7f, 0x89, 0x6d, 0x55, 0x6d, 0x7d, 0x03,
    0x40, 0x7f, 0xfd, 0x55, 0x7d, 0x55, 0x7d, 0x03, 0x40, 0x7f, 0x95, 0x7d, 0x11, 0x7d, 0x7d, 0x57,
    0x40, 0x7f, 0xbd, 0x29, 0x39, 0x7d, 0x55, 0x7f, 0x24, 0xf7, 0x59, 0xaf, 0x7b, 0x3e, 0x59, 0x2f,
    0x40, 0x44, 0x48, 0x50, 0x60, 0xc0, 0x41, 0x3f, 0xff, 0x80, 0x80, 0x80, 0x80, 0x80, 0x80, 0xff,
    0xff, 0xbe, 0xaa, 0xbe, 0xaa, 0xbe, 0x88, 0xff, 0xff, 0xaa, 0x8f, 0xaa, 0x8f, 0x9a, 0xaf, 0xff,
    0xff, 0x88, 0x9e, 0xbf, 0x92, 0x9e, 0xb2, 0xff, 0xff, 0x88, 0x94, 0xe3, 0xb6, 0xb6, 0xc9, 0xff,
    0xff, 0x40, 0x40, 0x40, 0x40, 0x40, 0x40, 0x3f, 0xff, 0x5e, 0x52, 0x5e, 0x7f, 0x6d, 0x7f, 0x7f,
    0x10, 0x7c, 0x25, 0x4b, 0x08, 0xff, 0x08, 0x08, 0x4a, 0x4a, 0x4a, 0xff, 0x4a, 0x4a, 0x4a, 0x82,
    0x4a, 0x4a, 0xff, 0x4a, 0x4a, 0x4a, 0x7e, 0x42, 0x08, 0x7f, 0x08, 0x2a, 0x22, 0xff, 0x22, 0x42,
    0x79, 0x09, 0x09, 0x7f, 0x48, 0x48, 0x48, 0x4f, 0x94, 0x1f, 0x34, 0x9e, 0x9f, 0x08, 0xff, 0x08,
    0x08, 0x7f, 0x08, 0x0c, 0x0a, 0x08, 0x08, 0x08, 0x3e, 0x22, 0x22, 0x22, 0x22, 0x2c, 0x20, 0x20,
    0x0c, 0x70, 0x7f, 0x5e, 0x52, 0x56, 0x51, 0x9f, 0x47, 0x75, 0x55, 0x95, 0x75, 0x17, 0x24, 0xc4,
    0x57, 0x8d, 0x25, 0x55, 0x8d, 0x77, 0x54, 0x74, 0x52, 0xbd, 0x24, 0xff, 0x7e, 0xa5, 0x2c, 0x3e,
    0x7f, 0x40, 0x40, 0x40, 0x40, 0x40, 0x40, 0x80, 0x7f, 0x51, 0x52, 0x79, 0x5a, 0x59, 0x5a, 0xaf,
    0x7f, 0x79, 0x6d, 0x7d, 0x6d, 0x7d, 0x41, 0xab, 0x7f, 0x7e, 0x5e, 0x52, 0x5e, 0x74, 0x48, 0xb6,
    0xff, 0xd4, 0xf7, 0xa9, 0xf2, 0xf2, 0xa2, 0xcd, 0x7f, 0x59, 0x7e, 0x5b, 0x5b, 0x7f, 0x5b, 0xa5,
    0xff, 0xaa, 0xf7, 0xfd, 0x8a, 0xfa, 0xdd, 0xfd, 0x00, 0x08, 0x08, 0x08, 0x10, 0x22, 0x7e, 0x01,
    0x24, 0x7a, 0x24, 0xff, 0x22, 0xc9, 0x34, 0x38, 0x44, 0x77, 0xaa, 0x3e, 0x22, 0xff, 0x52, 0xa9,
    0x55, 0x77, 0xdd, 0x77, 0x3c, 0x14, 0x08, 0xf7, 0x28, 0xcb, 0xeb, 0x89, 0xff, 0x24, 0x18, 0xe7,
    0x7e, 0x42, 0xff, 0xa5, 0xff, 0x24, 0x18, 0xe7, 0x5a, 0xff, 0x5a, 0xa5, 0x3c, 0x14, 0x08, 0xf7,
    0x1f, 0xe2, 0xa2, 0xa2, 0xa2, 0xe2, 0x02, 0x06, 0x1f, 0xe5, 0xa5, 0xa5, 0xa5, 0xe5, 0x09, 0x13,
    0x0e, 0xe2, 0xaa, 0xaa, 0xaa, 0xea, 0x12, 0x21, 0x0c, 0xe4, 0xa4, 0xa4, 0xa4, 0xea, 0x12, 0x21,
    0x0e, 0xe4, 0xa4, 0xbf, 0xa4, 0xe4, 0x04, 0x0c, 0x0a, 0xea, 0xaf, 0xb2, 0xa2, 0xff, 0x02, 0x02,
    0x0f, 0xea, 0xaa, 0xbf, 0xa6, 0xea, 0x12, 0x06, 0x02, 0xec, 0xa8, 0xaf, 0xaa, 0xea, 0x0a, 0x12,
    0x04, 0xff, 0xa0, 0xae, 0xaa, 0xea, 0x0a, 0x13, 0x1e, 0xe6, 0xaa, 0xaa, 0xbe, 0xea, 0x0a, 0x1b,
    0x04, 0xe9, 0xbf, 0xaa, 0xaa, 0xea, 0x12, 0x23, 0x0c, 0xe4, 0xbf, 0xb5, 0xb5, 0xfb, 0x11, 0x13,
    0x0c, 0xf2, 0xa1, 0xbe, 0xaa, 0xea, 0x0a, 0x16, 0x08, 0xff, 0x14, 0x08, 0xf7, 0x3e, 0x22, 0x3e,
    0x0f, 0xe9, 0xa9, 0xaf, 0xa8, 0xec, 0x12, 0x21, 0x0c, 0xe0, 0xbc, 0xa5, 0xbe, 0xe6, 0x0d, 0x15,
    0x1f, 0xe1, 0xbd, 0xb5, 0xb5, 0xfd, 0x01, 0x03, 0x44, 0x74, 0xd4, 0x2a, 0x5f, 0xfe, 0x22, 0x3e,
    0x04, 0xff, 0xa4, 0xa8, 0xba, 0xe4, 0x0a, 0x1d, 0x01, 0xee, 0xaa, 0xaa, 0xaa, 0xea, 0x0d, 0x15,
    0x1f, 0xf5, 0xbf, 0xb5, 0xbf, 0xe4, 0x04, 0x04, 0x25, 0xb6, 0xa4, 0xf7, 0x00, 0x3e, 0x22, 0x3e,
    0x77, 0x55, 0x77, 0x00, 0x3c, 0x24, 0x25, 0xc7, 0x04, 0xff, 0xb5, 0xbf, 0xb5, 0xff, 0x04, 0x04,
    0x0e, 0xea, 0xae, 0xaa, 0xae, 0xea, 0x0a, 0x1f, 0x17, 0xd1, 0xfd, 0xed, 0xea, 0xf2, 0x15, 0x69,
    0x04, 0xf5, 0xb5, 0xbf, 0xa4, 0xf5, 0x15, 0x1f, 0x0a, 0xf2, 0xbf, 0xb2, 0xb6, 0xf2, 0x12, 0x16,
    0x08, 0xef, 0xb1, 0xaf, 0xab, 0xee, 0x09, 0x0f, 0x04, 0xee, 0xa4, 0xbf, 0xa4, 0xee, 0x04, 0x1f,
    0x77, 0x55, 0x77, 0x3e, 0xff, 0x1e, 0x22, 0x0c, 0x05, 0x7f, 0x44, 0x7d, 0x45, 0x7a, 0x6a, 0xbd,
    0x1f, 0xe4, 0xaa, 0xbd, 0xa4, 0xee, 0x04, 0x1f, 0x04, 0xff, 0xaa, 0xb1, 0xaa, 0xea, 0x04, 0x1b,
    0x0a, 0xea, 0xbf, 0xaa, 0xaa, 0xff, 0x0a, 0x11, 0x0c, 0xf2, 0xa1, 0xbe, 0xa0, 0xfe, 0x12, 0x1e,
    0x88, 0x4f, 0x15, 0x44, 0x9b, 0x7e, 0x42, 0x7e, 0x77, 0x55, 0x55, 0x77, 0x42, 0x65, 0x50, 0x8f,
    0x1f, 0xea, 0xbf, 0xbb, 0xbb, 0xf3, 0x11, 0x1f, 0x04, 0xff, 0xb1, 0xae, 0xa4, 0xfe, 0x05, 0x07,
    0x05, 0xef, 0xa6, 0xbf, 0xa4, 0xef, 0x14, 0x07, 0x3e, 0x2e, 0x2a, 0x7f, 0x41, 0x5d, 0x55, 0x5d,
    0x0e, 0xf0, 0xbf, 0xb2, 0xb2, 0xf2, 0x12, 0x16, 0x7f, 0x3a, 0x2a, 0x3a, 0xff, 0x3a, 0x2a, 0x3a,
    0x07, 0xfa, 0xbf, 0xaa, 0xae, 0xfb, 0x0a, 0x0d, 0x0a, 0xe4, 0xba, 0xbf, 0xb4, 0xff, 0x15, 0x15,
    0x1f, 0xe8, 0xbe, 0xaa, 0xbf, 0xfe, 0x12, 0x1e, 0x1f, 0xe4, 0xbf, 0xbf, 0xb5, 0xff, 0x06, 0x19,
    0x05, 0xef, 0xa6, 0xbf, 0xa9, 0xf2, 0x0f, 0x02, 0x77, 0x55, 0x77, 0x0a, 0xff, 0x08, 0x14, 0xe3,
    0x05, 0xff, 0xa4, 0xbf, 0xbf, 0xf5, 0x1f, 0x15, 0x1f, 0xee, 0xa4, 0xbf, 0xaa, 0xff, 0x0a, 0x12,
    0x12, 0xfd, 0xd0, 0xde, 0xd5, 0xd6, 0x25, 0x08, 0x1f, 0xf7, 0xb2, 0xbf, 0xb2, 0xf7, 0x12, 0x2f,
    0x13, 0xff, 0xab, 0xbf, 0xab, 0xff, 0x1a, 0x1e, 0x04, 0xff, 0xb1, 0xaa, 0xb3, 0xee, 0x04, 0x1f,
    0x24, 0x3f, 0x64, 0xbf, 0x24, 0x3f, 0x22, 0x3e, 0x1f, 0xf5, 0xaa, 0xb5, 0xbf, 0xf5, 0x0a, 0x15,
    0x04, 0xe7, 0xae, 0xaa, 0xae, 0xff, 0x04, 0x04, 0x15, 0xe4, 0xaa, 0xb1, 0xa4, 0xf5, 0x0a, 0x11,
    0x07, 0xe9, 0xa2, 0xbb, 0xb1, 0xfb, 0x11, 0x1f, 0x04, 0xea, 0xb5, 0xae, 0xa2, 0xed, 0x0c, 0x17,
    0x1f, 0xff, 0xb1, 0xbf, 0xb2, 0xff, 0x12, 0x2d, 0x04, 0xfb, 0xab, 0xbf, 0xab, 0xeb, 0x1c, 0x2b,
    0x07, 0xea, 0xbf, 0xa4, 0xad, 0xf6, 0x0a, 0x15, 0x04, 0xff, 0xb1, 0xae, 0xba, 0xe4, 0x1b, 0x0e,
    0x0e, 0xea, 0xaa, 0xb4, 0xab, 0xfe, 0x0a, 0x0e, 0x02, 0xff, 0xb2, 0xbe, 0xb2, 0xfb, 0x1a, 0x25,
    0x1f, 0xf5, 0xbf, 0xb5, 0xbf, 0xea, 0x0e, 0x0a, 0x08, 0x7f, 0x14, 0xff, 0xab, 0x08, 0x3e, 0x3e,
    0x0e, 0xfa, 0xab, 0xbe, 0xaa, 0xfe, 0x1d, 0x0d, 0x15, 0xff, 0xa0, 0xbf, 0xa8, 0xff, 0x15, 0x15,
    0x0b, 0xff, 0xb7, 0xbf, 0xb7, 0xff, 0x12, 0x1a, 0x77, 0x55, 0x7f, 0x49, 0x7f, 0x49, 0xff, 0x08,
    0x04, 0xff, 0xaa, 0xbf, 0xb5, 0xee, 0x0e, 0x04, 0x04, 0xff, 0xa4, 0xbf, 0xbb, 0xf5, 0x1f, 0x15,
    0x04, 0xea, 0xb7, 0xa0, 0xbd, 0xf6, 0x1e, 0x15, 0x09, 0xff, 0xa9, 0xbf, 0xab, 0xff, 0x1d, 0x2b,
    0x04, 0xff, 0xaa, 0xae, 0xbf, 0xf1, 0x0a, 0x13, 0x04, 0xee, 0xaa, 0xaf, 0xa8, 0xef, 0x01, 0x15,
    0x04, 0xee, 0xaa, 0xae, 0xaa, 0xff, 0x04, 0x1b, 0x0a, 0xff, 0xa4, 0xbf, 0xa8, 0xef, 0x12, 0x2f,
    0x1f, 0xe4, 0xaf, 0xa9, 0xaf, 0xfa, 0x04, 0x1b, 0x04, 0xee, 0xbf, 0xac, 0xb7, 0xfe, 0x12, 0x1e,
    0x15, 0xff, 0xa8, 0xbf, 0xb5, 0xff, 0x05, 0x1f, 0x0a, 0xed, 0xaf, 0xba, 0xbe, 0xff, 0x0a, 0x11,
    0x1f, 0xfa, 0xbe, 0xb0, 0xbf, 0xf5, 0x1f, 0x1f, 0x0a, 0xff, 0xab, 0xbe, 0xaa, 0xfe, 0x15, 0x2d,
    0x04, 0xff, 0xa4, 0xbf, 0xae, 0xea, 0x0e, 0x1b, 0x0a, 0xff, 0xac, 0xbf, 0xaa, 0xff, 0x1a, 0x2d,
    0x14, 0xfc, 0xd7, 0xf9, 0xfa, 0xd2, 0x3a, 0x55, 0x04, 0xff, 0xaa, 0xbf, 0xaa, 0xff, 0x3f, 0x4a,
    0x12, 0xe7, 0xb2, 0xa7, 0xbf, 0xaf, 0xea, 0x17, 0x04, 0xff, 0xae, 0xbf, 0xbb, 0xee, 0x04, 0x1f,
    0x77, 0x55, 0x77, 0xff, 0x08, 0xff, 0x55, 0x77, 0xab, 0x22, 0xff, 0x95, 0x1c, 0x3e, 0x22, 0x3e,
    0x15, 0xfe, 0xb4, 0xbf, 0xbf, 0xf5, 0x1f, 0x21, 0x19, 0xfe, 0xba, 0xbb, 0xbb, 0xff, 0x1b, 0x25,
    0x17, 0xfd, 0xff, 0xed, 0xff, 0xd5, 0x3d, 0x13, 0x08, 0xff, 0xae, 0xbf, 0xae, 0xff, 0x00, 0x15,
    0x04, 0xff, 0xaa, 0xbf, 0xaa, 0xee, 0x0d, 0x17, 0x0a, 0xff, 0xaa, 0xb5, 0xae, 0xff, 0x04, 0x15,
    0x04, 0xef, 0xa5, 0xbf, 0xbf, 0xf5, 0x1f, 0x25, 0x14, 0xff, 0xaa, 0xa0, 0xbf, 0xee, 0x15, 0x1f,
    0x0e, 0xea, 0xbf, 0xb5, 0xbf, 0xe4, 0x0e, 0x15, 0x0a, 0xff, 0xaa, 0xbf, 0xae, 0xff, 0x11, 0x15,
    0x04, 0xff, 0xaa, 0xbf, 0xb5, 0xff, 0x04, 0x0c, 0x04, 0xee, 0xaa, 0xbf, 0xb5, 0xff, 0x0a, 0x12,
    0x09, 0xf7, 0xbf, 0xab, 0xb7, 0xff, 0x0b, 0x1d, 0x04, 0xee, 0xbf, 0xb5, 0xbf, 0xe6, 0x14, 0x2f,
    0x04, 0xee, 0xbf, 0xb5, 0xbf, 0xe7, 0x14, 0x2f, 0x0a, 0xff, 0xbe, 0xab, 0xbe, 0xeb, 0x00, 0x15,
    0x5f, 0xb6, 0x5f, 0xf7, 0x9a, 0x7f, 0x55, 0x5d, 0x1b, 0xfb, 0xbb, 0xb1, 0xa4, 0xff, 0x0a, 0x0f,
    0x77, 0x55, 0x7f, 0x7c, 0x6f, 0x7d, 0x6a, 0xbd, 0x77, 0x55, 0xff, 0x7a, 0x5e, 0x7e, 0xdb, 0x7e,
    0x3f, 0xeb, 0xd5, 0xff, 0xf1, 0xf7, 0x25, 0x33, 0x1e, 0xec, 0xbe, 0xa4, 0xff, 0x1b, 0x3f, 0x09,
    0x12, 0xff, 0xea, 0xeb, 0xd6, 0xff, 0x3a, 0x57, 0x12, 0xff, 0xd7, 0xff, 0xff, 0xd7, 0x39, 0x13,
    0x12, 0x3f, 0xfe, 0xfa, 0xd5, 0xff, 0x0a, 0x1d, 0x36, 0xf9, 0xbf, 0xbf, 0xbf, 0xff, 0x36, 0x4e,
    0x3f, 0xff, 0xb5, 0xbf, 0xa9, 0xfd, 0x2d, 0x5b, 0x17, 0xfb, 0xd5, 0xfe, 0xdf, 0xd5, 0x1b, 0x1f,
    0xff, 0x81, 0x81, 0x81, 0x81, 0x81, 0x81, 0xff, 0xff, 0x81, 0x99, 0xab, 0xed, 0xa9, 0xaf, 0xff,
    0xff, 0x99, 0xa5, 0xdb, 0xbd, 0x95, 0x91, 0xff, 0xff, 0x95, 0xa7, 0x89, 0xbf, 0x95, 0xad, 0xff,
    0xff, 0x91, 0xbd, 0x91, 0xbd, 0xdd, 0x95, 0xff, 0xff, 0xbd, 0x91, 0xbd, 0x95, 0xff, 0xa5, 0xff,
    0xff, 0x89, 0x9d, 0xbf, 0x95, 0xbf, 0x89, 0xff, 0xff, 0xb5, 0xff, 0xb5, 0xdb, 0x91, 0x9d, 0xff,
    0xff, 0x8b, 0xff, 0xa9, 0xbb, 0xf5, 0x8b, 0xff, 0xff, 0x9f, 0x8b, 0xbf, 0x95, 0xbf, 0x85, 0xff,
    0xff, 0xb9, 0xa9, 0xbd, 0xa5, 0xbd, 0xe7, 0xff, 0xff, 0x89, 0xff, 0xad, 0xad, 0xff, 0x95, 0xff,
    0xff, 0x9d, 0x95, 0xff, 0xbd, 0xa5, 0xbd, 0xff, 0x08, 0xff, 0x2a, 0x5d, 0xff, 0x55, 0x5d, 0x7f,
    0xff, 0xbd, 0xff, 0xa5, 0xbf, 0xf5, 0x9b, 0xff, 0x4c, 0x44, 0xe4, 0x44, 0x44, 0x6c, 0xd2, 0x21,
    0x5f, 0x44, 0xe6, 0x45, 0x45, 0x64, 0xc4, 0x04, 0x44, 0x55, 0xf5, 0x55, 0x55, 0x75, 0xdf, 0x11,
    0x48, 0x48, 0xef, 0x55, 0x44, 0x64, 0xca, 0x11, 0x42, 0x4c, 0xe8, 0x4f, 0x4a, 0x6a, 0xca, 0x12,
    0x44, 0x44, 0xe4, 0x57, 0x54, 0x74, 0xd4, 0x3f, 0x5f, 0x44, 0xee, 0x4d, 0x55, 0x64, 0xc4, 0x04,
    0x4a, 0x5f, 0xea, 0x4a, 0x4e, 0x6a, 0xca, 0x0e, 0x3e, 0xff, 0x2a, 0xeb, 0x2a, 0xeb, 0x1c, 0xff,
    0x29, 0x3f, 0x64, 0xaa, 0x29, 0x7e, 0x08, 0xff, 0x44, 0x5f, 0xf5, 0x54, 0x5e, 0x7a, 0xd4, 0x2b,
    0x4a, 0x52, 0xff, 0x52, 0x56, 0x72, 0xd2, 0x16, 0x48, 0x4f, 0xf1, 0x4f, 0x4b, 0x6e, 0xc9, 0x0f,
    0x44, 0x5f, 0xe4, 0x4a, 0x45, 0x6a, 0xc6, 0x19, 0x5e, 0x52, 0xfe, 0x52, 0x5e, 0x75, 0xd6, 0x39,
    0x4b, 0x50, 0xef, 0x59, 0x49, 0x69, 0xc9, 0x0b, 0x5f, 0x44, 0xea, 0x5d, 0x44, 0x6e, 0xc4, 0x1f,
    0x51, 0x4a, 0xff, 0x4a, 0x5f, 0x6a, 0xca, 0x12, 0x44, 0x47, 0xe4, 0x5f, 0x5f, 0x66, 0xc5, 0x04,
    0x44, 0x49, 0xff, 0x4e, 0x54, 0x7f, 0xc4, 0x1b, 0x4c, 0x54, 0xff, 0x55, 0x5f, 0x75, 0xdf, 0x11,
    0x45, 0x5f, 0xe4, 0x5f, 0x5f, 0x75, 0xdf, 0x15, 0x47, 0x5d, 0xf5, 0x42, 0x5f, 0x62, 0xca, 0x02,
    0x44, 0x59, 0xf5, 0x4a, 0x5f, 0x62, 0xd2, 0x06, 0xff, 0x77, 0x41, 0x77, 0x1c, 0x7f, 0x08, 0xff,
    0x4a, 0x5f, 0xe0, 0x4a, 0x5a, 0x6b, 0xca, 0x0b, 0x44, 0x5f, 0xea, 0x55, 0x44, 0x7f, 0xc4, 0x04,
    0x5f, 0x55, 0xff, 0x55, 0x5f, 0x75, 0xd5, 0x2b, 0x5f, 0x4a, 0xff, 0x5f, 0x44, 0x6e, 0xc4, 0x1f,
    0x4f, 0x49, 0xeb, 0x5f, 0x51, 0x7f, 0xdb, 0x1f, 0x48, 0x5f, 0xea, 0x4e, 0x48, 0x7f, 0xcb, 0x15,
    0x2e, 0x4a, 0xdf, 0x44, 0x55, 0x08, 0x3e, 0xff, 0x44, 0x4e, 0xea, 0x4f, 0x48, 0x6f, 0xc1, 0x15,
    0xab, 0x22, 0x55, 0xff, 0x89, 0x3e, 0x08, 0xff, 0xa0, 0x7f, 0xaa, 0x7f, 0xbe, 0x08, 0x3e, 0xff,
    0x47, 0xb5, 0x95, 0xf0, 0x47, 0xf5, 0x42, 0xf5, 0x42, 0x5f, 0xfa, 0x5f, 0x59, 0x7f, 0xd9, 0x05,
    0x5f, 0x55, 0xff, 0x5f, 0x44, 0x77, 0xd4, 0x1f, 0x21, 0xfe, 0x77, 0x75, 0xf9, 0x28, 0x3e, 0xff,
    0xf7, 0xb2, 0xf7, 0x22, 0xf6, 0x08, 0x3e, 0xff, 0x5b, 0x5b, 0xfb, 0x51, 0x5f, 0x7b, 0xdf, 0x11,
    0x46, 0x5f, 0xf6, 0x5d, 0x56, 0x7f, 0xd6, 0x2f, 0x4a, 0x5f, 0xfb, 0x51, 0x5f, 0x7f, 0xca, 0x06,
    0x48, 0x5f, 0xfb, 0x55, 0x5b, 0x7f, 0xca, 0x11, 0x44, 0xff, 0x56, 0x5e, 0x4a, 0x7f, 0xda, 0x2d,
    0x44, 0x5f, 0xea, 0x55, 0x5f, 0x71, 0xd5, 0x1f, 0x4a, 0x5f, 0xe4, 0x4f, 0x46, 0x7f, 0xcd, 0x17,
    0xc8, 0xff, 0x94, 0xee, 0xce, 0x8a, 0x3e, 0xff, 0x08, 0xff, 0x4a, 0x8f, 0x5a, 0xcf, 0x3e, 0xff,
    0x7f, 0x6a, 0x7f, 0x7a, 0x7d, 0x88, 0x3e, 0xff, 0x37, 0xfd, 0x8a, 0x72, 0xdd, 0x78, 0x3e, 0xff,
    0x44, 0x4e, 0xff, 0x4e, 0x55, 0x6f, 0xcd, 0x1f, 0x44, 0x5f, 0xf6, 0x5f, 0x56, 0x76, 0xd6, 0x29,
    0x3e, 0x2a, 0x3e, 0x77, 0x55, 0x7f, 0x3e, 0x7f, 0x5f, 0x57, 0xf7, 0x52, 0x5f, 0x72, 0xd7, 0x2f,
    0x4e, 0x4e, 0xff, 0x44, 0x5f, 0x75, 0xca, 0x1d, 0x44, 0xff, 0x55, 0x5f, 0x4e, 0x7f, 0xda, 0x2d,
    0x24, 0xff, 0x57, 0xfc, 0x77, 0x58, 0x3e, 0xff, 0xa4, 0xa4, 0xff, 0x24, 0xe4, 0x64, 0x64, 0xbf,
    0x08, 0xff, 0x3e, 0xff, 0x14, 0x36, 0x14, 0xff, 0x08, 0xff, 0x3e, 0xff, 0xa3, 0x3e, 0x14, 0xff,
    0x5f, 0x44, 0xef, 0x4c, 0x53, 0x6e, 0xce, 0x0a, 0x08, 0xff, 0x3e, 0xff, 0xbf, 0x14, 0x36, 0xff,
    0x08, 0xff, 0x3e, 0x7f, 0x08, 0xff, 0x52, 0x7a, 0x10, 0x1e, 0x22, 0x54, 0x14, 0x08, 0x34, 0xc3,
    0x50, 0x5e, 0x22, 0x54, 0x14, 0x08, 0x34, 0xc3, 0x3c, 0xff, 0x55, 0x3e, 0x22, 0x3e, 0x5c, 0xe3,
    0x7e, 0x02, 0xff, 0x08, 0x1e, 0x72, 0x0c, 0xf0, 0x22, 0xff, 0x77, 0xaa, 0x0e, 0x72, 0x0c, 0xf0,
    0xf7, 0xbd, 0xf2, 0x2c, 0xf7, 0x2d, 0x72, 0xac, 0x08, 0x7e, 0x0a, 0x0a, 0xff, 0x08, 0x14, 0xe3,
    0x0e, 0x78, 0x08, 0xff, 0x08, 0x14, 0x22, 0xc1, 0x08, 0xff, 0x14, 0x2a, 0xc9, 0x7e, 0x08, 0x08,
    0x08, 0xff, 0x14, 0x3e, 0xd1, 0x1e, 0x22, 0x04, 0x08, 0xff, 0x2a, 0x2a, 0x5d, 0x08, 0x14, 0xe3,
    0x08, 0x7f, 0x14, 0xff, 0x72, 0x52, 0x72, 0x06, 0x08, 0xff, 0x14, 0xa5, 0x08, 0xff, 0x14, 0xe3,
    0x38, 0xc8, 0x7e, 0x56, 0x62, 0xff, 0x14, 0xe3, 0x08, 0xff, 0x14, 0xeb, 0x3e, 0x08, 0x3e, 0xff,
    0x7e, 0x4a, 0x95, 0x7e, 0x09, 0xff, 0x14, 0xe3, 0xa4, 0xff, 0x24, 0xee, 0xa8, 0xff, 0x14, 0xe3,
    0x08, 0xff, 0x22, 0xc9, 0x3e, 0xff, 0x32, 0xde, 0x5e, 0xbd, 0x7e, 0x56, 0x62, 0xff, 0x14, 0xe3,
    0x10, 0x7e, 0x5a, 0x7e, 0x5a, 0xff, 0x14, 0xe3, 0xa7, 0xf9, 0x26, 0xff, 0xaa, 0xff, 0x14, 0xe3,
    0x08, 0xff, 0x14, 0xff, 0x52, 0x7f, 0x6d, 0x7f, 0x5f, 0x44, 0xe4, 0x7f, 0xa4, 0xc4, 0x64, 0x84,
    0x48, 0x4f, 0xf1, 0x69, 0xa5, 0xc1, 0x61, 0x86, 0xa4, 0xa4, 0xff, 0x2a, 0xea, 0x6c, 0x66, 0xb9,
    0x2e, 0x40, 0xdf, 0x44, 0x5f, 0x4a, 0x46, 0x59, 0x24, 0x5f, 0xc8, 0x4f, 0x44, 0x5f, 0x4a, 0x4f,
    0x54, 0x54, 0xf5, 0x7e, 0xb4, 0xd4, 0x5d, 0xb3, 0x4f, 0x49, 0xff, 0x69, 0xa9, 0xcf, 0x60, 0x9f,
    0x4e, 0x4a, 0xea, 0x7f, 0xba, 0xd6, 0x7f, 0x82, 0x44, 0x5f, 0xe5, 0x7f, 0xb4, 0xdf, 0x65, 0x9b,
    0x24, 0xff, 0x08, 0xff, 0x10, 0xff, 0x14, 0x3f, 0x5f, 0x4a, 0xea, 0x7f, 0xaa, 0xca, 0x6a, 0x92,
    0x49, 0x4e, 0xfa, 0x6a, 0xaf, 0xca, 0x6a, 0x8f, 0x4a, 0x4a, 0xfb, 0x6a, 0xbb, 0xca, 0x6a, 0x93,
    0x47, 0x5a, 0xff, 0x6a, 0xae, 0xdb, 0x6a, 0x8d, 0x4f, 0x49, 0xef, 0x6f, 0xa9, 0xcf, 0x69, 0x8b,
    0x84, 0x8d, 0x15, 0x42, 0x8c, 0xff, 0x14, 0x3f, 0x5f, 0x4d, 0xfe, 0x6d, 0xbd, 0xcd, 0x6e, 0x94,
    0x44, 0x4f, 0xed, 0x6f, 0xbe, 0xc7, 0x69, 0x82, 0x5f, 0x55, 0xff, 0x75, 0xbf, 0xdf, 0x69, 0x93,
    0x5f, 0x59, 0xf7, 0x7d, 0xb7, 0xd9, 0x71, 0x91, 0x4f, 0x56, 0xf5, 0x6e, 0xa4, 0xdf, 0x64, 0x9f,
    0x44, 0x5f, 0xf1, 0x6f, 0xb5, 0xcd, 0x64, 0x9b, 0x5f, 0x54, 0xff, 0x75, 0xbd, 0xd6, 0x7d, 0x85,
    0xff, 0x55, 0x72, 0xf5, 0x10, 0xff, 0x14, 0x3f, 0x44, 0x4f, 0xed, 0x6d, 0xaf, 0xca, 0x7f, 0x82,
    0x22, 0xff, 0x77, 0xaa, 0x10, 0xff, 0x14, 0x3f, 0x5f, 0x55, 0xff, 0x70, 0xb7, 0xd7, 0x75, 0xa7,
    0x4f, 0x4d, 0xfb, 0x6f, 0xa0, 0xdf, 0x75, 0xbf, 0x4a, 0x5f, 0xea, 0x7f, 0xbe, 0xd2, 0x7f, 0x92,
    0x5b, 0x49, 0xf2, 0x7b, 0xa9, 0xdb, 0x69, 0x92, 0x44, 0x4f, 0xf5, 0x75, 0xbf, 0xca, 0x64, 0x9b,
    0x4f, 0x4a, 0xef, 0x6a, 0xaf, 0xc1, 0x6d, 0x92, 0x5f, 0x44, 0xf6, 0x7f, 0xa8, 0xcf, 0x61, 0x95,
    0x5f, 0x5a, 0xfe, 0x50, 0xbf, 0xd5, 0x7f, 0x9f, 0x4a, 0x5f, 0xf1, 0x6e, 0xaa, 0xdf, 0x75, 0x84,
    0x4a, 0x5f, 0xeb, 0x7d, 0xb5, 0xca, 0x7d, 0x89, 0x5f, 0x4a, 0xff, 0x7f, 0xae, 0xdf, 0x64, 0x95,
    0x5f, 0x55, 0xff, 0x71, 0xb1, 0xd5, 0x75, 0x95, 0x5f, 0x55, 0xff, 0x71, 0xb5, 0xdf, 0x7f, 0x95,
    0x4e, 0x5f, 0xea, 0x75, 0xa4, 0xdf, 0x71, 0x95, 0x5b, 0x5b, 0xe0, 0x7f, 0xb5, 0xdf, 0x7f, 0x84,
    0x72, 0x5f, 0x75, 0x4f, 0xb2, 0xff, 0x14, 0x3f, 0xeb, 0xab, 0xff, 0x4e, 0xf7, 0x7b, 0x6b, 0xb5,
    0x5a, 0x5a, 0xff, 0x63, 0xbd, 0xde, 0x6b, 0xac, 0x44, 0x5f, 0xf5, 0x6e, 0xaf, 0xd5, 0x67, 0x89,
    0x44, 0x4e, 0xea, 0x7f, 0xb5, 0xdf, 0x6a, 0x92, 0x57, 0x7b, 0xd5, 0x7f, 0xbd, 0xd7, 0x78, 0x95,
    0x44, 0x5f, 0xf5, 0x7f, 0xae, 0xdf, 0x7a, 0x8d, 0x56, 0x4a, 0xff, 0x6a, 0xbe, 0xdf, 0x6a, 0x9d,
    0x5f, 0x44, 0xff, 0x75, 0xab, 0xdf, 0x7f, 0x8b, 0x7e, 0x04, 0x08, 0x0f, 0x38, 0xc8, 0x08, 0x18,
    0x7c, 0x27, 0xc1, 0x3e, 0x04, 0xff, 0x08, 0x18, 0x06, 0x79, 0x49, 0xbe, 0x04, 0xff, 0x08, 0x18,
    0x08, 0xff, 0x08, 0xff, 0xbd, 0x08, 0xff, 0x18, 0x20, 0xff, 0x55, 0x22, 0xdd, 0x08, 0xff, 0x18,
    0xe4, 0x3f, 0x44, 0x4a, 0xe5, 0x4a, 0x46, 0xd9, 0x24, 0xf4, 0x7e, 0x56, 0x76, 0xfe, 0x26, 0x6b,
    0x24, 0xff, 0x24, 0x5a, 0xe5, 0x08, 0xff, 0x08, 0x41, 0xbe, 0xd5, 0xdf, 0xd2, 0xff, 0x64, 0xac,
    0x66, 0x5a, 0x6e, 0xff, 0xbd, 0x08, 0xff, 0x18, 0x08, 0xff, 0x14, 0x08, 0xf7, 0x08, 0xff, 0x18,
    0xee, 0x3f, 0x55, 0x40, 0xff, 0x48, 0x5f, 0xd5, 0x00, 0x10, 0x10, 0xff, 0x81, 0x82, 0x00, 0x00,
    0x10, 0xff, 0x81, 0x26, 0x38, 0x20, 0x21, 0x1f, 0x08, 0xff, 0xc9, 0x7e, 0x42, 0x7e, 0x48, 0x7e,
    0x08, 0xff, 0x81, 0x7e, 0x40, 0x7e, 0x54, 0xbb, 0x10, 0xff, 0xa9, 0x7e, 0x2a, 0x3e, 0x14, 0x67,
    0x08, 0xff, 0xb5, 0x06, 0xff, 0x6a, 0x64, 0xbf, 0x08, 0xff, 0xa5, 0x3e, 0x64, 0xbe, 0x24, 0x3f,
    0x08, 0xff, 0xa5, 0x7e, 0x08, 0x4e, 0x68, 0x9f, 0x10, 0xff, 0xa5, 0xee, 0x24, 0xff, 0x6e, 0xb5,
    0x10, 0xff, 0xa5, 0xee, 0x26, 0xff, 0x6a, 0xae, 0x08, 0xff, 0xad, 0x7e, 0x2c, 0x3e, 0x3e, 0xe3,
    0x08, 0xff, 0xaf, 0xe2, 0x3f, 0xeb, 0x64, 0xbb, 0x08, 0xff, 0x95, 0x3e, 0x22, 0xff, 0x14, 0xe3,
    0x08, 0xff, 0xb7, 0x08, 0x14, 0xeb, 0x14, 0x18, 0x08, 0xff, 0x91, 0x66, 0x42, 0x7f, 0x01, 0xab,
    0x08, 0xff, 0xff, 0x55, 0xff, 0x3e, 0x64, 0xb3, 0x08, 0xff, 0xf5, 0x2f, 0x7e, 0x22, 0x3e, 0xe3,
    0x08, 0xff, 0xf9, 0xae, 0x75, 0x3e, 0x3e, 0xe3, 0x42, 0xe2, 0x5f, 0xe2, 0xaa, 0xe2, 0x66, 0xbf,
    0xa7, 0xad, 0xe2, 0x2c, 0xe2, 0x7f, 0x6a, 0xa2, 0x08, 0xff, 0x4a, 0x7e, 0x4a, 0xff, 0x44, 0x2c,
    0xa9, 0xf9, 0x57, 0xf9, 0x25, 0x71, 0x21, 0xf3, 0x40, 0x7f, 0x48, 0x88, 0x2a, 0x29, 0x49, 0x18,
    0x52, 0xfa, 0x52, 0x77, 0x56, 0xfb, 0xa2, 0xfc, 0x08, 0x08, 0x08, 0xff, 0x18, 0x18, 0x29, 0xcf,
    0x42, 0x54, 0xea, 0x64, 0x69, 0x62, 0x6d, 0xbf, 0x7f, 0x41, 0x7f, 0x40, 0x40, 0x40, 0x40, 0x80,
    0x7e, 0x0a, 0xff, 0x0a, 0x7e, 0x08, 0x10, 0x60, 0x7f, 0x41, 0x7f, 0x54, 0x5f, 0x54, 0x5d, 0xb7,
    0x7f, 0x7f, 0x44, 0x7f, 0x65, 0x6f, 0x61, 0xbf, 0x7f, 0x7f, 0x55, 0x44, 0x7f, 0x4e, 0x55, 0xa5,
    0x7f, 0x41, 0x7f, 0x52, 0x5e, 0x52, 0x5e, 0xb3, 0x7f, 0x7f, 0x52, 0x6f, 0x57, 0x75, 0x52, 0x95,
    0x7f, 0x7f, 0x4a, 0x5f, 0x4a, 0x7f, 0x4a, 0x92, 0x7f, 0x7f, 0x5e, 0x44, 0x7f, 0x52, 0x7f, 0x92,
    0x7f, 0x7f, 0x55, 0x5f, 0x69, 0x5d, 0x4d, 0xbb, 0x08, 0x49, 0x49, 0x49, 0x7f, 0x08, 0x10, 0x60,
    0x24, 0xb4, 0xb4, 0xb4, 0xb4, 0xb4, 0xf5, 0x07, 0x49, 0x49, 0x7f, 0x00, 0xff, 0x11, 0x21, 0xc7,
    0x48, 0x4f, 0x50, 0xee, 0xe2, 0xe4, 0xe9, 0x0f, 0x49, 0x7f, 0x7c, 0x24, 0x3e, 0x32, 0x4c, 0xb3,
    0x49, 0x7f, 0x18, 0x24, 0xdb, 0x3c, 0x04, 0x08, 0x1c, 0x42, 0xbd, 0x14, 0x6c, 0x08, 0x49, 0x7f,
    0x4a, 0x7e, 0x00, 0xff, 0x10, 0xff, 0x24, 0x7f, 0x44, 0x44, 0x5f, 0xf5, 0xff, 0xf5, 0xf5, 0x1f,
    0x42, 0x5c, 0x54, 0xff, 0xf4, 0xf2, 0xf9, 0x1f, 0x44, 0x4f, 0x49, 0xe9, 0xef, 0xe9, 0xe9, 0x0f,
    0x5f, 0x44, 0x55, 0xf5, 0xe4, 0xff, 0xe4, 0x04, 0x4f, 0x49, 0x4f, 0xea, 0xef, 0xea, 0xee, 0x19,
    0x48, 0x52, 0x5d, 0xea, 0xea, 0xff, 0xea, 0x12, 0x44, 0x47, 0x44, 0xe4, 0xef, 0xe9, 0xe9, 0x0f,
    0x49, 0x7f, 0x18, 0x24, 0xdb, 0x3c, 0x24, 0x3c, 0x44, 0x4e, 0x44, 0xff, 0xe2, 0xff, 0xe2, 0x0a,
    0x49, 0x7f, 0x15, 0xe4, 0xff, 0x35, 0xe2, 0x2d, 0x44, 0x5f, 0x4e, 0xee, 0xf5, 0xe4, 0xea, 0x11,
    0x5f, 0x4d, 0x4f, 0xed, 0xef, 0xec, 0xe6, 0x19, 0x4d, 0x54, 0x4f, 0xe9, 0xef, 0xe9, 0xef, 0x09,
    0x49, 0x7f, 0x08, 0x3e, 0x22, 0x3f, 0x01, 0xab, 0x4a, 0x51, 0x44, 0xea, 0xf1, 0xee, 0xea, 0x0e,
    0x49, 0x7f, 0x2a, 0xff, 0x2a, 0x7f, 0xff, 0x08, 0x4f, 0x48, 0x4a, 0xef, 0xea, 0xef, 0xea, 0x17,
    0x49, 0x7f, 0x7f, 0x55, 0x7f, 0x49, 0x6b, 0x7f, 0x49, 0x7f, 0x08, 0x7e, 0x24, 0xff, 0x4a, 0x7a,
    0x49, 0x7f, 0x08, 0x14, 0xeb, 0x7f, 0x2a, 0x7f, 0x5f, 0x5f, 0x52, 0xfb, 0xff, 0xf2, 0xfb, 0x2f,
    0x49, 0x7f, 0x7e, 0x42, 0x7e, 0x45, 0x76, 0xe7, 0x49, 0x7f, 0x24, 0x3f, 0x64, 0xbe, 0x24, 0x3f,
    0x5e, 0x55, 0x5f, 0xe5, 0xff, 0xe5, 0xff, 0x0c, 0x44, 0x5f, 0x44, 0xff, 0xea, 0xf3, 0xec, 0x13,
    0x49, 0x7f, 0x08, 0x14, 0xff, 0x55, 0x7f, 0x55, 0x44, 0x4a, 0x57, 0xe0, 0xff, 0xf5, 0xff, 0x15,
    0x49, 0x7f, 0x54, 0xff, 0x5b, 0x72, 0x52, 0x7d, 0x3e, 0x22, 0xff, 0x95, 0xf7, 0x08, 0x89, 0xff,
    0x4f, 0x4d, 0x4f, 0xe4, 0xff, 0xf5, 0xf7, 0x1d, 0x5f, 0x55, 0x5f, 0xff, 0xf9, 0xff, 0xf9, 0x2f,
    0x49, 0x7f, 0x10, 0x7e, 0x4a, 0x7e, 0x29, 0xcf, 0x49, 0x7f, 0x14, 0x7f, 0x08, 0x7f, 0x24, 0xdf,
    0x5b, 0x49, 0x52, 0xfb, 0xe9, 0xfb, 0xe9, 0x12, 0x5f, 0x5a, 0x5e, 0xf0, 0xff, 0xf5, 0xff, 0x1f,
    0x49, 0x7f, 0x21, 0xfe, 0x77, 0x75, 0xf9, 0x21, 0x44, 0x5f, 0x4a, 0xff, 0xee, 0xea, 0xff, 0x04,
    0x44, 0x4e, 0x5f, 0xfb, 0xee, 0xff, 0xea, 0x13, 0x5d, 0x4a, 0x51, 0xee, 0xea, 0xee, 0xe4, 0x1f,
    0x4a, 0x5f, 0x44, 0xff, 0xec, 0xff, 0xea, 0x1d, 0x44, 0x4a, 0x51, 0xff, 0xf5, 0xff, 0xea, 0x15,
    0x49, 0x7f, 0x93, 0x7a, 0x47, 0xfa, 0x6a, 0xbd, 0x49, 0x7f, 0x1e, 0xd4, 0xbe, 0xdf, 0xde, 0xbf,
    0x49, 0x7f, 0x82, 0xef, 0x85, 0xee, 0x4c, 0xb3, 0x4c, 0x57, 0x55, 0xff, 0xf5, 0xff, 0xea, 0x11,
    0x46, 0x5f, 0x4b, 0xee, 0xfb, 0xfe, 0xed, 0x13, 0x49, 0x7f, 0x64, 0xff, 0x2d, 0xff, 0x56, 0x7b,
    0x49, 0x7f, 0x77, 0xd2, 0xf7, 0xfd, 0x57, 0x8d, 0x5a, 0xbd, 0x5a, 0xe7, 0x5a, 0x08, 0x49, 0x7f,
    0x49, 0x7f, 0x55, 0x7f, 0x62, 0x7f, 0x6a, 0xbd, 0x25, 0x29, 0x4a, 0x52, 0xb4, 0x92, 0x49, 0x25,
    0x7f, 0x2a, 0x2a, 0x2a, 0x2a, 0x5e, 0x89, 0xff, 0xfe, 0x02, 0x82, 0xfe, 0x80, 0x80, 0x81, 0xff,
    0x02, 0x7c, 0x7f, 0x7e, 0x6a, 0x7e, 0x61, 0xbf, 0x7e, 0x48, 0x7f, 0x44, 0xeb, 0x7f, 0x49, 0x4b,
    0x3e, 0xff, 0x3e, 0xff, 0x89, 0xbf, 0x2a, 0x08, 0x54, 0x5f, 0xf4, 0xff, 0xe4, 0x44, 0x4a, 0x51,
    0x20, 0xff, 0x55, 0x22, 0xd5, 0x7f, 0x49, 0x4b, 0x10, 0x7f, 0x41, 0x7f, 0x08, 0x7f, 0x49, 0x4b,
    0x55, 0xff, 0x55, 0xff, 0x89, 0x3e, 0x2a, 0x08, 0x4a, 0x4f, 0xfa, 0xef, 0xea, 0x4f, 0x4a, 0x4f,
    0x5f, 0x51, 0xff, 0xf2, 0xfd, 0x5e, 0x54, 0x6f, 0x4e, 0x4a, 0xff, 0xf2, 0xff, 0x54, 0x5f, 0x44,
    0x47, 0x44, 0xef, 0xe9, 0xef, 0x49, 0x4f, 0x59, 0x5f, 0x51, 0xee, 0xea, 0xee, 0x5f, 0x4a, 0x51,
    0x5f, 0x55, 0xff, 0xf5, 0xfd, 0x57, 0x5b, 0x5f, 0x5e, 0x52, 0xff, 0xf5, 0xff, 0x4a, 0x44, 0x5b,
    0x4b, 0x5a, 0xff, 0xe2, 0xfb, 0x5a, 0x5a, 0x45, 0x44, 0x5f, 0xea, 0xff, 0xee, 0x4e, 0x44, 0x5f,
    0x74, 0xff, 0xaa, 0xdd, 0xa8, 0x7f, 0x49, 0x4b, 0x21, 0xf7, 0x65, 0x31, 0xeb, 0x7f, 0x49, 0x4b,
    0x77, 0x22, 0x22, 0xff, 0x22, 0x22, 0x22, 0x22, 0x22, 0x14, 0x7f, 0x14, 0x14, 0xff, 0x14, 0x64,
    0x04, 0x08, 0x70, 0x12, 0x0c, 0x08, 0x32, 0xfd, 0x08, 0x7f, 0x52, 0x7f, 0x77, 0x4a, 0x5d, 0xbf,
    0x04, 0x7f, 0x40, 0x40, 0x40, 0x40, 0x40, 0x80, 0x04, 0x7f, 0x51, 0x4a, 0x5f, 0x44, 0x5f, 0x84,
    0x08, 0x7f, 0x79, 0x6d, 0x6d, 0x7d, 0x41, 0xab, 0x08, 0x7f, 0x55, 0x7f, 0x55, 0x5f, 0x75, 0x97,
    0x08, 0x7f, 0x7e, 0x52, 0x5e, 0x74, 0x48, 0xb6, 0x04, 0x7f, 0x57, 0x7a, 0x6f, 0x7a, 0x62, 0xb5,
    0x04, 0x7f, 0x56, 0x7d, 0x6f, 0x7d, 0x6a, 0xb5, 0x08, 0x7f, 0x76, 0x48, 0x54, 0x6b, 0x54, 0x98,
    0x08, 0x7f, 0x54, 0x7f, 0x7e, 0x6a, 0x7e, 0xa3, 0x08, 0x7f, 0x59, 0x7e, 0x5b, 0x7f, 0x5b, 0xa5,
    0x08, 0x7f, 0x51, 0x7f, 0x69, 0x7d, 0x51, 0xbb, 0x08, 0x7f, 0x55, 0x5f, 0x7f, 0x65, 0x5e, 0xbf,
    0x08, 0x7f, 0x6d, 0x52, 0x6d, 0x5b, 0x4a, 0x95, 0x08, 0x7f, 0x50, 0x7f, 0x55, 0x7f, 0x40, 0x95,
    0x08, 0x7f, 0x53, 0x75, 0x7a, 0x6f, 0x7f, 0xaa, 0x04, 0x7f, 0x5f, 0x51, 0x55, 0x7f, 0x4e, 0xb5,
    0x08, 0x7f, 0x46, 0x7f, 0x6a, 0x7f, 0xb5, 0x5f, 0x08, 0x7f, 0x55, 0x7f, 0x75, 0x77, 0xa5, 0x37,
    0x08, 0x7f, 0x7a, 0x5f, 0x5f, 0x7f, 0x55, 0xbe, 0x08, 0x7f, 0x42, 0x7f, 0x5b, 0x5f, 0x7a, 0x8f,
    0xe0, 0x20, 0x40, 0xe0, 0x20, 0xa0, 0x40, 0xbf, 0xe4, 0x24, 0x5f, 0xf5, 0x3f, 0xb5, 0x5f, 0xbf,
    0x24, 0x24, 0xff, 0x24, 0x24, 0x24, 0x24, 0x44, 0x08, 0xff, 0x22, 0xfd, 0x24, 0xff, 0x24, 0x44,
    0xa4, 0xbf, 0xe4, 0x6e, 0xa0, 0xff, 0x24, 0x44, 0x1c, 0xff, 0x45, 0xea, 0x4f, 0x24, 0xff, 0x24,
    0x1c, 0xff, 0x42, 0xed, 0x47, 0x25, 0xff, 0x24, 0x09, 0x08, 0xff, 0x08, 0x08, 0x04, 0x05, 0x03,
    0xa3, 0x42, 0xbf, 0x42, 0xfe, 0x4a, 0xe9, 0x5d, 0x7e, 0x02, 0x7e, 0x40, 0x7f, 0x01, 0x02, 0xff,
    0x20, 0xff, 0x55, 0x22, 0xdd, 0x3e, 0x42, 0x0c, 0xff, 0x2a, 0xee, 0x8a, 0xee, 0x2a, 0x3e, 0xc2,
    0xdf, 0x55, 0xdf, 0x95, 0xdf, 0x55, 0x55, 0xab, 0xff, 0x22, 0xea, 0x82, 0xff, 0x22, 0x2a, 0xc6,
    0xfb, 0x3b, 0xe0, 0x9f, 0xf5, 0x3f, 0x3f, 0xc4, 0xff, 0x2e, 0xf5, 0x9f, 0xf5, 0x3f, 0x3f, 0xd5,
    0x5a, 0xbd, 0x5a, 0xe7, 0x7c, 0x3e, 0x42, 0x0c, 0x08, 0xff, 0x14, 0xbd, 0x20, 0x3e, 0x42, 0x06,
    0x10, 0x10, 0x3e, 0x22, 0x22, 0x7e, 0x04, 0xff, 0x1c, 0x28, 0xff, 0x38, 0xdb, 0x2c, 0xca, 0x31,
    0x22, 0xf7, 0x22, 0x77, 0x7e, 0x02, 0xff, 0x7e, 0x1c, 0x28, 0xff, 0xab, 0x3e, 0xff, 0x2a, 0xc9,
    0x00, 0x08, 0x10, 0x24, 0x08, 0x12, 0x04, 0x38, 0x21, 0xf6, 0x20, 0xf1, 0x96, 0xf0, 0x61, 0xf6,
    0x08, 0x08, 0x14, 0x24, 0x08, 0x18, 0x28, 0x08, 0x44, 0xaf, 0x44, 0xc7, 0x45, 0x45, 0x49, 0x52,
    0x54, 0xbf, 0x54, 0xc4, 0x5f, 0x44, 0x44, 0x5f, 0x4e, 0xaa, 0x4e, 0xca, 0x4e, 0x4a, 0x4a, 0x5f,
    0x4a, 0xbf, 0x4b, 0xdf, 0x5a, 0x5f, 0x4b, 0x53, 0x5f, 0xb1, 0x5f, 0xdb, 0x5b, 0x5f, 0x51, 0x5f,
    0x5e, 0xb2, 0x5e, 0xd2, 0x5e, 0x55, 0x56, 0x59, 0x5f, 0xb5, 0x4a, 0xd5, 0x40, 0x5f, 0x44, 0x5f,
    0x48, 0xaf, 0x51, 0xdd, 0x55, 0x5d, 0x55, 0x5d, 0x4a, 0xaa, 0x55, 0xc4, 0x54, 0x57, 0x54, 0x6f,
    0x44, 0xb7, 0x54, 0xdf, 0x44, 0x57, 0x54, 0x6f, 0x4a, 0xbb, 0x4a, 0xdb, 0x4a, 0x5b, 0x4a, 0x52,
    0x44, 0xbf, 0x4e, 0xce, 0x55, 0x44, 0x4e, 0x55, 0x44, 0xaf, 0x49, 0xdf, 0x44, 0x5f, 0x44, 0x5f,
    0x4e, 0xb2, 0x4c, 0xd4, 0x5f, 0x64, 0x55, 0x5f, 0x52, 0xba, 0x6b, 0xfd, 0x52, 0x7a, 0x5a, 0x6d,
    0x42, 0x42, 0xff, 0xc2, 0x4a, 0x42, 0x42, 0x46, 0x42, 0x4c, 0xe8, 0xcf, 0x4a, 0x4a, 0x4a, 0x52,
    0x48, 0x4f, 0xf4, 0xc4, 0x5f, 0x44, 0x44, 0x44, 0x5e, 0x4a, 0xea, 0xdf, 0x4a, 0x4a, 0x4a, 0x5f,
    0x44, 0x5f, 0xf5, 0xc4, 0x4c, 0x4c, 0x55, 0x67, 0x02, 0x7c, 0x10, 0xff, 0x24, 0xd3, 0x50, 0x95,
    0x08, 0xff, 0x08, 0xbe, 0xa2, 0xff, 0x28, 0xbd, 0x1c, 0x42, 0xbd, 0x14, 0x6c, 0x2a, 0xa5, 0x9d,
    0x48, 0x48, 0xf1, 0xdf, 0x40, 0x5f, 0x51, 0x5f, 0x44, 0x5f, 0xea, 0xd2, 0x77, 0x52, 0x52, 0x57,
    0x44, 0x5f, 0xe4, 0xc4, 0x5f, 0x51, 0x51, 0x5f, 0x48, 0x4f, 0xf1, 0xdd, 0x55, 0x55, 0x5d, 0x43,
    0x5f, 0x51, 0xff, 0xd0, 0x55, 0x56, 0x55, 0x67, 0x20, 0x3f, 0x48, 0x8e, 0x08, 0x2a, 0xa5, 0x9d,
    0x40, 0x7f, 0x95, 0x29, 0x00, 0x2a, 0xa5, 0x9d, 0x4f, 0x49, 0xef, 0xc9, 0x49, 0x4f, 0x40, 0x5f,
    0x44, 0x4f, 0xe9, 0xc9, 0x4f, 0x49, 0x49, 0x4f, 0x4a, 0x5f, 0xeb, 0xdf, 0x5a, 0x5f, 0x4b, 0x52,
    0x5f, 0x44, 0xf5, 0xd5, 0x44, 0x5f, 0x44, 0x44, 0x44, 0x5f, 0xf5, 0xd5, 0x7f, 0x44, 0x4a, 0x51,
    0x4c, 0x40, 0xfc, 0xc5, 0x5e, 0x46, 0x4d, 0x55, 0x08, 0x3e, 0xff, 0x08, 0xff, 0x2a, 0xa5, 0x9d,
    0x2f, 0x44, 0xdf, 0x44, 0x5f, 0x2a, 0xa5, 0x9d, 0x48, 0x4e, 0xfa, 0xc4, 0x4a, 0x5f, 0x4a, 0x4e,
    0x24, 0x5f, 0xce, 0x55, 0x44, 0x2a, 0xa5, 0x9d, 0x50, 0x5f, 0xe1, 0xdb, 0x55, 0x5b, 0x5f, 0x41,
    0x48, 0x5e, 0xea, 0xc0, 0x52, 0x7f, 0x5b, 0x5b, 0x5f, 0x48, 0xee, 0xca, 0x4e, 0x4a, 0x54, 0x7f,
    0x44, 0x55, 0xee, 0xdf, 0x4a, 0x4a, 0x4a, 0x53, 0x88, 0x4f, 0x15, 0x44, 0x9b, 0x2a, 0xa5, 0x9d,
    0x44, 0x4e, 0xe4, 0xdf, 0x42, 0x5f, 0x42, 0x4a, 0x48, 0x5f, 0xf5, 0xd5, 0x55, 0x55, 0x55, 0x7f,
    0x50, 0x5f, 0xe1, 0xdd, 0x55, 0x5d, 0x55, 0x5d, 0x41, 0x5e, 0xe4, 0xdf, 0x44, 0x5f, 0x51, 0x5f,
    0x5f, 0x51, 0xff, 0xd1, 0x5f, 0x5b, 0x5f, 0x51, 0x24, 0xff, 0x3e, 0x08, 0xff, 0x2a, 0xa5, 0x9d,
    0x4f, 0x49, 0xef, 0xcf, 0x49, 0x4f, 0x49, 0x4b, 0x4f, 0x49, 0xef, 0xc0, 0x4f, 0x42, 0x5f, 0x42,
    0x4e, 0x4a, 0xee, 0xca, 0x4e, 0x5f, 0x4a, 0x51, 0x5f, 0x55, 0xff, 0xd5, 0x57, 0x5f, 0x55, 0x5f,
    0x44, 0x5f, 0xe4, 0xdf, 0x55, 0x5f, 0x4e, 0x55, 0x4d, 0x54, 0xef, 0xc9, 0x4f, 0x49, 0x4f, 0x49,
    0x4a, 0x5f, 0xea, 0xd3, 0x4e, 0x5a, 0x44, 0x5b, 0x44, 0x5f, 0xe4, 0xdf, 0x51, 0x46, 0x5f, 0x44,
    0x4c, 0x54, 0xff, 0xd5, 0x5f, 0x4c, 0x4d, 0x57, 0x4e, 0x4a, 0xff, 0xd5, 0x5f, 0x50, 0x51, 0x5f,
    0x45, 0x5b, 0xeb, 0xdf, 0x4b, 0x5f, 0x59, 0x4b, 0x44, 0x5f, 0xea, 0xc4, 0x5b, 0x4e, 0x4a, 0x4e,
    0xff, 0x14, 0x77, 0x14, 0xff, 0x2a, 0xa5, 0x9d, 0x4e, 0x5f, 0xee, 0xd5, 0x4e, 0x42, 0x5f, 0x44,
    0x08, 0xff, 0x4a, 0x4a, 0xff, 0x2a, 0xa5, 0x9d, 0x56, 0x65, 0xff, 0xd2, 0x6d, 0x4c, 0x4a, 0x4e,
    0x44, 0x5f, 0xea, 0xd5, 0x44, 0x5f, 0x44, 0x44, 0x48, 0x5e, 0xea, 0xd3, 0x44, 0x5f, 0x44, 0x44,
    0x48, 0x5f, 0xea, 0xdf, 0x4a, 0x7f, 0x54, 0x5f, 0x5f, 0x55, 0xff, 0xdf, 0x55, 0x5f, 0x5b, 0x6f,
    0x4f, 0x48, 0xee, 0xc8, 0x5f, 0x4d, 0x4a, 0x5d, 0x5f, 0x5b, 0xff, 0xd5, 0x5f, 0x59, 0x5f, 0x51,
    0x5e, 0x56, 0xfa, 0xde, 0x40, 0x5f, 0x55, 0x7f, 0x5f, 0x55, 0xff, 0xdf, 0x44, 0x47, 0x49, 0x42,
    0x57, 0x80, 0x57, 0xca, 0x52, 0x2a, 0xa5, 0x9d, 0x44, 0x4f, 0xe9, 0xdf, 0x44, 0x5f, 0x44, 0x5f,
    0x08, 0x3e, 0xff, 0x36, 0xdd, 0x2a, 0xa5, 0x9d, 0x5e, 0x4a, 0xff, 0xcb, 0x5e, 0x5a, 0x4a, 0x4d,
    0x55, 0x5f, 0xe0, 0xdf, 0x48, 0x5f, 0x55, 0x55, 0x4f, 0x49, 0xef, 0xcf, 0x54, 0x4f, 0x44, 0x5f,
    0x44, 0x5f, 0xf1, 0xce, 0x4a, 0x4e, 0x4a, 0x5f, 0x50, 0x5f, 0xeb, 0xd5, 0x49, 0x5a, 0x59, 0x6e,
    0x5d, 0x55, 0xfd, 0xdd, 0x55, 0x5d, 0x41, 0x55, 0x4a, 0x55, 0xea, 0xdf, 0x55, 0x5d, 0x5b, 0x5f,
    0xf7, 0xfd, 0xa2, 0xf5, 0xa0, 0x0a, 0xa5, 0x9d, 0x48, 0x5f, 0xee, 0xca, 0x4e, 0x5a, 0x44, 0x5b,
    0x66, 0x8b, 0xef, 0xf6, 0x99, 0x2a, 0xa5, 0x9d, 0x50, 0x5f, 0xee, 0xde, 0x42, 0x4a, 0x5e, 0x49,
    0x26, 0xfb, 0x7f, 0x56, 0x79, 0x2a, 0xa5, 0x9d, 0x48, 0x5f, 0xff, 0xd5, 0x5f, 0x4d, 0x4e, 0x57,
    0x4a, 0x5f, 0xec, 0xdf, 0x4d, 0x5f, 0x4e, 0x55, 0x7f, 0x48, 0x7e, 0x62, 0xbe, 0x2a, 0xa5, 0x9d,
    0x4a, 0x4d, 0xef, 0xda, 0x5e, 0x5f, 0x4a, 0x51, 0xa7, 0xfd, 0xd7, 0xf5, 0x45, 0x2a, 0xa5, 0x9d,
    0x44, 0x4a, 0xf5, 0xce, 0x4a, 0x4f, 0x59, 0x4f, 0x44, 0xff, 0xdf, 0x55, 0x7f, 0x42, 0x5f, 0x4a,
    0xde, 0x04, 0xdf, 0x15, 0x5f, 0x95, 0x28, 0xbd, 0x5f, 0x4a, 0xff, 0xdf, 0x44, 0x5f, 0x4e, 0x55,
    0x5f, 0x55, 0xf2, 0xdd, 0x44, 0x5f, 0x44, 0x5f, 0x44, 0x5f, 0xf6, 0xdf, 0x5e, 0x55, 0x6e, 0x55,
    0x4a, 0x5d, 0xea, 0xdf, 0x4a, 0x55, 0x4a, 0x4c, 0x21, 0xfe, 0x77, 0x75, 0xf9, 0x2a, 0xa5, 0x9d,
    0x49, 0x5e, 0xea, 0xdf, 0x5f, 0x4b, 0x5d, 0x49, 0x4a, 0x95, 0x44, 0xd7, 0x5c, 0x13, 0xa4, 0xbd,
    0x5f, 0x45, 0xef, 0xd5, 0x48, 0x5f, 0x51, 0x5f, 0x50, 0x5f, 0xea, 0xce, 0x48, 0x5f, 0x4b, 0x55,
    0x56, 0x47, 0xea, 0xcf, 0x72, 0x57, 0x55, 0x6f, 0x44, 0x7f, 0xd6, 0xde, 0x56, 0x7f, 0x52, 0x46,
    0x5a, 0x7a, 0xd7, 0xfb, 0x7b, 0x53, 0x7b, 0x75, 0xff, 0x94, 0xff, 0xb2, 0xde, 0xff, 0x2a, 0x9d,
    0x5f, 0x4a, 0xff, 0xdf, 0x4e, 0x5f, 0x44, 0x55, 0x44, 0x5f, 0xff, 0xd5, 0x5f, 0x5d, 0x5f, 0x6d,
    0x08, 0xff, 0x7e, 0x24, 0xff, 0x3c, 0xa5, 0x9d, 0x23, 0xfa, 0xaf, 0x72, 0xad, 0x0a, 0xa5, 0x9d,
    0x15, 0xef, 0xf5, 0x55, 0x77, 0x0a, 0xa1, 0x9d, 0x4e, 0x4a, 0xee, 0xc4, 0x5f, 0x4a, 0x4e, 0x55,
    0x4a, 0x4f, 0xfa, 0xcf, 0x4a, 0x4f, 0x40, 0x55, 0x5b, 0x5b, 0xe0, 0xdf, 0x55, 0x5f, 0x7f, 0x44,
    0x4a, 0xdf, 0x5f, 0x5b, 0x6f, 0x2a, 0xa5, 0x9d, 0x9f, 0x54, 0x1e, 0x5f, 0xa9, 0x2a, 0xa5, 0x9d,
    0x5b, 0x5b, 0xfb, 0xd5, 0x5f, 0x5b, 0x55, 0x5b, 0x48, 0x5f, 0xee, 0xdf, 0x4e, 0x5f, 0x40, 0x55,
    0x5f, 0x55, 0xff, 0xc4, 0x5f, 0x4a, 0x5f, 0x44, 0x48, 0x5f, 0xfb, 0xd5, 0x5b, 0x7f, 0x4a, 0x71,
    0x08, 0x7f, 0x55, 0x6f, 0x55, 0x57, 0x49, 0xad, 0x44, 0x5f, 0xff, 0xd5, 0x5f, 0x55, 0x7a, 0x5d,
    0x5f, 0x6b, 0xfd, 0xdf, 0x5d, 0x57, 0x57, 0x65, 0x54, 0xff, 0x75, 0xfd, 0x75, 0xfa, 0xa5, 0x9d,
    0x4e, 0x4a, 0xff, 0xd5, 0x5f, 0x44, 0x4e, 0x55, 0x46, 0x5f, 0xf7, 0xde, 0x5f, 0x56, 0x57, 0x67,
    0x5a, 0xff, 0x5a, 0xef, 0xde, 0x5a, 0xa5, 0x9d, 0xff, 0xa5, 0xff, 0x4a, 0xef, 0xda, 0x4f, 0x4f,
    0x44, 0x5f, 0xf1, 0xd5, 0x5f, 0x5f, 0x4e, 0x55, 0x4e, 0x5f, 0xf5, 0xc0, 0x5f, 0x48, 0x5f, 0x55,
    0x8a, 0x3f, 0x8e, 0x3f, 0xa5, 0x0a, 0xa5, 0xbd, 0x4b, 0x5d, 0xeb, 0xdf, 0x5f, 0x4b, 0x5c, 0x6b,
    0x56, 0x6a, 0xff, 0xda, 0x7e, 0x7f, 0x5a, 0x7d, 0x4a, 0x5f, 0xff, 0xda, 0x7e, 0x7f, 0x5a, 0x7d,
    0x54, 0xe7, 0x4a, 0xf2, 0xad, 0xea, 0xb9, 0xee, 0x4a, 0x5f, 0xf5, 0xdf, 0x4a, 0x4f, 0x5a, 0x4f,
    0x5b, 0x5b, 0xfb, 0xc0, 0x4a, 0x4f, 0x5a, 0x4f, 0x5f, 0x6a, 0xff, 0xc2, 0x7f, 0x5b, 0x7f, 0x49,
    0x5a, 0xbd, 0x5a, 0xe7, 0x5a, 0x2a, 0xa5, 0x9d, 0x09, 0x08, 0xff, 0x08, 0x0a, 0x04, 0x0d, 0x73,
    0x09, 0x08, 0x7f, 0x48, 0x4a, 0x44, 0x65, 0xcb, 0x05, 0x04, 0x7f, 0x44, 0x65, 0x52, 0x42, 0x85,
    0x05, 0x04, 0x7f, 0x44, 0x45, 0x72, 0x42, 0x85, 0x0a, 0xfe, 0x0d, 0x7b, 0x0a, 0xfe, 0x05, 0x7b,
    0xff, 0x7e, 0x42, 0x7e, 0x0a, 0xfe, 0x0d, 0x73, 0xff, 0x3e, 0x22, 0xff, 0x95, 0x7e, 0x0d, 0x73,
    0x55, 0xff, 0x54, 0x74, 0x55, 0xfa, 0xa2, 0xfd, 0x25, 0x74, 0xff, 0x54, 0x7d, 0xd2, 0x7a, 0x7d,
    0xdd, 0xdc, 0x2f, 0x54, 0xad, 0x42, 0x12, 0x65, 0xd5, 0xd4, 0x0f, 0xf4, 0xb5, 0xf2, 0xfa, 0x25,
    0x35, 0x7c, 0x57, 0x7c, 0x6d, 0x7a, 0x52, 0xbd, 0xfd, 0x2c, 0xff, 0x2c, 0x55, 0x7a, 0xd2, 0x7d,
    0xff, 0x41, 0x7f, 0x40, 0x7f, 0x6d, 0x7f, 0xad, 0x48, 0xe8, 0x48, 0x48, 0x68, 0xc8, 0x49, 0x4f,
    0x5f, 0xe4, 0x44, 0x5f, 0x64, 0xc4, 0x44, 0x44, 0x40, 0xef, 0x49, 0x49, 0x69, 0xc9, 0x4f, 0x49,
    0x5e, 0xe4, 0x44, 0x44, 0x64, 0xc4, 0x44, 0x5f, 0x5f, 0xe1, 0x55, 0x52, 0x6a, 0xc4, 0x4a, 0x51,
    0x5e, 0xea, 0x4a, 0x5a, 0x6e, 0xcb, 0x52, 0x66, 0x4f, 0xe8, 0x4f, 0x4d, 0x6f, 0xcc, 0x4d, 0x57,
    0x5f, 0xe4, 0x44, 0x5f, 0x64, 0xc4, 0x44, 0x5f, 0x48, 0xfe, 0x4a, 0x4a, 0x7f, 0xc8, 0x54, 0x63,
    0x45, 0xe4, 0x5f, 0x44, 0x65, 0xc2, 0x46, 0x59, 0x5e, 0xea, 0x44, 0x5f, 0x65, 0xc6, 0x44, 0x4c,
    0x41, 0xee, 0x4e, 0x4e, 0x6e, 0xce, 0x55, 0x65, 0x42, 0xea, 0x42, 0x4a, 0x63, 0xce, 0x42, 0x42,
    0x45, 0xe4, 0x5f, 0x44, 0x65, 0xc5, 0x4a, 0x55, 0x44, 0xff, 0x44, 0x46, 0x65, 0xc5, 0x44, 0x44,
    0x5f, 0xe4, 0x44, 0x4e, 0x6d, 0xd5, 0x44, 0x44, 0x4a, 0xea, 0x57, 0x4b, 0x6b, 0xd7, 0x5b, 0x45,
    0x4a, 0xff, 0x4a, 0x4a, 0x6e, 0xca, 0x4a, 0x4e, 0x44, 0xff, 0x55, 0x5f, 0x75, 0xdf, 0x44, 0x44,
    0x20, 0xff, 0x55, 0x22, 0xdd, 0x3e, 0xff, 0x18, 0x1c, 0xe3, 0x3e, 0x22, 0x3e, 0x1c, 0xff, 0x18,
    0x42, 0xec, 0x48, 0x4f, 0x6a, 0xce, 0x4b, 0x52, 0x46, 0xff, 0x57, 0x5e, 0x77, 0xd6, 0x6f, 0x4f,
    0x44, 0xe4, 0x47, 0x44, 0x64, 0xdf, 0x51, 0x5f, 0x3f, 0xc4, 0x4e, 0xe4, 0x4e, 0xe4, 0x5f, 0x84,
    0x44, 0xf6, 0x55, 0x4f, 0x64, 0xdf, 0x44, 0x44, 0x4a, 0xf2, 0x5f, 0x52, 0x76, 0xd2, 0x52, 0x56,
    0x4a, 0xff, 0x4b, 0x5f, 0x7a, 0xdf, 0x4b, 0x52, 0x4e, 0xea, 0x4a, 0x5f, 0x7a, 0xd6, 0x5f, 0x42,
    0x52, 0xff, 0x5b, 0x5b, 0x7b, 0xdd, 0x58, 0x6f, 0x44, 0xff, 0x4a, 0x4a, 0x6a, 0xca, 0x46, 0x5f,
    0x48, 0xee, 0x5a, 0x44, 0x6a, 0xdf, 0x4a, 0x4e, 0x44, 0xff, 0x44, 0x4f, 0x60, 0xcf, 0x49, 0x4f,
    0x4a, 0xea, 0x5f, 0x4a, 0x6a, 0xdf, 0x4a, 0x51, 0x5f, 0xe9, 0x5b, 0x6d, 0xdb, 0x6d, 0x49, 0x5b,
    0x44, 0xee, 0x44, 0x5f, 0x64, 0xce, 0x44, 0x5f, 0x2f, 0xf5, 0x25, 0xfb, 0x1c, 0x3e, 0xff, 0x18,
    0x5e, 0xe4, 0x5d, 0x4e, 0x6e, 0xd5, 0x44, 0x5f, 0x44, 0xff, 0x4f, 0x51, 0x72, 0xdf, 0x52, 0x56,
    0x4f, 0xe9, 0x4f, 0x4f, 0x69, 0xcf, 0x49, 0x4b, 0x44, 0xff, 0x4e, 0x4e, 0x75, 0xc4, 0x4a, 0x51,
    0x4f, 0xe9, 0x4f, 0x40, 0x6f, 0xc2, 0x5f, 0x42, 0x44, 0xef, 0x55, 0x55, 0x7f, 0xca, 0x44, 0x5b,
    0x5f, 0xff, 0x51, 0x5f, 0x64, 0xdf, 0x44, 0x7f, 0x44, 0xff, 0x4a, 0x53, 0x75, 0xdd, 0x52, 0x5d,
    0x44, 0xff, 0x4a, 0x51, 0x7f, 0xd5, 0x5d, 0x43, 0x4c, 0xf4, 0x57, 0x5b, 0x7a, 0xda, 0x5a, 0x6d,
    0x5f, 0xf4, 0x5f, 0x55, 0x7d, 0xd6, 0x5d, 0x45, 0x4e, 0xe4, 0x5f, 0x4e, 0x6e, 0xdf, 0x44, 0x5f,
    0xa5, 0xfd, 0x25, 0xf9, 0xab, 0x3c, 0xff, 0x18, 0x48, 0xef, 0x59, 0x4f, 0x75, 0xd5, 0x5f, 0x43,
    0x44, 0xe7, 0x4e, 0x4a, 0x6e, 0xdf, 0x44, 0x44, 0x44, 0xff, 0x51, 0x4e, 0x64, 0xcf, 0x4c, 0x53,
    0x44, 0xea, 0x51, 0x4e, 0x7f, 0xdd, 0x5f, 0x44, 0x5f, 0xff, 0x5f, 0x51, 0x71, 0xd1, 0x51, 0x53,
    0x5f, 0xff, 0x51, 0x5f, 0x72, 0xdf, 0x52, 0x6d, 0x47, 0xea, 0x5f, 0x44, 0x6d, 0xd6, 0x4a, 0x55,
    0x52, 0xfb, 0x52, 0x5b, 0x64, 0xcf, 0x49, 0x4f, 0x44, 0xff, 0x44, 0x5f, 0x77, 0xdf, 0x4e, 0x55,
    0x5d, 0xea, 0x51, 0x4e, 0x64, 0xdf, 0x4a, 0x51, 0x55, 0xff, 0x40, 0x5f, 0x68, 0xdf, 0x55, 0x55,
    0x5f, 0xe2, 0x5f, 0x4d, 0x64, 0xdf, 0x4e, 0x55, 0x42, 0xec, 0x5f, 0x44, 0x77, 0xdf, 0x55, 0x5f,
    0x5f, 0xf5, 0x5e, 0x56, 0x7d, 0xd5, 0x5f, 0x46, 0x44, 0xea, 0x57, 0x40, 0x7d, 0xd6, 0x5e, 0x55,
    0x4a, 0xec, 0x5e, 0x5f, 0x64, 0xce, 0x55, 0x5f, 0x08, 0xff, 0xa5, 0xff, 0x4a, 0xbd, 0xff, 0x18,
    0x4a, 0xff, 0x4a, 0x5f, 0x7e, 0xd2, 0x7f, 0x52, 0x4a, 0xff, 0x44, 0x5f, 0x68, 0xcf, 0x52, 0x6f,
    0x5b, 0xe9, 0x52, 0x5b, 0x69, 0xdb, 0x49, 0x52, 0x44, 0xea, 0x55, 0x4e, 0x6a, 0xcf, 0x59, 0x4f,
    0x5f, 0xea, 0x5f, 0x42, 0x7f, 0xdb, 0x5b, 0x49, 0x44, 0xee, 0x4a, 0x4e, 0x6a, 0xcf, 0x5d, 0x5d,
    0x5e, 0xf2, 0x5e, 0x40, 0x7f, 0xc9, 0x5b, 0x6d, 0x45, 0xff, 0x5f, 0x55, 0x7f, 0xdf, 0x4a, 0x42,
    0x55, 0xff, 0x54, 0x5f, 0x74, 0xdf, 0x54, 0x5f, 0x24, 0xfe, 0x56, 0xfb, 0x28, 0x3c, 0xff, 0x18,
    0x44, 0xff, 0x56, 0x5e, 0x76, 0xdf, 0x52, 0x46, 0x5b, 0xfb, 0x44, 0x4a, 0x75, 0xc8, 0x42, 0x4c,
    0x4e, 0xee, 0x5f, 0x5f, 0x6a, 0xce, 0x4d, 0x57, 0x59, 0xfe, 0x5a, 0x5b, 0x7b, 0xdf, 0x5b, 0x65,
    0x44, 0xee, 0x5f, 0x5b, 0x6e, 0xdf, 0x4a, 0x53, 0x5d, 0xea, 0x53, 0x5d, 0x6f, 0xdd, 0x4a, 0x55,
    0x44, 0xff, 0x4a, 0x5f, 0x6a, 0xce, 0x44, 0x55, 0x4a, 0xff, 0x51, 0x44, 0x7f, 0xc5, 0x45, 0x5b,
    0x43, 0xff, 0x52, 0x5a, 0x6d, 0xc2, 0x59, 0x6e, 0x46, 0xff, 0x54, 0x5f, 0x76, 0xdb, 0x56, 0x6b,
    0x44, 0xea, 0x5f, 0x4a, 0x6e, 0xdf, 0x57, 0x5d, 0x44, 0xff, 0x51, 0x55, 0x7f, 0xca, 0x4e, 0x5f,
    0x5f, 0xf5, 0x5f, 0x44, 0x7f, 0xca, 0x5f, 0x44, 0x52, 0xef, 0x55, 0x4f, 0x72, 0xd7, 0x52, 0x6f,
    0x72, 0x5f, 0x75, 0xdf, 0x72, 0x3c, 0xff, 0x18, 0x5f, 0xe4, 0x5f, 0x55, 0x64, 0xdf, 0x55, 0x5f,
    0x5f, 0xff, 0x5f, 0x51, 0x75, 0xdb, 0x55, 0x5b, 0x36, 0x5a, 0x52, 0xff, 0x4a, 0xbd, 0x7e, 0x18,
    0x36, 0x5a, 0x52, 0xff, 0x4a, 0xbd, 0x7e, 0x08, 0x44, 0xff, 0x4a, 0x44, 0x7b, 0xce, 0x4e, 0x4a,
    0x44, 0xff, 0x4a, 0x5f, 0x6a, 0xc4, 0x4e, 0x5f, 0x44, 0xe4, 0x49, 0x4f, 0x60, 0xcf, 0x49, 0x4f,
    0x44, 0xff, 0x4e, 0x5f, 0x64, 0xdf, 0x59, 0x45, 0x44, 0xff, 0x55, 0x4e, 0x7b, 0xce, 0x4e, 0x5b,
    0x5a, 0xf3, 0x5d, 0x4e, 0x6a, 0xce, 0x4d, 0x57, 0x52, 0x5f, 0xea, 0x5f, 0x7d, 0xd5, 0x5d, 0x55,
    0x44, 0xff, 0x56, 0x5f, 0x76, 0xd6, 0x56, 0x69, 0x54, 0xff, 0x53, 0x5e, 0x63, 0xdf, 0x4b, 0x56,
    0x5f, 0xff, 0x52, 0x5f, 0x7a, 0xdb, 0x5a, 0x5b, 0x4a, 0xf7, 0x4a, 0xff, 0x4a, 0xbd, 0x7e, 0x18,
    0x55, 0xee, 0x5b, 0x4e, 0x75, 0xdf, 0x4e, 0x55, 0x44, 0xff, 0x55, 0x5f, 0x6e, 0xdf, 0x5a, 0x6d,
    0x55, 0xff, 0x4a, 0x4f, 0x6a, 0xdb, 0x5f, 0x55, 0x4a, 0xff, 0x4a, 0x55, 0x6a, 0xce, 0x4e, 0x51,
    0x56, 0xff, 0x56, 0x7f, 0x6a, 0xff, 0x4a, 0x77, 0x5a, 0xbd, 0x5a, 0xe7, 0x5a, 0x3c, 0xff, 0x08,
    0x5b, 0xfb, 0x5f, 0x4a, 0x6f, 0xca, 0x44, 0x5b, 0x10, 0x1e, 0x10, 0xfe, 0x22, 0x14, 0x08, 0xf7,
    0x20, 0x3f, 0x22, 0x52, 0x94, 0x08, 0x34, 0xc3, 0xe8, 0x48, 0x4f, 0x72, 0xaa, 0x24, 0x24, 0xdb,
    0x28, 0xa8, 0xaf, 0xb2, 0xaa, 0xe4, 0xa4, 0x3b, 0x28, 0x48, 0xef, 0x72, 0x6a, 0x64, 0x64, 0x5b,
    0x08, 0xe8, 0xef, 0xf2, 0xea, 0xe4, 0xe4, 0x1b, 0x24, 0xfc, 0x57, 0x89, 0x55, 0x52, 0x22, 0xdd,
    0x24, 0xf4, 0x27, 0xf9, 0x25, 0xfa, 0x52, 0xad, 0x24, 0xfc, 0x27, 0xf9, 0xad, 0xfa, 0x72, 0xad,
    0x24, 0x57, 0xf4, 0x2f, 0xf9, 0x2a, 0xb4, 0x2b, 0x24, 0x54, 0xf7, 0x29, 0xf5, 0x22, 0xb2, 0x2d,
    0x24, 0xac, 0x27, 0xf9, 0x8d, 0xaa, 0xaa, 0x8d, 0x24, 0xac, 0x27, 0xf9, 0xad, 0xfa, 0xaa, 0xad,
    0x22, 0xf3, 0x62, 0x6f, 0xf1, 0x95, 0xb2, 0x9d, 0x24, 0xf4, 0xb7, 0xf9, 0x25, 0xfa, 0x52, 0x7d,
    0x24, 0x54, 0x8f, 0xfd, 0xad, 0xfa, 0x52, 0xad, 0xac, 0xff, 0xad, 0x00, 0xff, 0x5e, 0xa8, 0x4f,
    0x5a, 0xbd, 0x5a, 0xe7, 0x5a, 0x3c, 0xc8, 0x77, 0x62, 0xaa, 0x72, 0x5a, 0x73, 0x5e, 0x52, 0x92,
    0x52, 0xfa, 0x56, 0x72, 0x56, 0xfb, 0xa6, 0xfa, 0xe2, 0x4c, 0x48, 0x6f, 0xea, 0x6a, 0x6a, 0x12,
    0xf2, 0xac, 0xc8, 0xff, 0xaa, 0xca, 0xaa, 0xf2, 0x44, 0xf7, 0x48, 0x77, 0x55, 0x5f, 0x55, 0xa5,
    0x48, 0xef, 0x52, 0x7f, 0x52, 0x5f, 0x5b, 0xab, 0x08, 0x7f, 0x14, 0xff, 0x89, 0x7f, 0x12, 0x66,
    0x48, 0xef, 0x52, 0x76, 0x5c, 0x57, 0x5c, 0xa7, 0x48, 0xef, 0x56, 0x77, 0x5a, 0x57, 0x52, 0xaf,
    0x48, 0xef, 0x54, 0x7f, 0x6a, 0x7d, 0x6e, 0xb3, 0x48, 0xef, 0x52, 0x7d, 0x5d, 0x5f, 0x5d, 0xaf,
    0x5f, 0xee, 0x5f, 0x6e, 0x75, 0x6e, 0x6e, 0xae, 0x7e, 0x08, 0x08, 0xff, 0x18, 0x18, 0x29, 0xcf,
    0x7e, 0x08, 0x88, 0xff, 0x98, 0x18, 0x29, 0xcf, 0x3e, 0x22, 0x3e, 0x22, 0x7f, 0x08, 0xff, 0x08,
    0x7e, 0x42, 0x7e, 0x42, 0x7e, 0xff, 0x2a, 0xc9, 0x3e, 0x3e, 0x22, 0x7f, 0x08, 0x7f, 0x14, 0x63,
    0x3e, 0x22, 0x3e, 0x7f, 0x48, 0x48, 0x54, 0xa3, 0x3e, 0x22, 0x3e, 0x08, 0xff, 0x14, 0x08, 0xf7,
    0x08, 0xff, 0x1c, 0x2a, 0xc9, 0x3e, 0x22, 0x3e, 0x1f, 0xf1, 0xbf, 0xf4, 0xb7, 0xf4, 0x15, 0x27,
    0x67, 0x05, 0xe7, 0x2d, 0xf5, 0x37, 0x68, 0xa7, 0x7e, 0x42, 0x7e, 0x20, 0x57, 0x95, 0xf7, 0x24,
    0x3e, 0x22, 0x3e, 0xff, 0x20, 0x7f, 0x95, 0x2b, 0x3e, 0x22, 0x3e, 0xff, 0x89, 0x7e, 0x14, 0x3f,
    0x04, 0xf5, 0xae, 0xff, 0xaa, 0xaa, 0xea, 0x13, 0xff, 0x22, 0x77, 0xff, 0x22, 0x3e, 0x22, 0x3e,
    0x7e, 0x42, 0x7e, 0xa5, 0x66, 0xa5, 0x25, 0xc7, 0x0a, 0xe4, 0xba, 0xff, 0xb4, 0xbf, 0xf5, 0x15,
    0x08, 0x7e, 0xff, 0x3c, 0xff, 0x3c, 0x24, 0xff, 0x1f, 0xe4, 0xaf, 0xe5, 0xbf, 0xaf, 0xe9, 0x0f,
    0x0a, 0xef, 0xb2, 0xff, 0xa2, 0xaf, 0xe9, 0x0f, 0x3e, 0x22, 0x3e, 0x7f, 0x40, 0x7f, 0x54, 0xbb,
    0x7f, 0x41, 0x7f, 0x05, 0x7f, 0x75, 0x52, 0xa5, 0x41, 0xee, 0x4f, 0xea, 0x52, 0x7e, 0x7e, 0x7e,
    0x09, 0xfe, 0xaa, 0xff, 0xbb, 0xab, 0xeb, 0x0d, 0xff, 0x81, 0xff, 0x24, 0xe7, 0x24, 0xe7, 0x44,
    0x3c, 0x24, 0xff, 0x89, 0x7e, 0x2c, 0xff, 0x08, 0x0a, 0xff, 0xaa, 0xff, 0xb5, 0xbf, 0xea, 0x11,
    0x1f, 0xf5, 0xbf, 0xee, 0xae, 0xa4, 0xff, 0x04, 0x04, 0xff, 0xb1, 0xee, 0xaa, 0xae, 0xea, 0x1f,
    0x0e, 0xea, 0xae, 0xff, 0xa8, 0xaf, 0xeb, 0x15, 0x1f, 0xf1, 0xae, 0xea, 0xae, 0xbf, 0xe4, 0x1b,
    0xef, 0xaa, 0xff, 0xbc, 0xe7, 0x3c, 0x24, 0xff, 0x9f, 0x51, 0x9f, 0x4a, 0xcf, 0x5a, 0x4f, 0xbf,
    0x04, 0xee, 0xbf, 0xfb, 0xae, 0xbf, 0xea, 0x13, 0x0a, 0xfe, 0xbf, 0xf5, 0xbd, 0xbe, 0xea, 0x1d,
    0x24, 0xaf, 0xfa, 0xae, 0xd9, 0x7e, 0x42, 0x7e, 0x0a, 0xff, 0xae, 0xff, 0xae, 0xa4, 0xff, 0x04,
    0x04, 0xff, 0xaa, 0xff, 0xaa, 0xae, 0xe4, 0x15, 0x1f, 0xea, 0xbf, 0xf5, 0xab, 0xa6, 0xea, 0x1d,
    0x0a, 0xff, 0xaa, 0xff, 0xad, 0xb6, 0xea, 0x15, 0x04, 0xff, 0xb6, 0xff, 0xb6, 0xb6, 0xf6, 0x29,
    0x02, 0xef, 0xa8, 0xea, 0xaa, 0xaa, 0xed, 0x17, 0x0a, 0xff, 0xa4, 0xff, 0xac, 0xbf, 0xea, 0x1d,
    0x3c, 0x24, 0xff, 0x5a, 0xff, 0x6a, 0xa4, 0x33, 0xfe, 0x82, 0x82, 0xfa, 0x82, 0x82, 0xfe, 0x82,
    0x14, 0xfe, 0x92, 0xfe, 0x92, 0xfe, 0x19, 0xe7, 0x7e, 0x42, 0x7e, 0x20, 0x7f, 0xa9, 0x31, 0x3a,
    0xe4, 0xb5, 0xf5, 0xbf, 0xe4, 0xb5, 0xb5, 0xbf, 0xe4, 0xbe, 0xf2, 0xbe, 0xf2, 0xbe, 0xb4, 0xbb,
    0x24, 0x7e, 0x3c, 0xff, 0x42, 0xbd, 0x3c, 0x44, 0xea, 0xbf, 0xea, 0xbf, 0xed, 0xb6, 0xaa, 0xb5,
    0xea, 0xbf, 0xf6, 0xbf, 0xfd, 0xb7, 0xbe, 0xb7, 0x7e, 0xff, 0xad, 0x50, 0xf7, 0x75, 0xff, 0x25,
    0x0a, 0x09, 0xff, 0x08, 0x2c, 0x2c, 0x4d, 0x8b, 0x08, 0xff, 0x08, 0x7f, 0x49, 0x1c, 0x2a, 0xc9,
    0x7c, 0x27, 0x21, 0xc3, 0x08, 0xff, 0x2a, 0xc9, 0x2c, 0xf4, 0x24, 0x74, 0x64, 0xa6, 0x2a, 0x31,
    0x24, 0xf4, 0x2f, 0x75, 0x65, 0xa5, 0x25, 0x2b, 0x2f, 0xf5, 0x25, 0x75, 0x65, 0xa5, 0x29, 0x33,
    0x27, 0xf2, 0x22, 0x7f, 0x62, 0xa2, 0x22, 0x22, 0x2f, 0xf1, 0x21, 0x7f, 0x68, 0xa8, 0x29, 0x2f,
    0x2f, 0xf2, 0x22, 0x72, 0x62, 0xa2, 0x22, 0x2f, 0x25, 0xf4, 0x2f, 0x74, 0x64, 0xa2, 0x22, 0x21,
    0x44, 0xf5, 0x55, 0xf5, 0xd5, 0x55, 0x5f, 0x51, 0x2f, 0xf4, 0x27, 0x75, 0x65, 0xa5, 0x25, 0x2b,
    0x2f, 0xf2, 0x22, 0x7f, 0x62, 0xa2, 0x22, 0x2f, 0x08, 0xff, 0x1c, 0x2a, 0xc9, 0x08, 0x55, 0xd5,
    0x08, 0xff, 0x2a, 0xc9, 0x34, 0xd3, 0x24, 0x7e, 0x5e, 0xea, 0x44, 0xff, 0xc5, 0x46, 0x44, 0x4c,
    0x44, 0xe4, 0x4e, 0xed, 0xd5, 0x46, 0x44, 0x58, 0x4c, 0xf2, 0x41, 0xfe, 0xca, 0x4a, 0x4a, 0x56,
    0x24, 0xff, 0x24, 0x77, 0x65, 0xa5, 0x29, 0x32, 0x4f, 0xe0, 0x4f, 0xe9, 0xcf, 0x48, 0x48, 0x50,
    0x46, 0xfa, 0x4a, 0xff, 0xca, 0x4a, 0x4a, 0x52, 0x5f, 0xea, 0x4a, 0xff, 0xca, 0x4a, 0x4a, 0x52,
    0x48, 0xff, 0x4d, 0xed, 0xcd, 0x4d, 0x55, 0x67, 0x5f, 0xe1, 0x5d, 0xf5, 0xd5, 0x5d, 0x41, 0x43,
    0x2f, 0xf9, 0x2f, 0x74, 0x6f, 0xa5, 0x25, 0x2b, 0x08, 0xff, 0x08, 0x7f, 0x5d, 0x7f, 0x2a, 0xc9,
    0x5f, 0xf1, 0x51, 0xf1, 0xdf, 0x4a, 0x49, 0x51, 0x5f, 0xf4, 0x56, 0xfa, 0xd2, 0x55, 0x59, 0x5f,
    0x48, 0xef, 0x51, 0xef, 0xcb, 0x4f, 0x41, 0x43, 0x4e, 0xea, 0x4e, 0xea, 0xce, 0x4a, 0x4a, 0x5f,
    0x48, 0xef, 0x4c, 0xf7, 0xc4, 0x47, 0x44, 0x44, 0x42, 0xec, 0x48, 0xef, 0xca, 0x4e, 0x4b, 0x52,
    0x42, 0xfc, 0x54, 0xff, 0xd4, 0x52, 0x59, 0x5f, 0x44, 0xf5, 0x55, 0xff, 0xc4, 0x55, 0x55, 0x5f,
    0x48, 0xef, 0x51, 0xef, 0xcb, 0x4e, 0x49, 0x4f, 0x4a, 0xf2, 0x5f, 0xf2, 0xd6, 0x52, 0x52, 0x56,
    0x44, 0xff, 0x42, 0xea, 0xca, 0x4a, 0x44, 0x5f, 0x41, 0xee, 0x4a, 0xea, 0xca, 0x4a, 0x4d, 0x55,
    0x44, 0xea, 0x5f, 0xff, 0xd5, 0x5f, 0x4a, 0x4e, 0x77, 0x22, 0xff, 0x2a, 0x08, 0xff, 0x2a, 0xc9,
    0x5f, 0xf7, 0x52, 0xf7, 0xd2, 0x52, 0x57, 0x5f, 0x5f, 0xe9, 0x5b, 0xed, 0xdb, 0x6d, 0x49, 0x5b,
    0x71, 0x97, 0x55, 0x2f, 0x49, 0xff, 0x2a, 0xc9, 0x44, 0xff, 0x4a, 0xf5, 0xce, 0x47, 0x49, 0x42,
    0x45, 0xef, 0x46, 0xff, 0xcc, 0x57, 0x41, 0x46, 0x5f, 0xe4, 0x4a, 0xfd, 0xc4, 0x4e, 0x44, 0x5f,
    0x48, 0xff, 0x52, 0xfd, 0xda, 0x5a, 0x5a, 0x63, 0x44, 0xff, 0x4f, 0xf1, 0xd2, 0x57, 0x52, 0x56,
    0x44, 0xe9, 0x4f, 0xea, 0xcf, 0x52, 0x4f, 0x42, 0x44, 0x55, 0xee, 0x5f, 0xe1, 0xdf, 0x41, 0x5f,
    0x4e, 0xf2, 0x5f, 0xf5, 0xdf, 0x55, 0x5f, 0x61, 0x4f, 0xe9, 0x4f, 0xe0, 0xcf, 0x42, 0x5f, 0x42,
    0x10, 0x7e, 0x42, 0x7f, 0xa9, 0xff, 0x2a, 0xc9, 0x4a, 0xef, 0x52, 0xff, 0xc2, 0x4f, 0x49, 0x4f,
    0x4a, 0xff, 0x4a, 0xf3, 0xce, 0x5a, 0x44, 0x5b, 0x42, 0xfc, 0x5f, 0xf7, 0xd5, 0x57, 0x54, 0x67,
    0x28, 0x5f, 0xea, 0x7f, 0x64, 0x7f, 0x6e, 0x55, 0x7f, 0x55, 0xfe, 0x55, 0xfd, 0xd6, 0x54, 0x64,
    0x59, 0xee, 0x4a, 0xf7, 0xda, 0x4f, 0x48, 0x57, 0x44, 0xff, 0x4e, 0xff, 0xc4, 0x5f, 0x59, 0x45,
    0x42, 0xec, 0x4f, 0xea, 0xca, 0x5f, 0x4a, 0x51, 0x42, 0xed, 0x55, 0xfe, 0xc2, 0x44, 0x5f, 0x44,
    0x22, 0xff, 0x77, 0xaa, 0x3c, 0x24, 0x2d, 0xc7, 0x2f, 0xf9, 0x2f, 0x74, 0x6f, 0xa9, 0x29, 0x2f,
    0x22, 0xff, 0x77, 0xaa, 0xff, 0x0c, 0x0a, 0x08, 0x5f, 0xea, 0x5b, 0xf1, 0xd1, 0x5b, 0x4a, 0x5f,
    0x44, 0xef, 0x4f, 0xef, 0xc4, 0x5f, 0x44, 0x47, 0x5e, 0xea, 0x5f, 0xea, 0xde, 0x48, 0x5e, 0x4e,
    0x44, 0xff, 0x4e, 0xea, 0xce, 0x5f, 0x44, 0x4c, 0x24, 0x7e, 0x24, 0x24, 0xff, 0x4a, 0x9d, 0x6a,
    0x48, 0xef, 0x51, 0xeb, 0xc5, 0x4f, 0x45, 0x4b, 0x22, 0xff, 0x22, 0xf7, 0xb7, 0x22, 0x76, 0xab,
    0x5f, 0xff, 0x55, 0xff, 0xd5, 0x57, 0x5f, 0x5f, 0x4d, 0xf4, 0x5f, 0xea, 0xd5, 0x4f, 0x45, 0x4b,
    0x5f, 0xfb, 0x55, 0xff, 0xd5, 0x5f, 0x5f, 0x51, 0x44, 0xff, 0x51, 0xea, 0xd3, 0x4e, 0x44, 0x5f,
    0x5f, 0xf1, 0x5f, 0xff, 0xd2, 0x5b, 0x52, 0x5b, 0x2f, 0xfa, 0x2f, 0x7a, 0x69, 0xaf, 0x29, 0x2f,
    0x44, 0xff, 0x42, 0xed, 0xc2, 0x5f, 0x42, 0x5d, 0x44, 0xff, 0x51, 0xee, 0xc0, 0x5f, 0x44, 0x55,
    0x55, 0xfb, 0x5f, 0xea, 0xd7, 0x5a, 0x44, 0x5b, 0x57, 0xf9, 0x55, 0xfd, 0xd2, 0x7a, 0x75, 0x59,
    0x44, 0xff, 0x4a, 0xff, 0xc4, 0x5f, 0x4a, 0x4f, 0x08, 0xff, 0x7e, 0x4a, 0xff, 0x49, 0x2a, 0xc9,
    0x44, 0xee, 0x57, 0xee, 0xc4, 0x55, 0x4e, 0x55, 0x50, 0xff, 0x4b, 0xff, 0xcb, 0x4b, 0x57, 0x53,
    0x44, 0xe7, 0x4e, 0xea, 0xce, 0x5f, 0x44, 0x44, 0x4a, 0xff, 0xa5, 0x3c, 0x08, 0xff, 0x2a, 0xc9,
    0x44, 0xea, 0x55, 0xee, 0xc2, 0x4d, 0x4c, 0x57, 0x44, 0xff, 0x50, 0xf5, 0xd7, 0x5d, 0x57, 0x65,
    0x4a, 0xe4, 0x5f, 0xea, 0xdb, 0x5b, 0x4a, 0x5f, 0x5b, 0xfb, 0x5b, 0xf1, 0xd1, 0x51, 0x51, 0x51,
    0x4a, 0xff, 0x5b, 0xff, 0xdb, 0x5f, 0x4a, 0x51, 0x5d, 0xeb, 0x57, 0xff, 0xcb, 0x5f, 0x49, 0x5f,
    0x44, 0xea, 0x57, 0xe0, 0xdf, 0x55, 0x5f, 0x55, 0x4e, 0xe5, 0x4f, 0xf5, 0xc8, 0x5f, 0x5b, 0x5f,
    0x52, 0xfb, 0x52, 0xfb, 0xc4, 0x4f, 0x49, 0x4f, 0x57, 0xfd, 0x57, 0xfd, 0xef, 0x7d, 0x45, 0x49,
    0x5e, 0xea, 0x5f, 0xee, 0xca, 0x5e, 0x5a, 0x4d, 0x4e, 0xea, 0x5f, 0xea, 0xce, 0x4a, 0x5f, 0x42,
    0x57, 0xfb, 0x53, 0xfd, 0xc4, 0x5f, 0x44, 0x5b, 0x44, 0xef, 0x49, 0xef, 0xc4, 0x5d, 0x4e, 0x55,
    0x45, 0xef, 0x46, 0xff, 0xc5, 0x4f, 0x55, 0x47, 0x4a, 0xff, 0x4a, 0xee, 0xca, 0x5f, 0x54, 0x5f,
    0x44, 0xff, 0x4a, 0xff, 0xd5, 0x4e, 0x4e, 0x44, 0x47, 0xea, 0x5f, 0xe4, 0xcd, 0x56, 0x4a, 0x55,
    0x5a, 0xef, 0x52, 0xff, 0xce, 0x5a, 0x6a, 0x4a, 0x5f, 0xf5, 0x5d, 0xf6, 0xdd, 0x55, 0x5f, 0x44,
    0x44, 0xea, 0x57, 0xe0, 0xdd, 0x56, 0x5e, 0x55, 0x5f, 0xf5, 0x5f, 0xe4, 0xdf, 0x47, 0x49, 0x52,
    0x44, 0xff, 0x44, 0xff, 0xd7, 0x5f, 0x4e, 0x55, 0x44, 0xff, 0x51, 0xff, 0xca, 0x5d, 0x44, 0x5f,
    0x4a, 0xff, 0x4a, 0xef, 0xc4, 0x5f, 0x4e, 0x55, 0x5e, 0xf6, 0x5a, 0xfe, 0xc0, 0x5f, 0x55, 0x7f,
    0xab, 0x22, 0x55, 0xff, 0x89, 0xff, 0x2a, 0xc9, 0x48, 0xff, 0x5f, 0xf5, 0xdf, 0x4d, 0x4e, 0x57,
    0x55, 0xff, 0x5f, 0xee, 0xca, 0x4e, 0x44, 0x5f, 0x44, 0xff, 0x4a, 0xee, 0xdf, 0x5f, 0x5b, 0x5f,
    0x4e, 0xe4, 0x5f, 0xea, 0xce, 0x4a, 0x4e, 0x5b, 0x4e, 0xea, 0x5f, 0xf1, 0xce, 0x4a, 0x4e, 0x4a,
    0x4a, 0xff, 0x44, 0xff, 0xc8, 0x4f, 0x52, 0x6f, 0x08, 0xff, 0x95, 0x7f, 0x3e, 0xff, 0x9d, 0x2a,
    0x57, 0xfd, 0x77, 0x75, 0x29, 0xff, 0x2a, 0xc9, 0x44, 0xee, 0x4e, 0xe8, 0xcf, 0x49, 0x5b, 0x5f,
    0x4e, 0xee, 0x4e, 0xf0, 0xdf, 0x57, 0x4f, 0x55, 0x26, 0x79, 0x57, 0x76, 0x99, 0xff, 0x2a, 0xc9,
    0x5f, 0xf6, 0x5f, 0xf6, 0xdf, 0x56, 0x5a, 0x5f, 0x5f, 0xea, 0x5f, 0xff, 0xc4, 0x55, 0x44, 0x5b,
    0x45, 0xff, 0x56, 0xfe, 0xd6, 0x5f, 0x42, 0x56, 0x5f, 0xff, 0x4e, 0xee, 0xc4, 0x5f, 0x4a, 0x51,
    0x44, 0xff, 0x4a, 0xff, 0xc5, 0x5f, 0x4a, 0x56, 0x44, 0xff, 0x51, 0xea, 0xd5, 0x4e, 0x5b, 0x4e,
    0x48, 0xf7, 0x53, 0xfb, 0xd5, 0x4f, 0x4d, 0x4f, 0x44, 0xff, 0x4a, 0xff, 0xce, 0x4e, 0x44, 0x47,
    0x4b, 0xff, 0x5e, 0xf7, 0xdf, 0x7f, 0x4a, 0x5a, 0x4a, 0xbd, 0x56, 0xbd, 0x4a, 0xff, 0x2a, 0xc9,
    0x5b, 0xfb, 0x44, 0xea, 0xd5, 0x48, 0x42, 0x4c, 0x4a, 0xff, 0x4a, 0xff, 0xd5, 0x5f, 0x4e, 0x5f,
    0x4a, 0xff, 0x55, 0xff, 0xca, 0x4f, 0x5a, 0x4f, 0x44, 0xee, 0x4a, 0xee, 0xd5, 0x44, 0x5f, 0x44,
    0x59, 0xeb, 0x5d, 0xf7, 0xdd, 0x57, 0x55, 0x65, 0x21, 0xfe, 0x77, 0xf5, 0x29, 0xff, 0x2a, 0xc9,
    0x4a, 0xea, 0x55, 0xe8, 0xd2, 0x57, 0x56, 0x5f, 0x44, 0xff, 0x4e, 0xff, 0xce, 0x4d, 0x5a, 0x4d,
    0x5f, 0xfe, 0x5a, 0xff, 0xd5, 0x5f, 0x50, 0x5f, 0x42, 0xff, 0x5a, 0xfe, 0xda, 0x5f, 0x6a, 0x5d,
    0x55, 0xe0, 0x4f, 0xef, 0xc4, 0x5f, 0x4e, 0x55, 0x44, 0xff, 0x56, 0xfe, 0xd6, 0x7f, 0x52, 0x46,
    0x4a, 0xef, 0x52, 0xef, 0xd6, 0xff, 0x14, 0xe3, 0x44, 0xff, 0x55, 0xee, 0xd7, 0x44, 0x55, 0x5f,
    0x44, 0xff, 0x55, 0xee, 0xd7, 0x4e, 0x45, 0x5f, 0x4a, 0xff, 0x44, 0xff, 0xcc, 0x5d, 0x4e, 0x55,
    0x44, 0xfe, 0x57, 0xfe, 0xc4, 0x5f, 0x4a, 0x4f, 0x5c, 0xff, 0x57, 0xfd, 0xd7, 0x5e, 0x5f, 0x45,
    0x4e, 0xfb, 0x4e, 0xef, 0xc9, 0x4f, 0x4f, 0x59, 0x44, 0xff, 0x4e, 0xea, 0xce, 0x5f, 0x4a, 0x4e,
    0x4e, 0xea, 0x5f, 0xf4, 0xdf, 0x55, 0x7e, 0x45, 0x4e, 0xee, 0x4e, 0xe0, 0xdb, 0x5b, 0x5b, 0x5b,
    0x42, 0xfe, 0x5f, 0xfc, 0xcf, 0x5f, 0x4d, 0x5d, 0x44, 0xff, 0x5f, 0xfa, 0xdf, 0x5f, 0x57, 0x55,
    0x5d, 0xea, 0x51, 0xee, 0xca, 0x4e, 0x44, 0x5f, 0x44, 0xff, 0x4a, 0xff, 0xce, 0x4e, 0x44, 0x5f,
    0x44, 0xee, 0x5f, 0xfb, 0xce, 0x5f, 0x4a, 0x53, 0x55, 0xff, 0x4a, 0xff, 0xc4, 0x5f, 0x4a, 0x51,
    0x44, 0xee, 0x4a, 0xee, 0xc8, 0x4f, 0x41, 0x55, 0x46, 0xff, 0x59, 0xf4, 0xdf, 0x56, 0x5f, 0x6f,
    0x44, 0xff, 0x4a, 0xff, 0xca, 0x4e, 0x4d, 0x57, 0x54, 0xff, 0xfd, 0x6a, 0x7d, 0xff, 0x1c, 0x2a,
    0x54, 0xfc, 0x5f, 0xfd, 0xd5, 0x5a, 0x6a, 0x55, 0x44, 0xea, 0x51, 0xff, 0xd5, 0x5f, 0x4a, 0x55,
    0x44, 0xff, 0x4a, 0xf5, 0xdf, 0x51, 0x55, 0x5f, 0x72, 0x5f, 0x75, 0xdf, 0x72, 0xff, 0x2a, 0xc9,
    0x22, 0xff, 0x5d, 0x77, 0xd2, 0xff, 0x2a, 0xc9, 0x5c, 0xf7, 0x58, 0xf7, 0xd8, 0x4e, 0x4a, 0x5f,
    0x5f, 0xf2, 0x57, 0xff, 0xd7, 0x57, 0x55, 0x5f, 0x5f, 0xe5, 0x5f, 0xe5, 0xca, 0x4f, 0x5a, 0x4f,
    0x44, 0xff, 0x51, 0xee, 0xdf, 0x40, 0x5f, 0x44, 0x44, 0xff, 0x5f, 0xee, 0xda, 0x4e, 0x4e, 0x51,
    0x4a, 0xff, 0x4a, 0xff, 0xcd, 0x56, 0x4a, 0x55, 0x53, 0xed, 0x57, 0xe4, 0xfb, 0x56, 0x7a, 0x55,
    0x4e, 0xea, 0x4e, 0xe0, 0xdf, 0x5f, 0x55, 0x5f, 0x55, 0xee, 0x5b, 0xee, 0xd5, 0x5f, 0x4e, 0x55,
    0x55, 0xee, 0x5b, 0xee, 0xd5, 0x5f, 0x4e, 0x55, 0x5f, 0xf5, 0x5f, 0xff, 0xdb, 0x5f, 0x5b, 0x5f,
    0x5f, 0xf5, 0x5f, 0xf5, 0xda, 0x53, 0x56, 0x6f, 0x5b, 0xfb, 0x5b, 0xe8, 0xdf, 0x4a, 0x5c, 0x4a,
    0x5b, 0xff, 0x5b, 0xff, 0xd6, 0x4d, 0x5f, 0x44, 0x24, 0xff, 0x67, 0x5f, 0x6a, 0xff, 0x2a, 0xc9,
    0x4e, 0xff, 0x55, 0xe4, 0xdf, 0x55, 0x5f, 0x55, 0x5a, 0xbd, 0x5a, 0xe7, 0x5a, 0xff, 0x2a, 0xc9,
    0x5a, 0xf3, 0x5d, 0xee, 0xca, 0x4e, 0x4d, 0x57, 0x5a, 0xff, 0x5a, 0xff, 0xd5, 0x7e, 0x7d, 0x3e,
    0x5b, 0xff, 0x5f, 0xeb, 0xdf, 0x7b, 0x5a, 0x5f, 0x28, 0x48, 0xff, 0x75, 0xa4, 0xf4, 0x2a, 0xd1,
    0x54, 0x24, 0xd7, 0xfb, 0x42, 0xf2, 0x72, 0x2d, 0x88, 0x0f, 0x95, 0x44, 0x9b, 0x7f, 0x55, 0xff,
    0x24, 0xfc, 0x57, 0x8b, 0xfa, 0xaa, 0xea, 0x1d, 0x48, 0xa8, 0x0f, 0xf5, 0xa4, 0xe4, 0xca, 0xf1,
    0x74, 0x54, 0x77, 0x4b, 0x7a, 0xca, 0x6a, 0x15, 0x14, 0x64, 0xf7, 0x2b, 0xba, 0xfa, 0xaa, 0xfd,
    0x54, 0xfc, 0x67, 0xfb, 0x6a, 0xfa, 0x72, 0xad, 0xf4, 0xd4, 0xf7, 0x8b, 0xfa, 0xaa, 0xfa, 0xfd,
    0x24, 0x57, 0xfb, 0x52, 0xfa, 0x6a, 0xba, 0x6d, 0x34, 0xfc, 0xb7, 0xeb, 0xb2, 0xfa, 0xb2, 0xfd,
    0x24, 0x54, 0x8f, 0xfb, 0xaa, 0xfa, 0x52, 0xad, 0x64, 0xb7, 0xfb, 0xda, 0xba, 0xfa, 0x52, 0x8d,
    0x54, 0xfc, 0xaf, 0xfb, 0x52, 0x7a, 0xd2, 0x7d, 0x4e, 0xe2, 0xae, 0xff, 0x55, 0xee, 0xce, 0xe4,
    0xff, 0x10, 0x1e, 0x22, 0x52, 0x0c, 0x08, 0x70, 0xe4, 0x47, 0x69, 0xa2, 0x6f, 0x29, 0x46, 0x99,
    0xe2, 0x5c, 0x64, 0xbf, 0x64, 0x24, 0x4a, 0x91, 0xe4, 0x4a, 0x71, 0xa4, 0x6a, 0x25, 0x42, 0x8c,
    0xf4, 0x4f, 0x6d, 0xad, 0x7f, 0x24, 0x4a, 0x91, 0xe2, 0x4d, 0x75, 0xbe, 0x62, 0x24, 0x5f, 0x84,
    0xe5, 0x5f, 0x62, 0xad, 0x64, 0x3f, 0x42, 0x9d, 0xe4, 0x5f, 0x6a, 0xbf, 0x60, 0x2f, 0x49, 0x8f,
    0xee, 0x4a, 0x6f, 0xa9, 0x6f, 0x29, 0x4f, 0x99, 0xe8, 0x4f, 0x7a, 0xae, 0x68, 0x3f, 0x4b, 0x95,
    0xe4, 0x5f, 0x6e, 0xbf, 0x71, 0x3f, 0x4a, 0x9f, 0xfb, 0x5b, 0x60, 0xbf, 0x75, 0x3f, 0x5f, 0x84,
    0xff, 0x57, 0x6a, 0xaf, 0x69, 0x2f, 0x4f, 0x99, 0xf6, 0x4a, 0x7f, 0xaa, 0x7e, 0x3f, 0x4a, 0x9d,
    0xe6, 0x4f, 0x66, 0xaf, 0x66, 0x2f, 0x46, 0x8f, 0x3c, 0x25, 0x27, 0xc0, 0x7e, 0x24, 0x18, 0xe7,
    0x77, 0x75, 0x55, 0x78, 0x57, 0x75, 0x52, 0xbd, 0x27, 0xfd, 0x75, 0xf8, 0x8f, 0x75, 0x52, 0x9d,
    0xf7, 0xf5, 0xd5, 0xf8, 0xff, 0xad, 0xfa, 0xfd, 0x7e, 0x52, 0x52, 0xff, 0x52, 0x52, 0xff, 0x06,
    0x44, 0x7f, 0x8a, 0x7d, 0x56, 0xf6, 0x76, 0x1b, 0x2a, 0x2a, 0x4d, 0x38, 0x1c, 0x3e, 0xf9, 0x0f,
    0x25, 0xdf, 0x44, 0xf5, 0x4e, 0xf5, 0x44, 0x7f, 0x08, 0xff, 0x14, 0xff, 0x9d, 0x3e, 0xf9, 0x0f,
    0x1c, 0x3e, 0xf9, 0x0f, 0x22, 0xcc, 0xee, 0x77, 0x35, 0xc4, 0x5b, 0xe0, 0x55, 0xe4, 0x5b, 0x7f,
    0x08, 0x7f, 0x52, 0x7f, 0x4c, 0x5e, 0x79, 0x8f, 0x21, 0xfe, 0x8b, 0xae, 0xfb, 0x56, 0x72, 0xfb,
    0x2f, 0x29, 0xff, 0x4a, 0x4f, 0x4a, 0x7a, 0x09, 0x20, 0x7f, 0xbe, 0x00, 0x3e, 0x02, 0x02, 0x01,
    0x20, 0x7f, 0xfe, 0x7e, 0x2a, 0xfe, 0x2b, 0x59, 0x40, 0x7f, 0xbc, 0x00, 0xfe, 0x56, 0x6e, 0x7d,
    0x20, 0x7f, 0xfe, 0x7e, 0x56, 0x3a, 0x7f, 0x55, 0x7e, 0x08, 0xff, 0x08, 0xf9, 0x1e, 0x2a, 0xd9,
    0x84, 0x55, 0x95, 0x55, 0x15, 0x55, 0x5f, 0x91, 0x84, 0x44, 0x84, 0x5f, 0x04, 0x44, 0x44, 0x9f,
    0xbf, 0x44, 0x84, 0x5f, 0x04, 0x44, 0x44, 0xbf, 0x82, 0x5c, 0x90, 0x5f, 0x12, 0x52, 0x52, 0xa2,
    0x9f, 0x48, 0x8e, 0x4a, 0x0a, 0x4e, 0x42, 0x9f, 0x84, 0x44, 0x87, 0x54, 0x14, 0x54, 0x54, 0xbf,
    0x84, 0x42, 0x80, 0x44, 0x0d, 0x4c, 0x55, 0x87, 0x84, 0x5f, 0x84, 0x5f, 0x15, 0x55, 0x57, 0x84,
    0x8c, 0x12, 0xa1, 0x1e, 0x0a, 0x4a, 0x4a, 0x96, 0x9f, 0x51, 0x91, 0x5f, 0x11, 0x51, 0x51, 0x9f,
    0x9f, 0x50, 0x9f, 0x51, 0x19, 0x56, 0x52, 0xad, 0x8f, 0x49, 0x93, 0x40, 0x1f, 0x4a, 0x44, 0x9b,
    0x84, 0x44, 0x9f, 0x44, 0x0e, 0x55, 0x44, 0x84, 0x96, 0x56, 0xbf, 0x56, 0x16, 0x50, 0x50, 0x9f,
    0x84, 0x1f, 0x95, 0x15, 0x3f, 0x44, 0x4a, 0x91, 0xb4, 0x14, 0xb4, 0x24, 0x34, 0x58, 0x5a, 0xad,
    0x84, 0x5f, 0x84, 0x44, 0x1f, 0x51, 0x51, 0x9f, 0xbf, 0x2d, 0xad, 0x2d, 0x37, 0x61, 0x61, 0xbf,
    0xbf, 0x21, 0xa5, 0x25, 0x25, 0x6b, 0x71, 0xbf, 0x82, 0x5c, 0x90, 0x5f, 0x12, 0x56, 0x53, 0xa2,
    0x9e, 0x52, 0x9e, 0x52, 0x1e, 0x52, 0x52, 0xbf, 0x84, 0x5f, 0x91, 0x48, 0x09, 0x4e, 0x48, 0x8f,
    0x84, 0x47, 0x84, 0x44, 0x1f, 0x51, 0x51, 0x9f, 0x9f, 0x55, 0x95, 0x5f, 0x15, 0x55, 0x55, 0x9f,
    0x83, 0x5c, 0x84, 0x5f, 0x02, 0x54, 0x5c, 0xa3, 0x9f, 0x51, 0x9f, 0x54, 0x1f, 0x54, 0x52, 0xb9,
    0x9f, 0x44, 0x95, 0x55, 0x04, 0x5f, 0x44, 0x84, 0x9f, 0x51, 0x9f, 0x51, 0x1f, 0x51, 0x51, 0x9f,
    0x88, 0x3f, 0x8a, 0x3e, 0x28, 0x7f, 0x55, 0xa3, 0x57, 0x80, 0x57, 0xc1, 0x41, 0x49, 0x49, 0x53,
    0x90, 0x1f, 0xa1, 0x15, 0x19, 0x5d, 0x41, 0x83, 0x88, 0x5f, 0x95, 0x55, 0x15, 0x55, 0x55, 0xbf,
    0x8c, 0x12, 0xa1, 0x1e, 0x00, 0x5e, 0x52, 0x9e, 0x84, 0x55, 0x8e, 0x5f, 0x0a, 0x4a, 0x4a, 0x93,
    0x8c, 0x4e, 0x94, 0x5f, 0x04, 0x4e, 0x55, 0x84, 0x90, 0x1f, 0xa1, 0x1d, 0x15, 0x5d, 0x55, 0x9d,
    0x90, 0x17, 0xbd, 0x1d, 0x2d, 0x75, 0x5d, 0xa7, 0x9f, 0x4a, 0x9f, 0x5b, 0x1b, 0x51, 0x51, 0x9f,
    0xb9, 0x15, 0x9d, 0x2d, 0x1d, 0x4d, 0x51, 0xa3, 0x84, 0x3f, 0xa1, 0x1e, 0x00, 0x7f, 0x4a, 0xb3,
    0x8f, 0x49, 0x8f, 0x4f, 0x09, 0x4f, 0x49, 0x8b, 0x84, 0x5f, 0x95, 0x5f, 0x08, 0x4a, 0x55, 0xaf,
    0x8a, 0x5f, 0x8a, 0x53, 0x0e, 0x5a, 0x44, 0x9b, 0x84, 0x5f, 0x8e, 0x4e, 0x15, 0x44, 0x4a, 0x91,
    0x91, 0x3e, 0x94, 0x17, 0x1d, 0x75, 0x55, 0x99, 0xb1, 0x16, 0x92, 0x27, 0x36, 0x9f, 0x90, 0xaf,
    0x8a, 0x5f, 0x85, 0x5f, 0x14, 0x5f, 0x4d, 0x95, 0x84, 0x5f, 0x8e, 0x5f, 0x04, 0x5f, 0x59, 0x85,
    0x9f, 0x51, 0x9f, 0x44, 0x04, 0x5f, 0x44, 0xbf, 0x88, 0x3f, 0x92, 0x29, 0x1e, 0x5a, 0x5e, 0x8f,
    0x81, 0x2d, 0xbd, 0x15, 0x3d, 0x55, 0x69, 0x83, 0xa1, 0x37, 0xa5, 0x3f, 0x2d, 0xb7, 0xa5, 0xc1,
    0xbf, 0x08, 0x8c, 0x15, 0x2e, 0xaf, 0xb5, 0xbf, 0x8a, 0x5f, 0x8a, 0x4e, 0x0a, 0x5f, 0x4a, 0x91,
    0x84, 0x4a, 0x91, 0x4e, 0x04, 0x4e, 0x4e, 0x9f, 0x9f, 0x55, 0x9f, 0x55, 0x1f, 0x5b, 0x5f, 0x9f,
    0x8a, 0x04, 0x9a, 0x3f, 0x0e, 0x5a, 0x6e, 0x8a, 0x84, 0x5f, 0x8a, 0x55, 0x04, 0x5f, 0x44, 0x84,
    0x92, 0x3d, 0x95, 0x38, 0x32, 0x54, 0x55, 0x97, 0x84, 0x55, 0x8e, 0x5f, 0x11, 0x5f, 0x5b, 0x9f,
    0x9e, 0x15, 0xaf, 0x05, 0x3f, 0x45, 0x5f, 0x8c, 0x88, 0x3f, 0x8a, 0x3f, 0x0a, 0x7f, 0x54, 0x9f,
    0x91, 0x3e, 0x94, 0x3f, 0x35, 0x55, 0x55, 0x99, 0x85, 0x5f, 0x82, 0x4d, 0x04, 0x5f, 0x42, 0x9d,
    0x84, 0x5f, 0x91, 0x4e, 0x00, 0x5f, 0x44, 0x95, 0x92, 0x3d, 0x90, 0x1e, 0x15, 0x54, 0x56, 0xa9,
    0x84, 0x4e, 0x84, 0x5f, 0x0a, 0x57, 0x44, 0x9f, 0x84, 0x4a, 0x97, 0x40, 0x1f, 0x55, 0x5f, 0x95,
    0x8a, 0x4f, 0x9a, 0x4f, 0x0a, 0x4f, 0x4a, 0x8f, 0x9f, 0x55, 0x9f, 0x40, 0x1f, 0x51, 0x5f, 0x91,
    0x9f, 0x4a, 0x9f, 0x5b, 0x1f, 0x44, 0x4e, 0x9f, 0x8a, 0x5f, 0x8a, 0x5f, 0x02, 0x5a, 0x5a, 0x86,
    0x8c, 0x54, 0x9f, 0x55, 0x1b, 0x7f, 0x44, 0x9b, 0x82, 0x1c, 0x95, 0x28, 0x1f, 0x4a, 0x54, 0xab,
    0x88, 0x5f, 0x91, 0x5f, 0x04, 0x5f, 0x44, 0x9f, 0x9f, 0x55, 0x9f, 0x4e, 0x0e, 0x44, 0x5f, 0x84,
    0x84, 0x5f, 0x8e, 0x55, 0x0e, 0x4a, 0x4e, 0x9f, 0x8a, 0x32, 0x97, 0x3e, 0x12, 0x7a, 0x72, 0x95,
    0x8a, 0x5f, 0x8a, 0x4f, 0x04, 0x5f, 0x4e, 0x95, 0x88, 0x5f, 0x91, 0x5f, 0x05, 0x5e, 0x4e, 0x95,
    0x95, 0x5f, 0x80, 0x5f, 0x08, 0x5f, 0x55, 0x95, 0x84, 0x1f, 0x8e, 0x0a, 0x3f, 0x6f, 0x44, 0x8c,
    0x97, 0x3a, 0x97, 0x3a, 0x17, 0x7a, 0x57, 0xa2, 0xba, 0x2a, 0xbb, 0x2f, 0x3e, 0x6b, 0x7a, 0x84,
    0xbf, 0x08, 0xbf, 0x2d, 0x2d, 0x6d, 0x6d, 0xbf, 0x92, 0x3a, 0x97, 0x3b, 0x2b, 0x7b, 0x53, 0xb5,
    0x8a, 0x5f, 0x84, 0x5f, 0x15, 0x5f, 0x5f, 0x95, 0x84, 0x4a, 0x97, 0x40, 0x1d, 0x56, 0x5e, 0x95,
    0x94, 0x17, 0xbf, 0x11, 0x1a, 0x6f, 0x4a, 0x96, 0x89, 0x3f, 0x89, 0x3f, 0x2b, 0x7f, 0x5d, 0xab,
    0x9f, 0x55, 0x8b, 0x46, 0x1f, 0x7f, 0x4a, 0x91, 0x84, 0x1e, 0xbf, 0x0a, 0x3d, 0x5e, 0x56, 0xbf,
    0x8e, 0x4a, 0x8e, 0x55, 0x0e, 0x5f, 0x4a, 0x93, 0xbf, 0x21, 0xaf, 0x35, 0x2f, 0x77, 0x6d, 0xbf,
    0x84, 0x3f, 0xa5, 0x1f, 0x0a, 0x5f, 0x4e, 0x84, 0x9f, 0x1f, 0x9a, 0x2d, 0x02, 0x5f, 0x4a, 0x86,
    0xaf, 0x3d, 0x97, 0x3d, 0x3f, 0x55, 0x55, 0xab, 0x84, 0x4a, 0x95, 0x4e, 0x0a, 0x4f, 0x59, 0x8f,
    0x84, 0x4f, 0x95, 0x55, 0x1f, 0x4a, 0x44, 0x9b, 0x83, 0x1e, 0x95, 0x20, 0x0b, 0x51, 0x5b, 0x9f,
    0xe4, 0xae, 0xff, 0xae, 0xf5, 0xae, 0xae, 0xb5, 0x84, 0x5f, 0x95, 0x5f, 0x15, 0x5f, 0x59, 0xaf,
    0x9f, 0x44, 0x9f, 0x55, 0x1f, 0x42, 0x5f, 0x86, 0x84, 0x5f, 0x8a, 0x5f, 0x25, 0x5f, 0x4a, 0x96,
    0x9f, 0x51, 0x8e, 0x4a, 0x0e, 0x5f, 0x4a, 0x91, 0x8f, 0xe4, 0x8f, 0xe9, 0x69, 0xcf, 0x66, 0xc9,
    0x97, 0x32, 0xb6, 0x2f, 0x32, 0x66, 0x77, 0xab, 0x8a, 0x5f, 0x95, 0x5f, 0x0a, 0x4f, 0x5a, 0x8f,
    0xbf, 0x51, 0x9f, 0x56, 0x1f, 0x5f, 0x58, 0xaf, 0x94, 0x3c, 0x87, 0x3a, 0x02, 0x7f, 0x6a, 0xba,
    0x84, 0x5f, 0x8a, 0x5f, 0x2e, 0x5f, 0x4a, 0x9d, 0xa7, 0xfa, 0x2f, 0xe2, 0xaa, 0xfb, 0x1c, 0xeb,
    0x8a, 0x5d, 0x8a, 0x5f, 0x0a, 0x55, 0x4a, 0x8c, 0x94, 0x3c, 0x97, 0x3d, 0x3a, 0x92, 0xba, 0xd5,
    0x8a, 0x5f, 0x8e, 0x5f, 0x15, 0x4e, 0x4e, 0x84, 0xb7, 0x16, 0xb6, 0x24, 0x3f, 0x97, 0x96, 0xb5,
    0x94, 0x27, 0x7d, 0xb2, 0x35, 0x3a, 0xb7, 0xaa, 0x92, 0x3f, 0x8c, 0x3f, 0x0e, 0x9d, 0x8e, 0xb5,
    0x84, 0x5f, 0x8a, 0x4e, 0x1f, 0x55, 0x57, 0x9d, 0x88, 0x0e, 0x88, 0x3e, 0x36, 0x6a, 0x76, 0xbe,
    0x84, 0x4e, 0x9f, 0x5b, 0x0e, 0x5f, 0x4a, 0x93, 0xbf, 0x3f, 0xae, 0x24, 0x3e, 0xaa, 0xbf, 0xca,
    0x92, 0x3f, 0x92, 0x2d, 0x1e, 0x52, 0x5e, 0xa2, 0x84, 0x17, 0xbf, 0x12, 0x36, 0xbf, 0xbe, 0xe7,
    0xbf, 0x1b, 0xad, 0x08, 0x12, 0x9b, 0xbe, 0xb7, 0x9e, 0x3f, 0x9e, 0x3f, 0x15, 0x7f, 0x4a, 0x86,
    0x92, 0x3f, 0xbf, 0x12, 0x2d, 0x5e, 0x52, 0x9e, 0x92, 0x3f, 0xbf, 0x12, 0x1b, 0x5e, 0x52, 0x9e,
    0xbf, 0x2a, 0xbf, 0x0e, 0x0a, 0x4e, 0x5f, 0x84, 0x92, 0x3a, 0xbf, 0x05, 0x3d, 0x55, 0x7a, 0xbd,
    0x84, 0x5f, 0x8a, 0x5f, 0x0e, 0x4e, 0x44, 0x9f, 0x9f, 0x4a, 0x9f, 0x4e, 0x15, 0x4e, 0x4a, 0x8e,
    0x89, 0x5e, 0x88, 0x5d, 0x16, 0x5c, 0x49, 0x9e, 0x9f, 0x4a, 0x9b, 0x5f, 0x15, 0x5f, 0x55, 0x9f,
    0x84, 0x3f, 0xaa, 0x3f, 0x2d, 0xbf, 0xae, 0xd5, 0x84, 0x5f, 0x8a, 0x5f, 0x0a, 0x4e, 0x44, 0x95,
    0x88, 0x5f, 0x9b, 0x55, 0x1b, 0x7f, 0x44, 0x9b, 0x92, 0x3d, 0x90, 0x3f, 0x2a, 0xbf, 0xfa, 0x92,
    0x8e, 0x4a, 0x9f, 0x55, 0x1f, 0x44, 0x4e, 0x95, 0x9f, 0x55, 0x9f, 0x44, 0x1f, 0x4a, 0x5f, 0x84,
    0x8c, 0x3f, 0xbf, 0x26, 0x2f, 0xa6, 0xa9, 0xcf, 0x84, 0x5f, 0x8a, 0x5f, 0x0a, 0x4a, 0x4e, 0x9b,
    0x9e, 0x3f, 0xad, 0x12, 0x2d, 0x5e, 0x4a, 0x88, 0x88, 0x3f, 0x92, 0x2d, 0x12, 0x9e, 0x9e, 0xa2,
    0x9e, 0x12, 0x9e, 0x14, 0x2a, 0xbf, 0x8a, 0x95, 0x8c, 0x3f, 0xa9, 0x14, 0x2a, 0x9f, 0xaa, 0x8e,
    0xbf, 0x12, 0xbf, 0x2d, 0x33, 0xad, 0xbb, 0xa5, 0x88, 0x3f, 0xa5, 0x13, 0x1e, 0xbf, 0x84, 0x8c,
    0x84, 0x3f, 0xad, 0x1a, 0x0e, 0x4a, 0x4e, 0x91, 0x95, 0x2f, 0xa5, 0x2f, 0x22, 0xaf, 0xa2, 0xad,
    0x92, 0x3f, 0x92, 0x3f, 0x2d, 0x56, 0x4a, 0x95, 0x88, 0x3f, 0xa9, 0x16, 0x12, 0x5f, 0x41, 0xab,
    0x84, 0x3f, 0xad, 0x16, 0x3f, 0x8e, 0x9f, 0xae, 0xb5, 0x3f, 0xb2, 0x3d, 0x34, 0xbf, 0xb2, 0xed,
    0x9f, 0x51, 0x9f, 0x4a, 0x1f, 0x4a, 0x55, 0x8a, 0x8a, 0x3f, 0x94, 0x2a, 0x5f, 0x1e, 0x94, 0x9b,
    0x9d, 0x25, 0xb7, 0x1b, 0x27, 0xbd, 0x91, 0xbb, 0x8e, 0x3f, 0xa8, 0x3f, 0x2e, 0xaa, 0xad, 0xd7,
    0x88, 0x7f, 0xbe, 0x1e, 0x6b, 0x5d, 0xc9, 0xd5, 0xa4, 0x7a, 0xa1, 0x7f, 0x55, 0xff, 0xff, 0xa5,
    0xa5, 0x1f, 0xb6, 0x1f, 0x35, 0x97, 0x95, 0xa7, 0xbf, 0x2a, 0xbf, 0x2a, 0x35, 0xa6, 0xac, 0xdf,
    0x86, 0x5f, 0x93, 0x56, 0x16, 0x5f, 0x6d, 0x9f, 0x94, 0x3f, 0x9e, 0x3f, 0x16, 0xaa, 0xbe, 0xaa,
    0xbf, 0x16, 0xbf, 0x35, 0x3f, 0x55, 0x5f, 0xb5, 0xf7, 0x55, 0xf7, 0x49, 0x7f, 0xd5, 0xdd, 0xeb,
    0x94, 0x2c, 0xc7, 0x7d, 0x55, 0xfe, 0xaa, 0xd5, 0xf7, 0x77, 0xc9, 0x3f, 0x2a, 0x7e, 0xd2, 0xdb,
    0xaa, 0x5d, 0xaa, 0x5d, 0x3c, 0x9c, 0x9e, 0xa6, 0x3f, 0x69, 0x16, 0xf8, 0x09, 0xca, 0x14, 0xe3,
    0x44, 0x44, 0xee, 0xcd, 0x55, 0x46, 0xa4, 0x98, 0x5f, 0x51, 0xf1, 0xdf, 0x5b, 0x5f, 0xb1, 0x91,
    0x5f, 0x55, 0xfb, 0xd1, 0x5f, 0x5b, 0xbf, 0x91, 0x4f, 0x48, 0xef, 0xc9, 0x49, 0x4f, 0xa8, 0x8f,
    0x48, 0x4f, 0xec, 0xd7, 0x44, 0x47, 0xa4, 0x84, 0x5f, 0x44, 0xff, 0xd5, 0x55, 0x5b, 0xb1, 0x93,
    0x48, 0x4f, 0xf1, 0xcf, 0x4b, 0x4e, 0xa9, 0x8f, 0x5f, 0x55, 0xff, 0xd5, 0x55, 0x5b, 0xb1, 0x9f,
    0x24, 0x5f, 0xce, 0x55, 0x44, 0x00, 0x55, 0x95, 0x3e, 0x04, 0x69, 0x2a, 0x49, 0x10, 0x55, 0x95,
    0x48, 0x4e, 0xfa, 0xc4, 0x4a, 0x5f, 0xaa, 0x8e, 0x7f, 0x0e, 0x28, 0xff, 0x20, 0x3f, 0x01, 0xab,
    0x4e, 0x5a, 0xe4, 0xdb, 0x44, 0x4e, 0xbf, 0x84, 0x5e, 0x5e, 0xf2, 0xde, 0x55, 0x56, 0xbd, 0xb7,
    0x44, 0x5f, 0xea, 0xdf, 0x40, 0x4e, 0xaa, 0x8e, 0x4c, 0x54, 0xff, 0xd5, 0x5b, 0x5f, 0xa4, 0x9b,
    0xf7, 0xa5, 0xb7, 0x94, 0xb5, 0xf7, 0x00, 0x95, 0x5f, 0x55, 0x5f, 0x5c, 0x55, 0x9f, 0x00, 0x95,
    0x04, 0xef, 0xb9, 0xed, 0xad, 0xe3, 0x00, 0x95, 0xab, 0x22, 0x55, 0xff, 0xbd, 0x14, 0x7d, 0x13,
    0x48, 0x5f, 0xf1, 0xdf, 0x44, 0x5f, 0xa4, 0x9f, 0x42, 0x5c, 0xf5, 0xc8, 0x5f, 0x4a, 0xb4, 0x8b,
    0x4e, 0x4a, 0xee, 0xdf, 0x48, 0x4f, 0xab, 0x95, 0x7e, 0xff, 0x3c, 0x3c, 0x3c, 0x7e, 0xff, 0x95,
    0x4e, 0x5f, 0xee, 0xce, 0x4e, 0x5f, 0xbf, 0x95, 0x44, 0x4e, 0xea, 0xce, 0x40, 0x4d, 0xac, 0x97,
    0x4e, 0x44, 0xff, 0xca, 0x4e, 0x4a, 0xae, 0x9b, 0x79, 0x7f, 0x55, 0x79, 0x93, 0x4a, 0x14, 0xe3,
    0x44, 0xef, 0xfa, 0xea, 0xe6, 0x69, 0xa0, 0x55, 0x5f, 0x55, 0xff, 0xd1, 0x57, 0x57, 0xb7, 0x9b,
    0x08, 0xff, 0x7e, 0x24, 0xff, 0x24, 0x3c, 0x95, 0x4b, 0x5a, 0xff, 0xc2, 0x5a, 0x5b, 0xba, 0x85,
    0x44, 0x4e, 0xff, 0xdb, 0x4e, 0x5f, 0xaa, 0x93, 0x4a, 0x5e, 0xff, 0xd5, 0x5d, 0x5e, 0xaa, 0x9d,
    0x5f, 0x4a, 0xff, 0xce, 0x55, 0x4e, 0xae, 0x8e, 0x44, 0x5f, 0xea, 0xdf, 0x4a, 0x4e, 0xa4, 0x95,
    0x48, 0x5f, 0xfb, 0xd5, 0x5b, 0x5f, 0xa4, 0x9b, 0x57, 0x5d, 0xfd, 0xd8, 0x5f, 0x5d, 0xba, 0x85,
    0x55, 0x4f, 0xf6, 0xcb, 0x56, 0x5b, 0xb4, 0xaf, 0x52, 0x4f, 0xf5, 0xcf, 0x52, 0x57, 0xb2, 0xaf,
    0x44, 0x4e, 0xff, 0xce, 0x55, 0x4f, 0xad, 0xbf, 0xf7, 0x66, 0xbb, 0x66, 0xdc, 0x49, 0x14, 0xe3,
    0x5f, 0x45, 0xef, 0xc5, 0x4a, 0x5f, 0xaa, 0xaf, 0x55, 0x4e, 0xfb, 0xce, 0x55, 0x5f, 0xae, 0x95,
    0x46, 0x5f, 0xf3, 0xd6, 0x56, 0x5f, 0xad, 0x9f, 0x5f, 0x55, 0xff, 0xdf, 0x5f, 0x55, 0xbf, 0x95,
    0x1c, 0x3e, 0x7f, 0x7f, 0x7f, 0x7f, 0x2a, 0x77, 0x7c, 0x4a, 0xbe, 0x0a, 0xff, 0x0a, 0x7e, 0x18,
    0x1f, 0xed, 0x6f, 0x68, 0x69, 0x6f, 0x50, 0x8f, 0x06, 0x7a, 0x49, 0xff, 0x20, 0x3e, 0x44, 0xbb,
    0x06, 0x79, 0x45, 0xbe, 0x22, 0x3f, 0x41, 0xab, 0x24, 0x18, 0x66, 0x24, 0x28, 0x18, 0x34, 0xc3,
    0x2e, 0xaa, 0x4e, 0xaa, 0x2e, 0xaa, 0x4a, 0xbf, 0x22, 0x22, 0x3e, 0x02, 0x7e, 0x12, 0x12, 0x62,
    0xa4, 0xa4, 0xff, 0x24, 0xee, 0x75, 0x64, 0xa4, 0xa4, 0xbf, 0xea, 0x35, 0xff, 0x71, 0x75, 0xbf,
    0xa5, 0xbf, 0xe2, 0x8d, 0xe4, 0xbf, 0xa2, 0xad, 0xa4, 0xbf, 0xee, 0x9b, 0xff, 0xaa, 0xae, 0xbb,
    0xc2, 0xfc, 0xd4, 0x5f, 0x74, 0xd2, 0x59, 0x7f, 0xaf, 0xf4, 0xaf, 0x25, 0x3f, 0xef, 0x29, 0x2f,
    0x74, 0xff, 0x77, 0xad, 0x3e, 0x48, 0xff, 0x08, 0x75, 0xfd, 0x75, 0xab, 0x3e, 0x48, 0xff, 0x08,
    0x28, 0x3e, 0xff, 0xca, 0xef, 0x42, 0xef, 0x42, 0xc4, 0xff, 0xca, 0x4e, 0x7f, 0xdf, 0x5b, 0x5f,
    0xab, 0x22, 0x55, 0xff, 0xa9, 0x7e, 0xff, 0x08, 0xa4, 0xff, 0xae, 0x3b, 0x3f, 0xea, 0x2e, 0x3b,
    0xca, 0xff, 0xce, 0x5f, 0x6d, 0xdf, 0x4a, 0x5d, 0xa5, 0x44, 0x7f, 0xa4, 0x64, 0xa4, 0x2d, 0x57,
    0xa2, 0x42, 0x6f, 0xa2, 0x66, 0xaa, 0x22, 0x46, 0xbe, 0x4a, 0x6a, 0xbf, 0x6a, 0xaa, 0x2a, 0x5f,
    0xa4, 0x5f, 0x75, 0xb5, 0x7f, 0xa4, 0x24, 0x44, 0xa4, 0x55, 0x75, 0xa4, 0x64, 0xa4, 0x2a, 0x51,
    0xbf, 0x55, 0x7f, 0xb5, 0x7f, 0xa4, 0x24, 0x44, 0xaa, 0x5f, 0x6b, 0xbf, 0x7a, 0xbf, 0x2b, 0x52,
    0xa8, 0x4e, 0x7a, 0xa4, 0x6a, 0xbf, 0x2a, 0x4e, 0xbe, 0x52, 0x7e, 0xb2, 0x7e, 0xb5, 0x32, 0x59,
    0xa4, 0x5f, 0x6a, 0xb1, 0x6a, 0xaa, 0x24, 0x5b, 0xa4, 0x5f, 0x6e, 0xae, 0x75, 0xa4, 0x2a, 0x51,
    0xaf, 0x49, 0x7f, 0xaf, 0x69, 0xaf, 0x29, 0x4b, 0x2e, 0x5a, 0xe4, 0x7b, 0x65, 0x7f, 0x64, 0x5b,
    0xa4, 0x5f, 0x6a, 0xb1, 0x7f, 0xb5, 0x3d, 0x43, 0xa4, 0x4b, 0x69, 0xad, 0x69, 0xaf, 0x26, 0x5b,
    0xa4, 0x5f, 0x64, 0xbf, 0x6f, 0xad, 0x2f, 0x49, 0xae, 0x4e, 0x6e, 0xa0, 0x7f, 0xbf, 0x31, 0x5f,
    0xa4, 0x5f, 0x6a, 0xb5, 0x64, 0xbf, 0x24, 0x44, 0xae, 0x52, 0x7f, 0xb4, 0x77, 0xbf, 0x32, 0x55,
    0xb5, 0x5f, 0x60, 0xbf, 0x68, 0xbf, 0x35, 0x55, 0xaf, 0x49, 0x6f, 0xaf, 0x74, 0xaf, 0x24, 0x5f,
    0xaf, 0x4f, 0x6f, 0xa0, 0x7f, 0xad, 0x2a, 0x5d, 0xae, 0x4a, 0x7f, 0xb1, 0x6e, 0xaa, 0x2e, 0x4a,
    0xa7, 0xea, 0x3f, 0xe2, 0xaa, 0xff, 0x08, 0xf7, 0xaa, 0x5f, 0x60, 0xae, 0x6a, 0xbf, 0x24, 0x5b,
    0xf5, 0xb5, 0xb4, 0xff, 0x24, 0xf4, 0x0a, 0xd1, 0xbf, 0x52, 0x7a, 0xbf, 0x7f, 0xbe, 0x32, 0x65,
    0xa4, 0x5b, 0x7f, 0xb5, 0x7f, 0xae, 0x2e, 0x4e, 0xbf, 0x55, 0x7f, 0xa9, 0x7d, 0xbd, 0x2d, 0x5b,
    0xbf, 0x55, 0x77, 0xaf, 0x7e, 0xbe, 0x3f, 0x48, 0xf5, 0xf4, 0xdf, 0xf4, 0x04, 0xf4, 0x9a, 0xf1,
    0xb5, 0x5f, 0x75, 0xbf, 0x77, 0xbd, 0x35, 0x61, 0x13, 0x7a, 0x7f, 0x7a, 0x52, 0x6a, 0x7d, 0xd5,
    0x97, 0x79, 0xd7, 0x7d, 0xd7, 0x7d, 0x57, 0xbd, 0xe8, 0x5f, 0x4d, 0xed, 0x4d, 0x6d, 0xd5, 0x27,
    0xed, 0x54, 0x7f, 0xf4, 0x54, 0x72, 0xd2, 0x11, 0xe8, 0x4f, 0x54, 0xe4, 0x4e, 0x6d, 0xd5, 0x04,
    0xe4, 0x5f, 0x55, 0xf4, 0x5e, 0x7a, 0xd4, 0x2b, 0xe4, 0x4f, 0x49, 0xe9, 0x4f, 0x69, 0xc9, 0x0f,
    0xff, 0x4a, 0x4e, 0xea, 0x4e, 0x6b, 0xde, 0x02, 0xff, 0x51, 0x5f, 0xf5, 0x5f, 0x7f, 0xdf, 0x25,
    0xe8, 0x4e, 0x5a, 0xe4, 0x4a, 0x7f, 0xca, 0x0e, 0xff, 0x5b, 0x5b, 0xfb, 0x4a, 0x7f, 0xd5, 0x1f,
    0xe8, 0x5e, 0x52, 0xfe, 0x52, 0x7e, 0xd4, 0x1b, 0xeb, 0x5f, 0x56, 0xff, 0x57, 0x7f, 0xd2, 0x1a,
    0xe4, 0x47, 0x5f, 0xf5, 0x5f, 0x7e, 0xd6, 0x2b, 0xff, 0x44, 0x4f, 0xe5, 0x5f, 0x6f, 0xc9, 0x0f,
    0xea, 0x5b, 0x4a, 0xfb, 0x4a, 0x7b, 0xca, 0x12, 0x12, 0xe7, 0x52, 0xe7, 0x42, 0x6a, 0xcd, 0x17,
    0xff, 0x55, 0x5f, 0xf0, 0x5f, 0x75, 0xda, 0x15, 0xff, 0x55, 0x5f, 0xee, 0x4e, 0x64, 0xdf, 0x04,
    0xf7, 0x42, 0xf7, 0x08, 0x5a, 0x55, 0x99, 0x6e, 0xf5, 0x4a, 0x55, 0xff, 0x5b, 0x75, 0xdb, 0x1f,
    0xff, 0x51, 0x5f, 0xf1, 0x4e, 0x6a, 0xce, 0x0a, 0xe4, 0x4a, 0x57, 0xe0, 0x5d, 0x76, 0xde, 0x15,
    0xab, 0x22, 0x55, 0xff, 0x89, 0x7e, 0x0a, 0xff, 0xe8, 0x5f, 0x5f, 0xf5, 0x5f, 0x6d, 0xce, 0x17,
    0xed, 0x54, 0x5f, 0xf1, 0x5f, 0x71, 0xdf, 0x3b, 0xff, 0x54, 0x5e, 0xf4, 0x5f, 0x61, 0xd5, 0x2a,
    0xe3, 0x5c, 0x5f, 0xe4, 0x5f, 0x64, 0xd5, 0x1f, 0xea, 0x5f, 0x4a, 0xff, 0x55, 0x7f, 0xce, 0x1f,
    0xe4, 0x5f, 0x4a, 0xff, 0x4e, 0x6a, 0xdf, 0x04, 0xf5, 0x5f, 0x4a, 0xff, 0x44, 0x7f, 0xca, 0x11,
    0x72, 0x5f, 0x75, 0xcf, 0x72, 0x7f, 0x3e, 0xff, 0xec, 0x5e, 0x5e, 0xff, 0x4e, 0x7f, 0xc6, 0x1d,
    0xea, 0x5f, 0x56, 0xfd, 0x5a, 0x7b, 0xda, 0x2b, 0xfb, 0x5b, 0x51, 0xe4, 0x5f, 0x6a, 0xc6, 0x19,
    0xf5, 0x4a, 0x40, 0xe4, 0x5f, 0x6a, 0xc6, 0x19, 0x21, 0xfe, 0x56, 0xae, 0x7e, 0x36, 0x55, 0x29,
    0x4a, 0xff, 0xbd, 0xff, 0x5a, 0xff, 0x5a, 0xaa, 0xf2, 0x42, 0x77, 0x52, 0x72, 0x52, 0x70, 0x9f,
    0xf1, 0x46, 0x72, 0x57, 0x72, 0x52, 0x70, 0x9f, 0x24, 0xd3, 0x24, 0x7a, 0xff, 0x2c, 0x35, 0xc7,
    0xf3, 0x4e, 0x72, 0x5b, 0x7f, 0x52, 0x73, 0x9f, 0xf6, 0x49, 0x70, 0x5f, 0x75, 0x55, 0x7b, 0x9f,
    0xf2, 0x4c, 0x77, 0x5c, 0x77, 0x5c, 0x77, 0x9f, 0xf7, 0x42, 0x77, 0x55, 0x77, 0x55, 0x77, 0x9f,
    0x88, 0x0f, 0x54, 0x9b, 0xff, 0x2c, 0x35, 0xc7, 0xff, 0x68, 0xfe, 0xfa, 0x4e, 0xea, 0x4e, 0xf3,
    0x12, 0xeb, 0x72, 0xad, 0xff, 0x2c, 0x35, 0xc7, 0xff, 0x44, 0x77, 0x57, 0x77, 0x5a, 0x77, 0x9f,
    0xff, 0xe8, 0xee, 0x8a, 0xee, 0xea, 0xee, 0xf3, 0x2f, 0xf8, 0x7e, 0x7a, 0x7e, 0xfa, 0x2e, 0x73,
    0x24, 0xff, 0x5a, 0xff, 0x81, 0x7c, 0x2d, 0xf7, 0x08, 0xff, 0x6e, 0xae, 0xff, 0x2c, 0x35, 0xc7,
    0x72, 0x5f, 0x75, 0xdf, 0x72, 0xfc, 0x2d, 0xf7, 0x4a, 0xff, 0xa5, 0x3c, 0x00, 0xff, 0x42, 0x7e,
    0xf4, 0x46, 0xe7, 0xea, 0xe7, 0x42, 0x4f, 0xbf, 0x7f, 0x14, 0x7f, 0x49, 0x7f, 0x49, 0x7f, 0x49,
    0x7e, 0x4a, 0x7e, 0x4a, 0x7e, 0xff, 0x08, 0x18, 0x91, 0x49, 0x02, 0x7f, 0x49, 0x7f, 0x49, 0x7f,
    0x04, 0xea, 0xf1, 0xea, 0xea, 0xea, 0x0a, 0x12, 0x0a, 0xff, 0xea, 0xea, 0xff, 0xea, 0x0a, 0x12,
    0x04, 0xff, 0xe4, 0xff, 0xe4, 0xe4, 0x0a, 0x11, 0x04, 0xea, 0xf1, 0xe4, 0xea, 0xe5, 0x02, 0x0c,
    0x44, 0xf4, 0x04, 0xe4, 0xe4, 0xe8, 0xea, 0xfd, 0x24, 0x7a, 0xff, 0x14, 0xe3, 0x3e, 0x2a, 0x3e,
    0x04, 0xff, 0xe4, 0xe9, 0xfa, 0xec, 0x0a, 0x1d, 0x04, 0xee, 0xe4, 0xff, 0xe2, 0xff, 0x02, 0x0a,
    0x7e, 0x7e, 0x4a, 0x7e, 0x64, 0x18, 0xe7, 0x3c, 0x08, 0x3e, 0xff, 0x3e, 0xff, 0x2a, 0x3e, 0xff,
    0x04, 0xea, 0xff, 0xe4, 0xff, 0xe4, 0x15, 0x15, 0x04, 0xff, 0xea, 0xf1, 0xff, 0xf5, 0x1d, 0x03,
    0x4a, 0xff, 0xa5, 0x3c, 0x00, 0x7e, 0x4a, 0x7e, 0xff, 0x2e, 0x6e, 0x5f, 0x6e, 0xee, 0x6e, 0xff,
    0x04, 0xff, 0xee, 0xff, 0xe4, 0xff, 0x19, 0x05, 0x04, 0xff, 0xe4, 0xff, 0xea, 0xff, 0x12, 0x0a,
    0x3e, 0x3e, 0x77, 0x77, 0xff, 0xbd, 0x24, 0xff, 0x3e, 0x3e, 0x77, 0x77, 0xff, 0x95, 0x2c, 0xff,
    0x3e, 0xff, 0x36, 0x41, 0xff, 0xbd, 0x24, 0xff, 0x08, 0x7f, 0x40, 0xdf, 0x44, 0xc4, 0x44, 0x8c,
    0x08, 0x7f, 0x48, 0xce, 0x52, 0xc4, 0x4c, 0xb3, 0x08, 0x7f, 0x40, 0xc4, 0x44, 0xd5, 0x55, 0x9f,
    0x08, 0x7f, 0x44, 0xca, 0x51, 0xca, 0x4a, 0x92, 0x08, 0x7f, 0x4a, 0xff, 0x48, 0xc8, 0x59, 0xaf,
    0x08, 0x7f, 0x50, 0xff, 0x55, 0xd5, 0x55, 0xaf, 0x08, 0x7f, 0x52, 0xff, 0x52, 0xde, 0x52, 0x9e,
    0x08, 0x7f, 0x44, 0xff, 0x44, 0xda, 0x4d, 0xbf, 0x08, 0x7f, 0x4a, 0xcf, 0x5a, 0xda, 0x5e, 0xb3,
    0x08, 0x7f, 0x52, 0xde, 0x52, 0xde, 0x52, 0xbf, 0x08, 0x7f, 0x5e, 0xd2, 0x5e, 0xd2, 0x5e, 0xbf,
    0x08, 0x7f, 0x4e, 0xd2, 0x4c, 0xf3, 0x4c, 0x86, 0x08, 0x7f, 0x5f, 0xe1, 0x5d, 0xdc, 0x51, 0x9f,
    0x08, 0x7f, 0x5f, 0xc5, 0x4f, 0xdd, 0x46, 0xb9, 0x08, 0x7f, 0x4a, 0xfd, 0x44, 0xde, 0x44, 0xbf,
    0x08, 0x7f, 0x51, 0xca, 0x5f, 0xc4, 0x5f, 0x84, 0x08, 0x7f, 0x55, 0xea, 0x55, 0xdf, 0x44, 0xbf,
    0x08, 0x7f, 0x44, 0xff, 0x44, 0xde, 0x59, 0xae, 0x08, 0x7f, 0x5f, 0xce, 0x75, 0xde, 0x52, 0x9e,
    0x08, 0x7f, 0x77, 0xef, 0x7b, 0xef, 0x71, 0xa3, 0x08, 0x7f, 0x7f, 0xce, 0x55, 0xff, 0x4a, 0x8f,
    0x08, 0x7f, 0x65, 0xff, 0x65, 0xef, 0x6b, 0xbf, 0x08, 0x7f, 0x44, 0xdf, 0x4a, 0xd5, 0x7f, 0x84,
    0x08, 0x7f, 0x55, 0xca, 0x75, 0xd5, 0x4a, 0xb1, 0x08, 0x7f, 0x48, 0xde, 0x5e, 0xca, 0x7f, 0x82,
    0x08, 0x7f, 0x52, 0xff, 0x52, 0xff, 0x7f, 0x92, 0x08, 0x7f, 0x52, 0xff, 0x52, 0xff, 0x76, 0x92,
    0x08, 0x7f, 0x7e, 0xfe, 0x6a, 0xfe, 0x4e, 0xb9, 0x08, 0x7f, 0x5e, 0xd2, 0x7e, 0xdf, 0x6b, 0x95,
    0x08, 0x7f, 0x4c, 0xf3, 0x59, 0xda, 0x5a, 0x99, 0x08, 0x7f, 0x56, 0xda, 0x5e, 0xdf, 0x55, 0xbf,
    0x08, 0x7f, 0x46, 0xdf, 0x5a, 0xd6, 0x5f, 0xa4, 0x08, 0x7f, 0x55, 0xca, 0x7f, 0xca, 0x4e, 0x8a,
    0x08, 0x7f, 0x4a, 0xd5, 0x4e, 0xcf, 0x59, 0xaf, 0x08, 0x7f, 0x53, 0xfb, 0x6d, 0xff, 0x6a, 0xad,
    0x08, 0x7f, 0x57, 0xe3, 0x75, 0xde, 0x5a, 0x9e, 0x08, 0x7f, 0x5c, 0xff, 0x54, 0xdc, 0x7f, 0x88,
    0x08, 0x7f, 0x55, 0xdf, 0x4a, 0xd4, 0x4e, 0x95, 0x08, 0x7f, 0x4e, 0xdf, 0x4e, 0xdf, 0x4a, 0x8f,
    0x08, 0x7f, 0x7f, 0xed, 0x7f, 0xe1, 0x6d, 0xad, 0x04, 0x7f, 0x6d, 0xd2, 0x6d, 0xdb, 0x4a, 0x95,
    0x08, 0x7f, 0x7f, 0xd2, 0x6d, 0xff, 0x49, 0xb3, 0x08, 0x7f, 0x5b, 0xdd, 0x5f, 0xd5, 0x5a, 0xa5,
    0x08, 0x7f, 0x52, 0xff, 0x5e, 0xff, 0x67, 0xad, 0x08, 0x7f, 0x69, 0xff, 0x52, 0xff, 0x56, 0xa9,
    0x08, 0x7f, 0x4a, 0xff, 0x4e, 0xfb, 0x4e, 0x99, 0x08, 0x7f, 0x5e, 0xff, 0x69, 0xdf, 0x74, 0x9f,
    0x08, 0x7f, 0x4a, 0xff, 0x6b, 0xff, 0x5b, 0xad, 0x08, 0x7f, 0x4a, 0xf7, 0x7a, 0xd7, 0x7f, 0xb5,
    0x08, 0x7f, 0x5a, 0xdf, 0x5a, 0xd7, 0x56, 0xaf, 0x08, 0x7f, 0x55, 0xfa, 0x6f, 0xfa, 0x47, 0xaa,
    0x08, 0x7f, 0x5a, 0xef, 0x7e, 0xff, 0x66, 0xbf, 0x08, 0x7f, 0x6f, 0xf2, 0x7f, 0xed, 0x7f, 0xad,
    0x00, 0x38, 0x0a, 0x55, 0x22, 0xc1, 0x00, 0x00, 0x3a, 0x55, 0x22, 0xdd, 0x08, 0x7f, 0x14, 0xe3,
    0x3a, 0x55, 0x22, 0xd7, 0x2a, 0x75, 0x12, 0x6d, 0x10, 0xff, 0x81, 0xff, 0x02, 0x4c, 0x71, 0x7f,
    0x10, 0x7e, 0x42, 0x7e, 0x42, 0x7e, 0x29, 0xcf, 0x4f, 0xe8, 0xaf, 0xe9, 0xad, 0xaa, 0xea, 0x15,
    0x10, 0x7e, 0x42, 0x7e, 0xff, 0x2a, 0xdd, 0x08, 0x44, 0xff, 0xaa, 0xf1, 0xaa, 0xaa, 0xe4, 0x1b,
    0x44, 0xff, 0xb1, 0xee, 0xa0, 0xbf, 0xea, 0x13, 0x4a, 0xef, 0xb2, 0xff, 0xa0, 0xaf, 0xe9, 0x0f,
    0x21, 0xfe, 0x6f, 0xaa, 0x32, 0x7e, 0x7e, 0x7e, 0x55, 0xff, 0xa0, 0xff, 0xb1, 0xbf, 0xea, 0x3f,
    0x28, 0xff, 0xb1, 0xaf, 0xfb, 0xde, 0xa9, 0xdf, 0x52, 0xff, 0x6b, 0xba, 0x7f, 0xdd, 0x2a, 0xd5,
    0xe4, 0xff, 0x55, 0xf4, 0xfe, 0x5a, 0xf4, 0x4b, 0x2f, 0xfb, 0xaf, 0xa7, 0xf7, 0xd2, 0xaf, 0xd2,
    0x42, 0x7f, 0xbb, 0x5a, 0x6f, 0xbd, 0x5a, 0xad, 0x7e, 0x08, 0xff, 0x08, 0x18, 0x7f, 0x55, 0xff,
    0x08, 0x3e, 0xff, 0x12, 0x7d, 0x7f, 0x55, 0xff, 0x14, 0x7f, 0x08, 0x3e, 0xff, 0x7f, 0x55, 0xff,
    0x1c, 0xe3, 0x3e, 0x22, 0x3e, 0x7f, 0x55, 0xff, 0x12, 0xff, 0x19, 0x67, 0x1d, 0x7f, 0x55, 0xff,
    0x08, 0x3e, 0xff, 0x3e, 0xd5, 0x7e, 0x5a, 0xff, 0x2b, 0xfd, 0x9f, 0xeb, 0x99, 0x7e, 0x5a, 0xff,
    0x0c, 0x7f, 0x4e, 0x79, 0x5e, 0x7f, 0x55, 0xff, 0x8e, 0x8a, 0x1f, 0x4b, 0x95, 0x7f, 0x55, 0xff,
    0x24, 0xff, 0x8e, 0x4f, 0x95, 0x7f, 0x55, 0xff, 0xe4, 0xaa, 0xff, 0xa4, 0xe6, 0xaa, 0xe2, 0x06,
    0xe4, 0xbf, 0xf5, 0xa4, 0xe4, 0xac, 0xed, 0x17, 0xe4, 0xa4, 0xee, 0xad, 0xf5, 0xa2, 0xe4, 0x18,
    0xef, 0xb4, 0xf7, 0xb5, 0xf5, 0xbf, 0xf1, 0x03, 0xe4, 0xbf, 0xe4, 0xa8, 0xfa, 0xa4, 0xea, 0x1d,
    0xef, 0xa9, 0xef, 0xac, 0xef, 0xac, 0xed, 0x17, 0x26, 0x39, 0x3f, 0x52, 0x5e, 0x52, 0x7e, 0xe3,
    0x25, 0xb6, 0xa4, 0xf7, 0x3e, 0x22, 0x3e, 0x22, 0xea, 0xaa, 0xef, 0xba, 0xfa, 0xba, 0xfe, 0x33,
    0xe4, 0xae, 0xe4, 0xbf, 0xe4, 0xae, 0xf5, 0x04, 0x52, 0xff, 0x42, 0xbd, 0x24, 0x3c, 0x24, 0x3c,
    0xe4, 0xa9, 0xff, 0xaa, 0xef, 0xb2, 0xff, 0x02, 0xea, 0xbf, 0xe5, 0xbf, 0xf4, 0xbf, 0xed, 0x15,
    0xef, 0xa8, 0xea, 0xaf, 0xea, 0xaf, 0xea, 0x17, 0xe4, 0xab, 0xe9, 0xad, 0xe9, 0xaf, 0xe6, 0x1b,
    0xe4, 0xbf, 0xee, 0xae, 0xee, 0xb7, 0xfc, 0x13, 0xe4, 0xaf, 0xe4, 0xbf, 0xef, 0xad, 0xef, 0x09,
    0xe8, 0xbf, 0xf5, 0xbf, 0xff, 0xaa, 0xff, 0x02, 0x1c, 0xff, 0xa5, 0x5a, 0x24, 0xff, 0x3c, 0x3c,
    0x7f, 0x55, 0x7f, 0x1c, 0xf7, 0x3e, 0xff, 0x08, 0xe5, 0xaf, 0xe6, 0xbf, 0xe5, 0xaf, 0xf5, 0x07,
    0xe4, 0xbf, 0xf5, 0xae, 0xe4, 0xbf, 0xea, 0x0e, 0xea, 0xad, 0xef, 0xba, 0xfe, 0xbf, 0xea, 0x11,
    0xff, 0xb1, 0xee, 0xae, 0xe4, 0xbf, 0xea, 0x11, 0xea, 0xbf, 0xf1, 0xae, 0xea, 0xae, 0xe4, 0x1f,
    0xea, 0xbf, 0xea, 0xbf, 0xf5, 0xbf, 0xff, 0x15, 0xfa, 0xbe, 0xf7, 0xbd, 0xf5, 0xbd, 0xf6, 0x05,
    0xe4, 0xbf, 0xf5, 0xbf, 0xee, 0xae, 0xee, 0x11, 0xff, 0xaa, 0xff, 0xb5, 0xeb, 0xa6, 0xea, 0x1d,
    0x77, 0x77, 0x77, 0x24, 0x3f, 0x64, 0xbe, 0x3f, 0xe4, 0xaa, 0xf1, 0xbf, 0xf5, 0xbf, 0xea, 0x15,
    0x24, 0xff, 0x77, 0x56, 0xff, 0x7e, 0x42, 0x7e, 0xee, 0xa6, 0xff, 0xaa, 0xff, 0xa6, 0xe9, 0x0f,
    0xea, 0xbf, 0xea, 0xbf, 0xed, 0xb6, 0xea, 0x15, 0x77, 0x77, 0x3e, 0xe4, 0x3e, 0x24, 0x18, 0xe7,
    0xff, 0x5c, 0xb5, 0xae, 0x88, 0xee, 0xee, 0xff, 0xff, 0xbf, 0xf5, 0xbf, 0xe9, 0xbd, 0xed, 0x3b,
    0xf4, 0x5a, 0x21, 0xfe, 0x30, 0x6e, 0xa2, 0x62, 0x10, 0x22, 0xfd, 0x3e, 0x48, 0xff, 0x14, 0xe3,
    0x82, 0xfc, 0x5f, 0xee, 0x55, 0x5f, 0xaa, 0x8f, 0xf7, 0x42, 0x42, 0x72, 0xd2, 0x52, 0x72, 0x0f,
    0xeb, 0x4b, 0x7f, 0xeb, 0x6b, 0x6b, 0x6d, 0x03, 0xea, 0x4a, 0x4f, 0x6a, 0xea, 0x6a, 0x6e, 0x1b,
    0xe4, 0x5f, 0x56, 0x7f, 0xf6, 0x76, 0x76, 0x29, 0xf7, 0x45, 0x47, 0x75, 0xd7, 0x55, 0x75, 0x0f,
    0xff, 0x56, 0x5f, 0x76, 0xf6, 0x7f, 0x1f, 0x29, 0xe4, 0x4e, 0x44, 0x7f, 0xe4, 0x6e, 0x64, 0x1f,
    0xe4, 0x5f, 0x4a, 0xea, 0x75, 0x7f, 0x64, 0x04, 0xea, 0x5f, 0x40, 0x6a, 0xeb, 0x7a, 0x6a, 0x0b,
    0x84, 0x1f, 0x95, 0x5e, 0xa9, 0xff, 0x62, 0xbe, 0xff, 0x55, 0x5f, 0x75, 0xff, 0x75, 0x15, 0x2b,
    0xf4, 0x5f, 0x4a, 0x7f, 0xe0, 0x6e, 0x6a, 0x0e, 0xef, 0x5e, 0x44, 0x7f, 0xe4, 0x75, 0x6e, 0x15,
    0xee, 0x4a, 0x4e, 0x68, 0xef, 0x79, 0x6d, 0x02, 0xe7, 0x44, 0x4f, 0x69, 0xef, 0x69, 0x6f, 0x19,
    0xea, 0x5f, 0x4a, 0x6e, 0xea, 0x7f, 0x74, 0x1f, 0xf5, 0x4a, 0x55, 0x7f, 0xd3, 0x59, 0x77, 0x1f,
    0xf5, 0x5f, 0x40, 0x7f, 0xf1, 0x7f, 0x6a, 0x1f, 0xfe, 0x4a, 0x5f, 0x71, 0xee, 0x6a, 0x6e, 0x0a,
    0xea, 0x5f, 0x44, 0x7f, 0xe8, 0x6f, 0x72, 0x0f, 0xe9, 0x57, 0x5d, 0x6f, 0xf5, 0x7f, 0x6e, 0x15,
    0xff, 0x59, 0x5f, 0x7a, 0xfe, 0x7f, 0x6e, 0x2d, 0xff, 0x4a, 0x4f, 0x6a, 0xef, 0x61, 0x75, 0x02,
    0xe4, 0x5f, 0x4a, 0x7f, 0xe5, 0x7f, 0x6a, 0x16, 0xff, 0x7e, 0xa2, 0x3e, 0xf7, 0x77, 0xdd, 0x77,
    0xff, 0x25, 0x7f, 0x76, 0x89, 0xff, 0x3e, 0xde, 0xe4, 0x5f, 0x44, 0x7f, 0xee, 0x6a, 0x6e, 0x1b,
    0xe4, 0x5f, 0x56, 0x7e, 0xf6, 0x7f, 0x6a, 0x06, 0xe4, 0x4e, 0x5f, 0x7b, 0xee, 0x7f, 0x6a, 0x13,
    0xfd, 0x4a, 0x51, 0x6e, 0xea, 0x6e, 0x64, 0x1f, 0xe8, 0x5f, 0x5b, 0x75, 0xfb, 0x7f, 0x64, 0x1b,
    0xea, 0x5f, 0x64, 0x7f, 0xec, 0x7f, 0x6a, 0x1d, 0xea, 0x5f, 0x51, 0x6e, 0xea, 0x7f, 0x75, 0x1f,
    0xf7, 0x5a, 0x57, 0x7b, 0xee, 0x7f, 0x16, 0x29, 0x52, 0xef, 0x5a, 0xf7, 0xff, 0x22, 0xff, 0x3e,
    0xf5, 0x5f, 0x5d, 0x6b, 0xff, 0x64, 0x6e, 0x15, 0xef, 0x09, 0xe9, 0x4f, 0xe8, 0xc8, 0x49, 0x4f,
    0xff, 0x01, 0xfd, 0x41, 0xfd, 0xd5, 0x5d, 0x43, 0xe2, 0x1c, 0xf4, 0x5f, 0xf4, 0xd2, 0x59, 0x7f,
    0x2a, 0x3e, 0x49, 0x7f, 0x3e, 0xff, 0x2a, 0xc9, 0xe8, 0x0f, 0xec, 0x57, 0xe4, 0xc7, 0x44, 0x44,
    0xe4, 0x02, 0xe8, 0x59, 0xea, 0xcd, 0x58, 0x67, 0xe5, 0x04, 0xff, 0x44, 0xe5, 0xc5, 0x4a, 0x55,
    0xea, 0x1f, 0xea, 0x4e, 0xea, 0xdf, 0x4a, 0x51, 0xef, 0x1e, 0xe4, 0x5f, 0xe4, 0xd5, 0x4e, 0x55,
    0xd7, 0x3b, 0xd3, 0x7d, 0xe4, 0xdf, 0x44, 0x5b, 0xef, 0x0f, 0xea, 0x53, 0xee, 0xda, 0x44, 0x5b,
    0xe4, 0x1f, 0xee, 0x4a, 0xee, 0xdf, 0x4a, 0x4e, 0x08, 0xff, 0xee, 0x6f, 0xa2, 0x7e, 0x7e, 0xaa,
    0xfb, 0x1b, 0xe0, 0x5f, 0xf5, 0xdf, 0x5f, 0x44, 0xea, 0x1f, 0xfb, 0x5f, 0xf1, 0xdf, 0x4a, 0x5f,
    0xe4, 0x1f, 0xf5, 0x5f, 0xee, 0xdf, 0x5a, 0x6d, 0x0f, 0xf8, 0x7e, 0x4a, 0x7e, 0xff, 0x8d, 0xbb,
    0x7e, 0x4a, 0x7e, 0x4a, 0xff, 0x89, 0x8d, 0xbb, 0x3c, 0xff, 0x0a, 0xff, 0x0a, 0x7e, 0x2a, 0xc9,
    0x1a, 0xea, 0x2a, 0xff, 0x2a, 0x7a, 0xae, 0x2b, 0x24, 0xdf, 0x55, 0xf5, 0x5f, 0xe4, 0xca, 0x51,
    0x1f, 0xe8, 0x2f, 0xf9, 0x29, 0x7f, 0xa8, 0x2f, 0x16, 0xe5, 0x2f, 0xf4, 0x25, 0x77, 0xaa, 0x35,
    0x24, 0xdf, 0x44, 0xee, 0x44, 0xee, 0xd5, 0x44, 0x2f, 0xc9, 0x4f, 0xe0, 0x4f, 0xe2, 0xdf, 0x42,
    0x2d, 0xd4, 0x4f, 0xe9, 0x4f, 0xe9, 0xcf, 0x49, 0x2a, 0xdf, 0x4a, 0xee, 0x4a, 0xff, 0xca, 0x51,
    0x22, 0xcf, 0x52, 0xf7, 0x55, 0xf7, 0xd5, 0x5f, 0x3f, 0xd5, 0x5f, 0xf5, 0x5f, 0xff, 0xdb, 0x6f,
    0x08, 0xff, 0x5d, 0x55, 0x7f, 0xff, 0x2a, 0xc9, 0x08, 0xff, 0x55, 0x5d, 0x7f, 0xff, 0x2a, 0x49,
    0x2f, 0xdb, 0x54, 0xee, 0x4e, 0xfe, 0xdf, 0x4a, 0x03, 0xfe, 0x55, 0xe0, 0x4b, 0xf1, 0xdb, 0x5f,
    0x7f, 0x3e, 0x7f, 0x5d, 0x55, 0x1e, 0xff, 0x2a, 0x3f, 0xdf, 0x4a, 0xf3, 0x4e, 0xfa, 0xc4, 0x5b,
    0x24, 0xdf, 0x51, 0xea, 0x55, 0xee, 0xdb, 0x4e, 0x24, 0xdf, 0x4e, 0xee, 0x5f, 0xea, 0xd9, 0x4e,
    0x2f, 0xc9, 0x4f, 0xf4, 0x5e, 0xff, 0xcf, 0x54, 0x24, 0xdf, 0x4a, 0xf5, 0x5f, 0xf1, 0xd5, 0x5f,
    0x22, 0xcb, 0x5f, 0xe0, 0x5f, 0xf5, 0xda, 0x55, 0x2f, 0xd5, 0x5e, 0xef, 0x42, 0xee, 0xd5, 0x6f,
    0x24, 0xdf, 0x5b, 0xfe, 0x5a, 0xeb, 0xd9, 0x43, 0x24, 0xdf, 0x55, 0xff, 0x4e, 0xff, 0xda, 0x6d,
    0x08, 0x7f, 0x95, 0x63, 0x3e, 0x7f, 0x02, 0x0e, 0x08, 0x7f, 0xa3, 0x14, 0x7f, 0x14, 0xff, 0x24,
    0x08, 0x7f, 0xa9, 0x26, 0x54, 0xdf, 0x65, 0xfb, 0x08, 0x7f, 0x92, 0x7f, 0x5a, 0x6a, 0x56, 0x7e,
    0x08, 0xff, 0xa7, 0x40, 0xa5, 0x66, 0xa5, 0xc7, 0x08, 0xff, 0xa5, 0x47, 0x3e, 0xff, 0x32, 0xde,
    0x08, 0xff, 0xa5, 0x5f, 0x28, 0xff, 0x22, 0x3e, 0x08, 0xff, 0xa5, 0x5e, 0x14, 0xff, 0xa5, 0xbd,
    0x7f, 0xdd, 0x7f, 0x36, 0x77, 0x57, 0x76, 0x1f, 0x7f, 0xd5, 0x2b, 0x7a, 0xff, 0x4c, 0xff, 0x7e,
    0x08, 0xff, 0xbd, 0x6e, 0x3c, 0xff, 0x14, 0x3f, 0x7f, 0x93, 0x36, 0x57, 0x75, 0xfa, 0x52, 0xb5,
    0x7f, 0xad, 0x76, 0x4a, 0x7e, 0x4c, 0x6d, 0xdb, 0x7f, 0x95, 0x6f, 0xba, 0xce, 0xbf, 0xce, 0x9f,
    0x5f, 0x32, 0x88, 0x7f, 0xce, 0x55, 0x49, 0xbf, 0x08, 0xff, 0xa5, 0x7f, 0x7f, 0x22, 0x3e, 0xe3,
    0x08, 0xff, 0x95, 0x6b, 0xa6, 0xff, 0x6f, 0xb9, 0x44, 0x44, 0xe4, 0x3f, 0xa4, 0x44, 0xe4, 0x04,
    0x41, 0x5e, 0xe4, 0x24, 0xbf, 0x44, 0xe4, 0x04, 0x4c, 0x52, 0xe1, 0x3e, 0xaa, 0x4a, 0xea, 0x16,
    0x42, 0x4c, 0xe7, 0x3c, 0xa7, 0x5c, 0xe5, 0x07, 0x44, 0x47, 0xe4, 0x24, 0xaf, 0x49, 0xe9, 0x0f,
    0x42, 0x4f, 0xe9, 0x20, 0xaf, 0x42, 0xe2, 0x06, 0x44, 0x44, 0xff, 0x22, 0xaa, 0x4a, 0xe4, 0x1f,
    0x4f, 0x44, 0xef, 0x29, 0xaf, 0x49, 0xe9, 0x0f, 0x44, 0x49, 0xff, 0x2e, 0xb4, 0x4f, 0xe4, 0x1b,
    0x44, 0x5f, 0xe4, 0x3f, 0xb5, 0x5f, 0xee, 0x15, 0x4e, 0x4a, 0xee, 0x28, 0xaf, 0x59, 0xed, 0x02,
    0x5f, 0x50, 0xf7, 0x37, 0xb7, 0x52, 0xd7, 0x2f, 0x44, 0x77, 0xaa, 0x08, 0x7e, 0x2a, 0x12, 0xeb,
    0x44, 0x77, 0xaa, 0x3f, 0x55, 0xab, 0x55, 0x06, 0x44, 0x7f, 0xaa, 0x3e, 0x2a, 0x2a, 0x4a, 0x89,
    0x44, 0x77, 0xaa, 0x7e, 0x4a, 0x7e, 0x41, 0x7f, 0x44, 0x77, 0xaa, 0x40, 0xf7, 0x55, 0x55, 0xb7,
    0x44, 0x77, 0xaa, 0x0f, 0x08, 0x7e, 0x42, 0x7e, 0x44, 0x77, 0xaa, 0x20, 0x3f, 0x5c, 0x08, 0xff,
    0x44, 0x77, 0xa2, 0x10, 0x22, 0xfd, 0x42, 0x7e, 0x44, 0x77, 0xa2, 0x1e, 0x92, 0x96, 0x51, 0x9f,
    0x44, 0x77, 0xaa, 0x08, 0xff, 0x3e, 0xdd, 0x08, 0x44, 0x77, 0xa2, 0x3f, 0x48, 0xff, 0x14, 0xe3,
    0x44, 0x77, 0xaa, 0x7f, 0x5f, 0x4e, 0x5f, 0x7f, 0x44, 0x77, 0xaa, 0x7f, 0x5f, 0x4d, 0x5f, 0x7f,
    0x44, 0x77, 0xaa, 0x7f, 0x14, 0xff, 0x14, 0x64, 0x44, 0x77, 0xa2, 0x3f, 0x69, 0xb9, 0x29, 0x3b,
    0x44, 0x77, 0xaa, 0x7e, 0xff, 0x7e, 0x08, 0x30, 0x44, 0x77, 0xaa, 0x14, 0xe3, 0x3e, 0x08, 0x7f,
    0x44, 0x77, 0xaa, 0x7e, 0x88, 0xff, 0x14, 0xe7, 0x44, 0x77, 0xa2, 0xdc, 0x46, 0xd4, 0x5e, 0xbf,
    0x44, 0x77, 0xaa, 0x3c, 0x24, 0x7e, 0x42, 0x7e, 0x44, 0x77, 0xaa, 0xff, 0x2a, 0x7d, 0x14, 0xe3,
    0x44, 0x77, 0xaa, 0x3e, 0x3e, 0x3e, 0x15, 0xe7, 0x44, 0x77, 0xaa, 0x4f, 0xd4, 0x47, 0x44, 0x44,
    0x44, 0x77, 0xaa, 0x2c, 0xd7, 0x66, 0x62, 0x4d, 0x44, 0x77, 0xaa, 0x7f, 0x48, 0x75, 0x52, 0xa5,
    0x44, 0x77, 0xaa, 0xff, 0x2a, 0x5d, 0x08, 0xff, 0x44, 0x77, 0xaa, 0x2a, 0xff, 0x2e, 0xea, 0x2e,
    0x44, 0x77, 0xaa, 0x7f, 0x5d, 0x7f, 0x6b, 0x7f, 0x44, 0x77, 0xaa, 0x7e, 0x7e, 0x7e, 0x4c, 0xe7,
    0x44, 0x77, 0xaa, 0xff, 0x52, 0x77, 0xd7, 0x5f, 0x44, 0x77, 0xaa, 0xff, 0xa5, 0x46, 0x3c, 0xff,
    0x44, 0x77, 0xaa, 0x55, 0x75, 0x8d, 0x75, 0x73, 0x44, 0x77, 0xaa, 0xfe, 0x19, 0x77, 0x19, 0xe7,
    0x44, 0x77, 0xa2, 0xff, 0x3e, 0xff, 0xab, 0x2a, 0x44, 0x77, 0xa2, 0x7e, 0x89, 0xff, 0x7e, 0x08,
    0x44, 0x77, 0xaa, 0x7e, 0x0a, 0xff, 0x7e, 0x08, 0x44, 0x77, 0xaa, 0x7f, 0x58, 0x7f, 0x7a, 0x9d,
    0x44, 0x77, 0xaa, 0x7f, 0x5e, 0x7f, 0x52, 0x7f, 0x44, 0x77, 0xaa, 0x3c, 0x24, 0xff, 0x3c, 0xff,
    0x44, 0x77, 0xaa, 0x2e, 0x5f, 0xde, 0x5f, 0x53, 0x44, 0x77, 0xaa, 0x54, 0xff, 0x57, 0x7a, 0x75,
    0x44, 0x77, 0xa2, 0x7f, 0x44, 0x7d, 0x72, 0xb5, 0x44, 0x77, 0xaa, 0xff, 0x19, 0xee, 0x16, 0xad,
    0x44, 0x77, 0xa2, 0x7f, 0xff, 0x2a, 0xff, 0x22, 0x44, 0x77, 0xaa, 0xef, 0xe4, 0x8f, 0xed, 0xed,
    0x44, 0x77, 0xa2, 0x3e, 0xe3, 0x3e, 0x64, 0xb3, 0x44, 0x77, 0xa2, 0x3e, 0xe3, 0x3e, 0x64, 0xb3,
    0x44, 0x77, 0xaa, 0x7e, 0x5a, 0x7e, 0x4e, 0xef, 0x44, 0x77, 0xaa, 0x7e, 0x5a, 0xff, 0x1c, 0xeb,
    0x44, 0x77, 0xea, 0xae, 0xf8, 0xee, 0xef, 0xaf, 0x44, 0x77, 0xaa, 0x7f, 0xff, 0x22, 0x3e, 0xe3,
    0x44, 0xaa, 0xaa, 0x48, 0xef, 0x76, 0xa6, 0xa9, 0x44, 0x77, 0xaa, 0xfc, 0xa9, 0xfe, 0xd9, 0xfe,
    0x44, 0x77, 0xaa, 0x7e, 0x7e, 0xff, 0x7e, 0x08, 0x44, 0x77, 0xae, 0x1a, 0xc4, 0x5f, 0x44, 0xbf,
    0x44, 0x77, 0xaa, 0x57, 0x29, 0xff, 0x1c, 0xeb, 0x44, 0x77, 0xaa, 0x3e, 0x3e, 0xff, 0x14, 0x1f,
    0x44, 0x77, 0xaa, 0x7e, 0xff, 0x3f, 0x55, 0x8b, 0x44, 0x77, 0xaa, 0x3e, 0xff, 0x22, 0x3e, 0xe3,
    0x44, 0x77, 0xaa, 0x3e, 0xff, 0x3e, 0x3e, 0xc3, 0x67, 0xff, 0x2a, 0xff, 0x67, 0xff, 0x7e, 0x7e,
    0x44, 0x77, 0xaa, 0x7f, 0x22, 0x3e, 0xff, 0x08, 0x44, 0x77, 0xaa, 0x7f, 0x6d, 0x7f, 0x5e, 0x9e,
    0x44, 0x77, 0xaa, 0xff, 0x6e, 0x4a, 0x7e, 0xaa, 0x44, 0x77, 0xaa, 0x14, 0xe3, 0x36, 0x36, 0x49,
    0x44, 0x77, 0xaa, 0xff, 0x3e, 0xff, 0x52, 0x7a, 0x44, 0x77, 0xaa, 0x57, 0x7a, 0x7f, 0x55, 0xff,
    0x44, 0x77, 0xaa, 0xf3, 0x7d, 0xf5, 0x52, 0x7d, 0x44, 0x77, 0xaa, 0x4f, 0xf6, 0x4f, 0x66, 0xa9,
    0x44, 0x77, 0xaa, 0x57, 0xfb, 0x55, 0xee, 0x4e, 0x44, 0x77, 0xaa, 0xff, 0xea, 0xbf, 0xee, 0xb5,
    0x44, 0x77, 0xaa, 0xff, 0xaf, 0xff, 0xaa, 0xb5, 0x44, 0x77, 0xaa, 0x77, 0x27, 0x77, 0x77, 0xad,
    0x44, 0x77, 0xaa, 0xff, 0x64, 0xf5, 0x62, 0xf5, 0x44, 0x77, 0xea, 0xff, 0x64, 0xf5, 0x62, 0xf5,
    0x44, 0x77, 0xaa, 0x3e, 0xf7, 0x7f, 0x7f, 0x55, 0x44, 0x77, 0xaa, 0x57, 0x7e, 0xef, 0xbe, 0xef,
    0x24, 0xb4, 0x24, 0xff, 0x24, 0x74, 0xa4, 0x24, 0x2a, 0xba, 0x2f, 0xfa, 0x2a, 0x7a, 0xae, 0x3b,
    0x2f, 0xb0, 0x2f, 0xf9, 0x2f, 0x78, 0xa8, 0x30, 0x7e, 0x6a, 0x7e, 0x5a, 0xff, 0x3e, 0x22, 0x06,
    0x26, 0xa9, 0x30, 0xff, 0x20, 0x7f, 0xa9, 0x2f, 0x88, 0x0f, 0x54, 0x8b, 0x2a, 0xff, 0x2a, 0xc9,
    0x5f, 0xe8, 0x5f, 0xf5, 0x55, 0xf5, 0xd5, 0x55, 0x5f, 0xf1, 0x5f, 0xf1, 0x5f, 0xfb, 0xdf, 0x51,
    0x2f, 0xb4, 0x2f, 0xf9, 0x2f, 0x79, 0xa9, 0x2f, 0x2f, 0xb4, 0x2f, 0xfd, 0x2f, 0x7d, 0xa4, 0x3b,
    0x67, 0x75, 0x76, 0xd9, 0x6a, 0xff, 0x2c, 0xcb, 0x3e, 0xd7, 0x3b, 0x54, 0x2a, 0xff, 0x2c, 0xcb,
    0x48, 0xfe, 0x52, 0xfe, 0x52, 0xfe, 0xd4, 0x5b, 0x44, 0xff, 0x4a, 0xf5, 0x44, 0xff, 0xc4, 0x44,
    0x44, 0xff, 0x51, 0xee, 0x40, 0xff, 0xc4, 0x55, 0x4a, 0xff, 0x44, 0xea, 0x5b, 0xea, 0xca, 0x4b,
    0x4e, 0xe4, 0x5f, 0xed, 0x54, 0xff, 0xce, 0x55, 0x4a, 0xff, 0x4a, 0xee, 0x4a, 0xff, 0xd4, 0x5f,
    0x44, 0xff, 0x51, 0xee, 0x4d, 0xf6, 0xca, 0x55, 0x4a, 0xff, 0x4a, 0xff, 0x50, 0xf7, 0xd7, 0x67,
    0x08, 0x7f, 0x52, 0x7f, 0x55, 0x7f, 0x4e, 0xb5, 0x4a, 0xff, 0x40, 0xee, 0x4a, 0xff, 0xc4, 0x5b,
    0x2a, 0x7f, 0x6a, 0xff, 0x3c, 0x24, 0xff, 0xbd, 0x4e, 0xff, 0x55, 0xe0, 0x5f, 0xe8, 0xdf, 0x55,
    0x5f, 0xf6, 0x5f, 0xf6, 0x56, 0xff, 0xdf, 0x69, 0x4f, 0x45, 0xaf, 0x05, 0xaa, 0x4f, 0x5a, 0xaf,
    0xdf, 0xf5, 0xdf, 0xf5, 0x4a, 0x4f, 0xfa, 0x4f, 0x48, 0xa8, 0x48, 0x88, 0xe8, 0x4a, 0xea, 0x4e,
    0x4e, 0xa4, 0x44, 0x9f, 0xe4, 0x44, 0xe4, 0x4c, 0x42, 0xa2, 0x5f, 0x82, 0xea, 0x42, 0xe2, 0x46,
    0x40, 0xae, 0x40, 0x9f, 0xe4, 0x44, 0xea, 0x5d, 0x54, 0xb4, 0x55, 0x9e, 0xf4, 0x54, 0xf5, 0x5f,
    0x08, 0xff, 0x14, 0x08, 0xf7, 0x7d, 0x2a, 0xc9, 0x5f, 0xb1, 0x5f, 0x9b, 0xff, 0x51, 0xf1, 0x53,
    0x42, 0xaf, 0x48, 0x8a, 0xea, 0x4a, 0xed, 0x57, 0x24, 0xfc, 0x75, 0xab, 0x12, 0xfd, 0x2a, 0xc9,
    0x4d, 0xad, 0x5f, 0x8d, 0xed, 0x4f, 0xe8, 0x4f, 0x44, 0xa4, 0x49, 0x8f, 0xe0, 0x4f, 0xe9, 0x4f,
    0x44, 0xbf, 0x51, 0x80, 0xff, 0x44, 0xe4, 0x4c, 0x55, 0xb5, 0x44, 0x8e, 0xe4, 0x5f, 0xe4, 0x44,
    0x46, 0xaa, 0x44, 0x9b, 0xef, 0x4a, 0xff, 0x42, 0x44, 0xb5, 0x4e, 0x9f, 0xea, 0x4a, 0xea, 0x53,
    0x48, 0xb7, 0x48, 0x97, 0xea, 0x4a, 0xea, 0x4a, 0x44, 0xaa, 0x44, 0x8a, 0xfd, 0x44, 0xee, 0x55,
    0x45, 0xa4, 0x5f, 0x8c, 0xfd, 0x4a, 0xea, 0x45, 0x27, 0xfd, 0x55, 0x2f, 0xd2, 0x7d, 0x2a, 0xc9,
    0x44, 0xbf, 0x55, 0x9f, 0xf5, 0x5f, 0xe2, 0x5d, 0x51, 0xaa, 0x5f, 0x8a, 0xff, 0x4a, 0xea, 0x52,
    0x5f, 0xb5, 0x4a, 0x95, 0xe0, 0x5f, 0xe4, 0x5f, 0x4e, 0xa4, 0x5f, 0x8e, 0xf5, 0x4e, 0xe9, 0x53,
    0x2f, 0x5a, 0xe6, 0x79, 0x64, 0x7f, 0x6e, 0x55, 0x4e, 0xb5, 0x4a, 0x84, 0xff, 0x4a, 0xe6, 0x59,
    0x4f, 0xa9, 0x4f, 0x84, 0xef, 0x49, 0xe9, 0x4f, 0x4f, 0xa5, 0x45, 0x8b, 0xe0, 0x4a, 0xf9, 0x4e,
    0x44, 0xbf, 0x4a, 0x91, 0xff, 0x55, 0xfd, 0x43, 0xf4, 0x77, 0x5d, 0x72, 0x97, 0xfd, 0x2a, 0xc9,
    0x56, 0xa5, 0x7f, 0x92, 0xed, 0x4c, 0xea, 0x4e, 0x43, 0xae, 0x4d, 0x95, 0xe4, 0x5f, 0xee, 0x55,
    0x55, 0xb5, 0x40, 0x9f, 0xf5, 0x5f, 0xf5, 0x5f, 0x44, 0xa7, 0x4e, 0x8a, 0xee, 0x5f, 0xe4, 0x44,
    0x45, 0xaf, 0x42, 0x8d, 0xe4, 0x5f, 0xe2, 0x4d, 0x44, 0xbf, 0x4b, 0x8d, 0xef, 0x4a, 0xf9, 0x4e,
    0x5f, 0xb5, 0x5f, 0x95, 0xff, 0x5b, 0xff, 0x51, 0x48, 0xaf, 0x59, 0x8f, 0xf5, 0x55, 0xff, 0x41,
    0x43, 0xec, 0xa5, 0xea, 0x44, 0xff, 0xd4, 0xd5, 0x44, 0xaa, 0x57, 0x80, 0xff, 0x55, 0xff, 0x55,
    0x5f, 0xbf, 0x51, 0x9f, 0xf2, 0x5f, 0xf2, 0x6d, 0x44, 0xbf, 0x51, 0x8e, 0xea, 0x4f, 0xe9, 0x4f,
    0x42, 0xbf, 0x52, 0x9e, 0xf2, 0x5b, 0xfa, 0x55, 0x4e, 0xaa, 0x5f, 0x8a, 0xee, 0x4a, 0xfe, 0x42,
    0x4a, 0xbf, 0x4a, 0x8f, 0xe4, 0x5f, 0xee, 0x55, 0x4b, 0xb5, 0x5d, 0x90, 0xff, 0x55, 0xfa, 0x55,
    0x5e, 0xaa, 0x57, 0x9d, 0xea, 0x5e, 0xea, 0x5d, 0x7a, 0xba, 0x6f, 0xbf, 0xea, 0x79, 0xe2, 0x44,
    0x5f, 0xb1, 0x5f, 0x92, 0xf9, 0x5f, 0xf1, 0x5f, 0x42, 0xbf, 0x52, 0x96, 0xff, 0x5b, 0xf5, 0x5b,
    0x4e, 0xb1, 0x4e, 0x8e, 0xf1, 0x4e, 0xea, 0x5f, 0x73, 0xdc, 0xf5, 0xda, 0xf4, 0xff, 0x74, 0xad,
    0x44, 0xbf, 0x55, 0x8e, 0xea, 0x5f, 0xff, 0x44, 0x4a, 0xbf, 0x44, 0x9f, 0xe8, 0x4f, 0xf2, 0x4f,
    0x56, 0xa6, 0x59, 0x92, 0xf7, 0x56, 0xf6, 0x59, 0x5f, 0xbf, 0x5a, 0xad, 0xe2, 0x5f, 0xea, 0x46,
    0x5f, 0xaa, 0x55, 0x9f, 0xee, 0x4a, 0xee, 0x4e, 0x4a, 0xa7, 0x45, 0x9f, 0xec, 0x4f, 0xed, 0x57,
    0xee, 0xb5, 0xff, 0xae, 0xf5, 0xbf, 0xae, 0xb5, 0x5b, 0xbb, 0x44, 0x8a, 0xf5, 0x48, 0xe2, 0x4c,
    0x5f, 0xaf, 0x5a, 0x97, 0xff, 0x4f, 0xeb, 0x56, 0x08, 0x7f, 0x52, 0x7f, 0x4a, 0x74, 0x7f, 0xaa,
    0x5e, 0xb2, 0x5f, 0x95, 0xff, 0x4a, 0xe4, 0x5b, 0x5f, 0xaa, 0x5f, 0x9f, 0xee, 0x5f, 0xe4, 0x55,
    0x55, 0xbf, 0x40, 0x9f, 0xf5, 0x5f, 0xff, 0x55, 0x44, 0xbe, 0x57, 0x9e, 0xe4, 0x5f, 0xea, 0x4f,
    0x5f, 0xb5, 0x5f, 0x8a, 0xf4, 0x5f, 0xe4, 0x55, 0x52, 0xa7, 0x52, 0x87, 0xf7, 0x57, 0xea, 0x57,
    0x5f, 0xa4, 0x5f, 0x95, 0xee, 0x5f, 0xea, 0x5d, 0x5b, 0xbb, 0x5b, 0x91, 0xf5, 0x55, 0xf5, 0x51,
    0x5a, 0xbc, 0x47, 0xbd, 0xed, 0x7d, 0xfa, 0x6d, 0x44, 0xae, 0x5f, 0x9b, 0xee, 0x5f, 0xea, 0x53,
    0x5f, 0xae, 0x5f, 0x8e, 0xf5, 0x4e, 0xee, 0x4e, 0x44, 0xbf, 0x4a, 0x9f, 0xea, 0x4e, 0xe4, 0x55,
    0x5f, 0xbf, 0x44, 0x9f, 0xea, 0x5f, 0xee, 0x44, 0x44, 0xaa, 0x55, 0x80, 0xff, 0x5f, 0xea, 0x4e,
    0x5f, 0xbb, 0x4a, 0x9b, 0xfb, 0x5b, 0xe8, 0x4f, 0x5a, 0xb5, 0x5a, 0x9f, 0xfa, 0x55, 0xfa, 0x5f,
    0x4e, 0xbf, 0x55, 0x80, 0xff, 0x48, 0xff, 0x55, 0x44, 0xbf, 0x4e, 0x9b, 0xee, 0x4e, 0xee, 0x52,
    0x44, 0xbf, 0x4a, 0x84, 0xfb, 0x4e, 0xea, 0x52, 0x44, 0xbf, 0x55, 0x8a, 0xf4, 0x4e, 0xee, 0x5b,
    0x4a, 0xf7, 0xad, 0xf7, 0x5a, 0xef, 0x5a, 0x4a, 0x5c, 0xb7, 0x58, 0x97, 0xf8, 0x4e, 0xea, 0x5f,
    0x57, 0xba, 0x57, 0xbd, 0xe7, 0x5f, 0xf8, 0x45, 0x4a, 0xbf, 0x4a, 0x95, 0xee, 0x4e, 0xee, 0x5b,
    0x44, 0xbf, 0x4e, 0x9b, 0xff, 0x4a, 0xee, 0x5b, 0x5f, 0xb7, 0x57, 0x92, 0xf7, 0x52, 0xf7, 0x57,
    0x57, 0xba, 0x57, 0xad, 0xef, 0x57, 0xe8, 0x45, 0x5b, 0xbb, 0x5b, 0x9b, 0xe8, 0x5f, 0xea, 0x4f,
    0x4e, 0xbf, 0x5d, 0x8e, 0xf3, 0x4e, 0xee, 0x53, 0x56, 0xaa, 0x5f, 0x8a, 0xfe, 0x5f, 0xea, 0x5d,
    0x48, 0xbc, 0x4a, 0x9f, 0xf2, 0x5e, 0xfa, 0x5d, 0x08, 0xff, 0x3c, 0xff, 0xd2, 0xf5, 0x72, 0xaf,
    0x5a, 0xb3, 0x5d, 0x8e, 0xea, 0x4e, 0xed, 0x57, 0x47, 0xfa, 0x22, 0xfa, 0x22, 0xaa, 0xfa, 0x07,
    0x44, 0x7f, 0xa5, 0xf5, 0x2f, 0xb4, 0xea, 0x11, 0x43, 0xff, 0x2b, 0xfd, 0x2f, 0xb2, 0xff, 0x02,
    0x77, 0x55, 0x77, 0xd5, 0x3c, 0x3e, 0x89, 0xff, 0x3e, 0x3e, 0x77, 0x77, 0x3c, 0x7e, 0x89, 0xff,
    0x8e, 0xee, 0x5f, 0xe4, 0x5f, 0xf5, 0xea, 0x1d, 0x8a, 0xff, 0x55, 0xff, 0x4a, 0xef, 0xfa, 0x0f,
    0xff, 0xa5, 0xa5, 0xed, 0xb7, 0xa5, 0xa5, 0xc9, 0xff, 0xa5, 0x46, 0x3e, 0x08, 0xff, 0x08, 0x08,
    0xff, 0xa3, 0x95, 0xbf, 0x89, 0xbf, 0x91, 0x9d, 0xff, 0xa5, 0xff, 0x00, 0xff, 0x1c, 0x2a, 0xc9,
    0xff, 0xa5, 0xff, 0x08, 0xff, 0x7e, 0x42, 0x7e, 0xff, 0xa5, 0xff, 0x42, 0x7e, 0x7f, 0x44, 0xf3,
    0xff, 0xa5, 0xff, 0x2a, 0x7f, 0xaa, 0x3e, 0x0f, 0xff, 0xa5, 0xff, 0x0e, 0x3c, 0x24, 0xff, 0x08,
    0xff, 0xa5, 0xff, 0x22, 0xff, 0x76, 0xab, 0x22, 0xff, 0xa5, 0xff, 0x22, 0xff, 0x72, 0x5a, 0x76,
    0xff, 0xa5, 0xff, 0x49, 0xaf, 0x4f, 0xe9, 0x4b, 0xff, 0xa5, 0xff, 0x55, 0xf6, 0x77, 0x50, 0x95,
    0xff, 0xa5, 0xff, 0x3c, 0xff, 0x6e, 0xad, 0x08, 0xff, 0xa5, 0xff, 0x56, 0xfe, 0x77, 0xf9, 0x25,
    0xff, 0xa5, 0xff, 0x52, 0xfd, 0x77, 0xf9, 0x25, 0x14, 0x7f, 0x3e, 0x08, 0xff, 0x14, 0x25, 0xc7,
    0x14, 0x7f, 0x08, 0x3e, 0x08, 0xff, 0x00, 0xd5, 0x14, 0x7f, 0x08, 0x7f, 0x20, 0x7f, 0x8a, 0x7f,
    0xa2, 0xfc, 0x54, 0xff, 0x54, 0xf2, 0x59, 0x9f, 0xa4, 0xea, 0x57, 0xe0, 0x5f, 0xe5, 0x46, 0x84,
    0x3e, 0x7f, 0x22, 0x7e, 0x94, 0x3e, 0x7f, 0x08, 0xae, 0xfa, 0x4e, 0xe8, 0x4f, 0xf9, 0x4d, 0x82,
    0x14, 0x7f, 0x3e, 0x7f, 0x64, 0xff, 0x54, 0x33, 0x14, 0x7f, 0x3e, 0x7f, 0x55, 0x3e, 0x7f, 0x22,
    0x14, 0x7f, 0x3e, 0x7f, 0x55, 0xff, 0x7f, 0x22, 0xa4, 0xff, 0x51, 0xf5, 0x5f, 0xea, 0x4e, 0x9f,
    0x08, 0xff, 0xa8, 0x7e, 0xf7, 0xbf, 0xff, 0xab, 0x24, 0xff, 0x7e, 0x4a, 0xff, 0x4a, 0xef, 0xef,
    0x5f, 0xe5, 0x4f, 0xe5, 0xaf, 0x45, 0x40, 0xbf, 0xff, 0x55, 0x33, 0x7c, 0x25, 0x4b, 0xff, 0x08,
    0x5f, 0x49, 0xfb, 0x2d, 0xbb, 0x4d, 0xe9, 0x1b, 0x1c, 0xe3, 0x3e, 0x22, 0x3e, 0xff, 0x33, 0x55,
    0xbf, 0xe9, 0x5d, 0xe9, 0x5b, 0xed, 0x49, 0x9b, 0x24, 0xe7, 0xe7, 0x24, 0xff, 0x55, 0xbb, 0x55,
    0x24, 0xff, 0x55, 0x75, 0x51, 0xff, 0x55, 0x33, 0xef, 0x85, 0xef, 0x85, 0xff, 0xb5, 0xf5, 0xb5,
    0xf6, 0xc9, 0xff, 0xa9, 0xd6, 0xff, 0x55, 0x33, 0x2f, 0x75, 0xff, 0xd5, 0x7f, 0xf5, 0x50, 0x9f,
    0xfe, 0x75, 0xf5, 0x25, 0xfe, 0xd5, 0xb5, 0xf5, 0x0a, 0x3e, 0x7f, 0x19, 0xe7, 0x3e, 0x22, 0x3e,
    0x0a, 0x7e, 0x18, 0xef, 0x1c, 0x3e, 0xf9, 0x0f, 0x0a, 0x3e, 0x19, 0xff, 0x14, 0x3e, 0x08, 0x7f,
    0x0a, 0x7c, 0x3e, 0x08, 0xff, 0x1c, 0x6b, 0x08, 0x30, 0xe7, 0x70, 0x2f, 0xf2, 0x22, 0x75, 0xaf,
    0x3f, 0xeb, 0x7b, 0x2f, 0xf8, 0x28, 0x79, 0xaf, 0x3e, 0xea, 0x7e, 0x28, 0xff, 0x29, 0x79, 0xaf,
    0x7e, 0xd6, 0xff, 0x57, 0xff, 0x57, 0xfb, 0xc5, 0x7f, 0xdf, 0x5a, 0xed, 0x42, 0xff, 0xca, 0x46,
    0xfa, 0x52, 0x77, 0x57, 0x72, 0x52, 0xf7, 0x19, 0xfa, 0x52, 0x72, 0x5b, 0x7a, 0x5a, 0xfa, 0x1f,
    0xe8, 0xb3, 0xfb, 0xbb, 0xfb, 0xbb, 0xea, 0x32, 0xf4, 0xaa, 0xf7, 0xa0, 0xef, 0xa5, 0xe6, 0x24,
    0xf1, 0x5e, 0x72, 0x5f, 0x72, 0x5f, 0xf9, 0x1f, 0xe4, 0xaf, 0xed, 0xab, 0xef, 0xbf, 0xe5, 0x23,
    0xff, 0x55, 0x72, 0x55, 0xf8, 0x3d, 0x5a, 0x29, 0x67, 0xfd, 0x57, 0xff, 0x22, 0x3e, 0x7f, 0x02,
    0xe4, 0xbf, 0xf1, 0xae, 0xe4, 0xae, 0xec, 0x33, 0xfa, 0xb5, 0xea, 0xbf, 0xea, 0xbf, 0xea, 0x32,
    0x4a, 0xbf, 0x54, 0xff, 0x22, 0x3e, 0x3f, 0x02, 0x26, 0xfd, 0x55, 0x7f, 0xa2, 0x3e, 0x3f, 0x02,
    0xe4, 0xbf, 0xeb, 0xad, 0xef, 0xaa, 0xf9, 0x2e, 0x7f, 0x24, 0x7c, 0x04, 0xff, 0x55, 0xff, 0x11,
    0xe4, 0xbf, 0xee, 0xae, 0xff, 0xaa, 0xf9, 0x2e, 0xe4, 0xbf, 0xe4, 0xae, 0xff, 0xaa, 0xf9, 0x2e,
    0x08, 0x7e, 0xff, 0x7e, 0x08, 0x3e, 0xff, 0x08, 0xa4, 0xce, 0x9f, 0xee, 0x44, 0xee, 0x5f, 0xa4,
    0x72, 0x47, 0x6f, 0x47, 0xf2, 0x47, 0x6f, 0xd2, 0x7f, 0x09, 0xff, 0x6b, 0x49, 0x7f, 0x49, 0xab,
    0xff, 0xa4, 0xe4, 0xa4, 0xe4, 0xa4, 0xa4, 0xbf, 0x08, 0xff, 0x40, 0x7f, 0x7e, 0x42, 0x7e, 0x42,
    0xe4, 0xa4, 0xe4, 0xbf, 0xe4, 0xa4, 0xa4, 0xbf, 0xec, 0xa4, 0xff, 0xb5, 0xf5, 0xbb, 0xb1, 0xb3,
    0xff, 0x81, 0xfd, 0x81, 0xff, 0x42, 0x7e, 0x42, 0xe5, 0xbf, 0xe4, 0xa6, 0xe6, 0xa6, 0xab, 0xb3,
    0xff, 0xb5, 0xff, 0xb5, 0xff, 0xa4, 0xa4, 0xa4, 0xff, 0x2e, 0x38, 0xc7, 0x7e, 0x42, 0x7e, 0x42,
    0xe8, 0xaf, 0xec, 0xb7, 0xe4, 0xa7, 0xa4, 0xa4, 0xe2, 0xbc, 0xf4, 0xbf, 0xf4, 0xb2, 0xb9, 0xbf,
    0x08, 0xff, 0x89, 0xff, 0x7e, 0x42, 0x7e, 0x42, 0xff, 0xa4, 0xee, 0xad, 0xf5, 0xa4, 0xa4, 0xbf,
    0xee, 0xad, 0xf5, 0xa4, 0xff, 0xa4, 0xbf, 0xa4, 0xec, 0xa0, 0xfc, 0xa5, 0xfe, 0xa6, 0xad, 0xb5,
    0xe4, 0xbf, 0xea, 0xb5, 0xee, 0xa7, 0xa9, 0xa2, 0xe4, 0xb5, 0xee, 0xbf, 0xea, 0xaa, 0xaa, 0xb3,
    0xff, 0xb5, 0xea, 0xb5, 0xe0, 0xbf, 0xa4, 0xbf, 0x28, 0x4f, 0xfa, 0x64, 0x7b, 0x6e, 0x6a, 0x4a,
    0x7f, 0x40, 0x7f, 0x54, 0xbb, 0x3e, 0x3e, 0x22, 0xe5, 0xbf, 0xe4, 0xbf, 0xff, 0xb5, 0xbf, 0xb5,
    0xe4, 0xbf, 0xea, 0xab, 0xfd, 0xad, 0xaa, 0xad, 0xe8, 0xbf, 0xca, 0xb7, 0xaf, 0xc9, 0x8f, 0x89,
    0xea, 0xbf, 0xfb, 0xbf, 0xfb, 0xbf, 0xaa, 0xb1, 0xe4, 0xbf, 0xff, 0xb5, 0xff, 0xaa, 0xbf, 0xa2,
    0xea, 0xbb, 0xea, 0xbb, 0xee, 0xbb, 0xaa, 0xb2, 0xe4, 0xbf, 0xf0, 0xb5, 0xf7, 0xbd, 0xb7, 0xa5,
    0xf1, 0xaa, 0xff, 0xaa, 0xff, 0xaa, 0xaa, 0xb2, 0xfa, 0xaf, 0xeb, 0xb7, 0xfa, 0xaf, 0xaa, 0xb7,
    0xff, 0xb5, 0xff, 0xb5, 0xff, 0xaa, 0xb9, 0xae, 0xef, 0xa9, 0xef, 0xaf, 0xf4, 0xaf, 0xa4, 0xbf,
    0xea, 0xb5, 0xea, 0xbf, 0xf5, 0xbd, 0xbb, 0xbf, 0xe8, 0xb7, 0xfd, 0xb5, 0xff, 0xa4, 0xaa, 0xb1,
    0xfe, 0xb6, 0xfa, 0xbe, 0xe0, 0xbf, 0xb5, 0xbf, 0xff, 0xaa, 0xee, 0xa0, 0xff, 0xb1, 0xbf, 0xb5,
    0xe5, 0xbf, 0xed, 0xaf, 0xed, 0xa2, 0xbf, 0xaa, 0xe4, 0xbf, 0xea, 0xbf, 0xe5, 0xbf, 0xaa, 0xb6,
    0xf7, 0x4f, 0x76, 0xad, 0x7e, 0x3e, 0x3e, 0x22, 0xfb, 0xbb, 0xe4, 0xaa, 0xf5, 0xa8, 0xa2, 0xac,
    0xff, 0xa5, 0xff, 0xbd, 0xf5, 0xbf, 0xa3, 0xbf, 0xff, 0xa4, 0xff, 0xbf, 0xf5, 0xaf, 0xbf, 0xaf,
    0xe4, 0xbf, 0xef, 0xbf, 0xea, 0xbf, 0xae, 0xbf, 0xe4, 0xbf, 0xf1, 0xbf, 0xea, 0xbd, 0xa4, 0xbf,
    0xe8, 0xaf, 0xfa, 0xae, 0xe8, 0xbf, 0xab, 0xb5, 0xe2, 0xbf, 0xe2, 0xbe, 0xf6, 0xbe, 0xab, 0xb5,
    0xff, 0xaa, 0xff, 0xae, 0xf5, 0xae, 0xae, 0xae, 0xea, 0xbf, 0xff, 0xae, 0xee, 0xb5, 0xbf, 0xa4,
    0xe4, 0xae, 0xff, 0xb7, 0xff, 0xae, 0xae, 0xaa, 0xf4, 0xaf, 0xf6, 0xab, 0xeb, 0xab, 0xab, 0xb7,
    0xe6, 0xbf, 0xef, 0xae, 0xef, 0xae, 0xaf, 0xb7, 0x76, 0x7f, 0x7f, 0x7a, 0xd5, 0x7e, 0x7e, 0x42,
    0x77, 0x7f, 0x77, 0xb2, 0x7e, 0x7e, 0x7e, 0x42, 0x7f, 0x57, 0x5f, 0x76, 0x57, 0x5e, 0x9e, 0x12,
    0xe4, 0xaa, 0xf1, 0xbf, 0xf5, 0xbf, 0xaa, 0xb5, 0xe4, 0xbf, 0xff, 0xaf, 0xf5, 0xae, 0xae, 0xb2,
    0xee, 0xbf, 0xf5, 0xa0, 0xff, 0xa8, 0xbf, 0xb5, 0xea, 0xbf, 0xfe, 0xab, 0xfe, 0xab, 0xa0, 0xb5,
    0xf5, 0xbf, 0xfe, 0xbe, 0xfe, 0xbe, 0xbf, 0xb5, 0xea, 0xbf, 0xee, 0xaa, 0xee, 0xaf, 0xb9, 0xad,
    0xe6, 0xbf, 0xf3, 0xb7, 0xf6, 0xbf, 0xad, 0xbf, 0xff, 0xab, 0xef, 0xbd, 0xef, 0xbe, 0xbf, 0xb7,
    0x5a, 0xbd, 0x5a, 0xe7, 0x5a, 0xff, 0x89, 0xb5, 0x05, 0xbf, 0xa4, 0xe2, 0x3a, 0xf3, 0xba, 0x45,
    0x08, 0xff, 0x22, 0xff, 0x95, 0x7e, 0x08, 0xff, 0xe4, 0x5f, 0xa4, 0xff, 0x4a, 0xf5, 0x4e, 0xf5,
    0x28, 0x4b, 0x49, 0x6b, 0x49, 0x6b, 0x14, 0xe3, 0x20, 0x46, 0x66, 0x42, 0x7e, 0x14, 0xff, 0x24,
    0x08, 0x7e, 0x08, 0xff, 0x22, 0xf7, 0x22, 0x3e, 0x10, 0x67, 0x77, 0x3e, 0x2a, 0x7f, 0x11, 0x63,
    0x3c, 0x53, 0x5d, 0x67, 0x55, 0xff, 0x24, 0xc3, 0x24, 0xff, 0x24, 0x7f, 0xa4, 0x7f, 0x66, 0x7e,
    0x18, 0x24, 0xff, 0x08, 0xff, 0x7e, 0x42, 0x7e, 0x22, 0xdc, 0x54, 0xff, 0x54, 0xf4, 0xb2, 0xf9,
    0x45, 0xbf, 0x44, 0xff, 0x5f, 0xf5, 0xbf, 0xf5, 0x26, 0x72, 0x59, 0x50, 0xf4, 0x54, 0x59, 0x9f,
    0x24, 0x7f, 0x54, 0x57, 0xf5, 0x55, 0x59, 0x92, 0x2f, 0x71, 0x5f, 0x5b, 0xfb, 0x5f, 0x51, 0x93,
    0x24, 0x74, 0x5f, 0x55, 0xff, 0x55, 0x55, 0x9f, 0x22, 0x7d, 0x55, 0x5f, 0xf1, 0x52, 0x5f, 0x92,
    0x24, 0x7a, 0x55, 0x5e, 0xfa, 0x5f, 0x59, 0x9f, 0x2c, 0x77, 0x55, 0x55, 0xff, 0x5a, 0x54, 0x9b,
    0x2f, 0x74, 0x5f, 0x55, 0xf0, 0x5f, 0x51, 0x9f, 0x25, 0x7f, 0x5f, 0x59, 0xff, 0x57, 0x55, 0x97,
    0x22, 0x7f, 0x55, 0x5f, 0xf7, 0x57, 0x52, 0x9f, 0x2a, 0x7f, 0x54, 0x5f, 0xf4, 0x5f, 0x5a, 0x9d,
    0x24, 0x7f, 0x5a, 0x55, 0xff, 0x51, 0x55, 0x9f, 0x2a, 0x7f, 0x5a, 0x5f, 0xfd, 0x56, 0x5a, 0x95,
    0x26, 0x7a, 0x5f, 0x5d, 0xff, 0x5f, 0x59, 0x9f, 0x23, 0x7f, 0x53, 0x56, 0xf6, 0x5f, 0x57, 0x9f,
    0x27, 0x70, 0x57, 0x55, 0xf7, 0x54, 0x54, 0x98, 0x5f, 0xf9, 0xaf, 0xf9, 0x2f, 0xfd, 0x2a, 0xdd,
    0x66, 0xfa, 0xff, 0xfb, 0x9f, 0xf8, 0x69, 0xff, 0x22, 0x22, 0x77, 0x77, 0x77, 0x77, 0x22, 0x42,
    0x24, 0xff, 0x24, 0x00, 0x22, 0x24, 0x18, 0xe7, 0x24, 0xff, 0x20, 0x3f, 0x41, 0x91, 0x09, 0x02,
    0x24, 0xff, 0x24, 0x08, 0xff, 0x40, 0x40, 0x7f, 0x24, 0xff, 0x7e, 0x00, 0xff, 0x28, 0x29, 0xcf,
    0x24, 0xff, 0x3c, 0x47, 0x7c, 0x24, 0x18, 0xe7, 0x3f, 0xd5, 0x7d, 0x22, 0x3f, 0xd5, 0x7d, 0x22,
    0x24, 0xff, 0x24, 0x1c, 0x42, 0xbd, 0x14, 0x6c, 0x24, 0xff, 0x24, 0x42, 0x52, 0x4a, 0x62, 0xcd,
    0x24, 0xff, 0x7f, 0x7e, 0x42, 0x7e, 0x40, 0x7f, 0x24, 0xff, 0x24, 0x3f, 0x41, 0xb9, 0x29, 0x3b,
    0x24, 0xff, 0x7e, 0x4a, 0x7e, 0x4a, 0xff, 0x42, 0x24, 0xff, 0x24, 0x7e, 0x42, 0x7e, 0x42, 0xff,
    0x24, 0xff, 0x3c, 0x64, 0x18, 0xe7, 0x00, 0x18, 0x24, 0xff, 0x3e, 0x2a, 0xff, 0x52, 0x7f, 0x06,
    0x24, 0xff, 0x7f, 0xaa, 0x7f, 0x52, 0x7f, 0x06, 0x24, 0xff, 0x24, 0x9e, 0x92, 0x16, 0x51, 0x9f,
    0x24, 0xff, 0x24, 0x42, 0xdf, 0x42, 0x4a, 0x46, 0x24, 0xff, 0x24, 0xff, 0x2a, 0x49, 0xff, 0x08,
    0x24, 0xff, 0x3f, 0x41, 0xbb, 0x38, 0x21, 0x3f, 0x24, 0xff, 0x37, 0x45, 0x55, 0x55, 0xf7, 0x24,
    0x24, 0xff, 0x7e, 0x42, 0x7e, 0x7e, 0x42, 0x7e, 0x24, 0xff, 0x2c, 0xff, 0x08, 0xff, 0x2a, 0xc9,
    0x24, 0xff, 0x24, 0x08, 0xff, 0x22, 0x24, 0xff, 0x24, 0xff, 0x7f, 0x49, 0x7f, 0x55, 0x63, 0x7f,
    0x24, 0xff, 0x24, 0xff, 0xbd, 0xa5, 0xbd, 0xff, 0x24, 0xff, 0x1c, 0x64, 0x18, 0xff, 0x24, 0x3e,
    0x24, 0xff, 0x22, 0x55, 0x55, 0x22, 0x66, 0xff, 0x24, 0xff, 0x28, 0x3e, 0x48, 0xff, 0x2a, 0xc9,
    0x24, 0xff, 0x3f, 0x79, 0xa9, 0x39, 0x29, 0x3b, 0x24, 0xff, 0x24, 0xff, 0x55, 0x65, 0x25, 0xd7,
    0x24, 0xff, 0xff, 0x10, 0x2e, 0x62, 0xaf, 0x24, 0x24, 0xff, 0x18, 0x24, 0xdb, 0x7e, 0x42, 0x7e,
    0x24, 0xff, 0x25, 0x44, 0xdf, 0x44, 0x4a, 0x51, 0x24, 0xff, 0x24, 0x9f, 0x88, 0x08, 0x48, 0x8f,
    0x24, 0xff, 0x1e, 0x72, 0x0c, 0xfe, 0x22, 0x3e, 0x24, 0xff, 0x7e, 0x12, 0x66, 0xff, 0x55, 0xab,
    0x24, 0xff, 0x24, 0x5f, 0xca, 0x4a, 0x4a, 0x5f, 0x24, 0xff, 0xc2, 0x5c, 0x86, 0xd4, 0x5e, 0xbf,
    0x24, 0xff, 0x15, 0xe4, 0xff, 0x35, 0xe2, 0x2d, 0x24, 0xff, 0x24, 0x7e, 0x89, 0x7e, 0x42, 0x7e,
    0x24, 0xff, 0x08, 0xff, 0x4a, 0xa9, 0x14, 0xe3, 0x24, 0xff, 0xff, 0x2a, 0x54, 0x7e, 0x08, 0xff,
    0x24, 0xff, 0x1e, 0x52, 0x7e, 0xff, 0x22, 0xc1, 0x24, 0xff, 0x24, 0x85, 0x95, 0x15, 0x42, 0x9c,
    0x24, 0xff, 0x24, 0x7f, 0x55, 0x75, 0x55, 0xeb, 0x24, 0xff, 0xa4, 0xe4, 0x3f, 0xe4, 0x64, 0xbf,
    0x24, 0xff, 0x14, 0x3e, 0xc9, 0x3e, 0x2a, 0xc9, 0x24, 0xff, 0x24, 0x7e, 0x4a, 0x7e, 0x29, 0xcf,
    0x24, 0xff, 0x24, 0x7f, 0x22, 0x3e, 0x14, 0xff, 0x24, 0xff, 0x7e, 0x2a, 0x12, 0x6c, 0xa1, 0x9d,
    0x24, 0xff, 0x3c, 0xff, 0x2a, 0xdd, 0x16, 0x22, 0x24, 0xff, 0x10, 0x65, 0xf5, 0x25, 0x75, 0xa3,
    0x24, 0xff, 0x10, 0x7e, 0x42, 0x7e, 0x48, 0xe7, 0x24, 0xff, 0x08, 0xff, 0x7e, 0xab, 0x3e, 0x0f,
    0x24, 0xff, 0x08, 0xff, 0xbd, 0x24, 0x3c, 0xff, 0x24, 0xff, 0x7f, 0x3e, 0x2a, 0x7f, 0x08, 0xff,
    0x24, 0xff, 0x7e, 0x42, 0x7e, 0x6a, 0x4d, 0xef, 0x24, 0xff, 0x20, 0x37, 0x25, 0xf2, 0x22, 0xb5,
    0x24, 0xff, 0x08, 0x7f, 0x22, 0x55, 0xff, 0x08, 0x24, 0xff, 0x20, 0xf5, 0x28, 0x72, 0xa5, 0x2f,
    0x24, 0xff, 0x0a, 0x7f, 0x0a, 0xff, 0x14, 0x3f, 0x22, 0xff, 0x08, 0x3e, 0xff, 0x2a, 0x3e, 0x22,
    0x24, 0xff, 0x3e, 0xff, 0x3e, 0xff, 0xab, 0x2a, 0x24, 0xff, 0x3e, 0x20, 0xff, 0x2a, 0x24, 0x73,
    0x24, 0xff, 0x1f, 0x94, 0x9f, 0x15, 0x52, 0xad, 0x24, 0xff, 0x24, 0xe7, 0x24, 0xe7, 0x24, 0x44,
    0x24, 0xff, 0x00, 0x9f, 0x84, 0x15, 0x5f, 0x84, 0x24, 0xff, 0x1f, 0xa1, 0x9b, 0x18, 0x51, 0x9f,
    0x24, 0xff, 0x77, 0x55, 0x77, 0x55, 0x77, 0x99, 0x24, 0xff, 0xff, 0x14, 0xe3, 0x24, 0xff, 0x44,
    0x24, 0xff, 0x6e, 0x4a, 0x6e, 0x4a, 0x14, 0xe3, 0x24, 0xff, 0x04, 0x8e, 0xbf, 0x12, 0x4c, 0x93,
    0x24, 0xff, 0x22, 0xff, 0x22, 0x77, 0xaa, 0x22, 0x24, 0xff, 0x57, 0x71, 0x47, 0x75, 0x72, 0x4d,
    0x24, 0xff, 0x24, 0xca, 0xea, 0x43, 0xee, 0x42, 0x24, 0xff, 0x55, 0x77, 0xff, 0x1e, 0x22, 0x0c,
    0x24, 0xff, 0x14, 0x7e, 0x5a, 0xff, 0x22, 0x0c, 0x24, 0xff, 0xb1, 0x02, 0xff, 0x6a, 0x66, 0xbf,
    0x24, 0xff, 0x81, 0x7e, 0x3e, 0x2a, 0xff, 0x08, 0x24, 0xff, 0x27, 0xf5, 0x27, 0x75, 0x57, 0x79,
    0x24, 0xff, 0x79, 0xab, 0x40, 0x7f, 0xb9, 0x4b, 0x24, 0xff, 0x26, 0xcb, 0xee, 0x8a, 0xe4, 0x9b,
    0x24, 0xff, 0x3e, 0x14, 0xff, 0xbf, 0x2a, 0x08, 0x24, 0xff, 0x40, 0xef, 0xaf, 0xe8, 0xa9, 0xef,
    0x24, 0xff, 0x2a, 0x4e, 0xc4, 0x5f, 0x44, 0x55, 0x24, 0xff, 0x3e, 0x2a, 0x3e, 0xff, 0x8d, 0xbb,
    0x24, 0xff, 0x44, 0xa7, 0x49, 0xe5, 0x41, 0xd3, 0x24, 0xff, 0x4a, 0xf3, 0x4f, 0x76, 0x55, 0xb7,
    0x24, 0xff, 0x2e, 0x2a, 0xff, 0xbd, 0xa5, 0xbd, 0x24, 0xff, 0x24, 0xd3, 0x3c, 0x77, 0x33, 0x55,
    0x24, 0xff, 0x7e, 0x24, 0xcb, 0x7e, 0x5a, 0xff, 0x24, 0xff, 0x52, 0x7f, 0x4d, 0x7f, 0x5e, 0xad,
    0x24, 0xff, 0x08, 0xff, 0x24, 0xff, 0x95, 0x9d, 0x24, 0xff, 0x4f, 0xf1, 0x2f, 0xab, 0x4f, 0xe3,
    0x24, 0xff, 0x5a, 0x5a, 0x6d, 0x7e, 0x48, 0xbf, 0x24, 0xff, 0x08, 0xfe, 0x19, 0x3f, 0xe2, 0x3e,
    0x24, 0xff, 0x77, 0x44, 0x77, 0x33, 0xd5, 0x66, 0x24, 0xff, 0x4d, 0x62, 0xed, 0x62, 0x6d, 0x4e,
    0x24, 0xff, 0x7f, 0x54, 0x7b, 0x82, 0x7f, 0x12, 0x24, 0xff, 0x08, 0xff, 0x22, 0xdd, 0x1c, 0x6a,
    0x24, 0xff, 0x52, 0x7f, 0x5e, 0x7f, 0x65, 0xa5, 0x24, 0xff, 0x76, 0x4a, 0x7e, 0x45, 0x76, 0xf7,
    0x24, 0xff, 0x08, 0x7f, 0x14, 0xff, 0x9d, 0x24, 0x24, 0xff, 0x37, 0xd5, 0x22, 0xdd, 0xff, 0x6a,
    0x24, 0xff, 0x81, 0x3e, 0x48, 0xde, 0x52, 0x5e, 0x24, 0xff, 0x4a, 0x7e, 0x4a, 0xff, 0x44, 0x2c,
    0x24, 0xff, 0x7f, 0x54, 0x7e, 0x54, 0x7f, 0x95, 0x24, 0xff, 0x24, 0x7a, 0x22, 0xc9, 0x34, 0x38,
    0x24, 0xff, 0xe4, 0x3f, 0x4a, 0xfd, 0xca, 0xf3, 0x24, 0xff, 0x24, 0xf7, 0x42, 0x77, 0x52, 0xbd,
    0x24, 0xff, 0x55, 0xff, 0x89, 0x3e, 0x2a, 0x08, 0x24, 0xff, 0x7f, 0xbd, 0x25, 0x7d, 0x55, 0x7f,
    0x24, 0xff, 0x36, 0x08, 0x14, 0xeb, 0x14, 0x18, 0x24, 0xff, 0x22, 0xff, 0xff, 0xa3, 0x76, 0xab,
    0x24, 0xff, 0x52, 0xff, 0xb5, 0x5e, 0x2f, 0xc4, 0x24, 0xff, 0x7f, 0x22, 0x77, 0xff, 0x14, 0xe7,
    0x24, 0xff, 0x55, 0x7f, 0x3e, 0x22, 0xff, 0x08, 0x24, 0xff, 0x02, 0xff, 0x7e, 0x2a, 0xff, 0x24,
    0x24, 0xff, 0x2a, 0xbf, 0x88, 0x7f, 0x2a, 0xc9, 0x24, 0xff, 0x2e, 0x7f, 0x22, 0xbb, 0xaa, 0xff,
    0x24, 0xff, 0xaa, 0x51, 0xbf, 0x75, 0xbb, 0x5f, 0x24, 0xff, 0x96, 0x1a, 0x9e, 0x1f, 0x55, 0xbf,
    0x24, 0xff, 0xf6, 0x4f, 0x66, 0xaf, 0x46, 0x8f, 0x24, 0xff, 0x24, 0xff, 0x5a, 0x7e, 0x24, 0x3c,
    0x24, 0xff, 0xff, 0x2a, 0x3e, 0xff, 0x2a, 0xff, 0x24, 0xff, 0x30, 0x55, 0xfd, 0x4d, 0x79, 0xab,
    0x24, 0xff, 0x2a, 0xff, 0x81, 0x7e, 0x54, 0xe7, 0x24, 0xff, 0x6b, 0xff, 0x6b, 0x5d, 0x6b, 0xab,
    0x24, 0xff, 0x2a, 0x5d, 0xff, 0x55, 0x5d, 0x7f, 0x24, 0xff, 0x44, 0xff, 0xaa, 0xff, 0xbf, 0xe4,
    0x24, 0xff, 0x74, 0xff, 0x75, 0xfa, 0x52, 0x7d, 0x24, 0xff, 0x52, 0xbb, 0x45, 0xfa, 0x5a, 0x6d,
    0x24, 0xff, 0x52, 0x7f, 0x45, 0xff, 0x5f, 0x72, 0x24, 0xff, 0xef, 0x44, 0xef, 0x69, 0x4f, 0xd9,
    0x24, 0xff, 0x7e, 0xff, 0xab, 0x7e, 0x4a, 0x7e, 0x24, 0xff, 0x24, 0xce, 0xff, 0x52, 0xec, 0x53,
    0x24, 0xff, 0xea, 0x5f, 0xea, 0x5f, 0xe9, 0x4f, 0x24, 0xff, 0x08, 0xff, 0x66, 0xbd, 0x3c, 0x44,
    0x24, 0xff, 0x05, 0xbf, 0xe4, 0xfd, 0xb2, 0x5d, 0x24, 0xff, 0x24, 0xff, 0xa5, 0x7e, 0x08, 0xff,
    0x24, 0xff, 0xe4, 0x4f, 0xa9, 0x6f, 0xa6, 0x4b, 0x24, 0xff, 0xed, 0x4f, 0xe4, 0x5f, 0xf7, 0x5d,
    0x24, 0xff, 0x24, 0xfe, 0x76, 0xfb, 0x24, 0x7a, 0x24, 0xff, 0x5d, 0xb6, 0x5d, 0xff, 0x2a, 0xc9,
    0x24, 0xff, 0x77, 0xfb, 0xb5, 0x3e, 0xdd, 0x2a, 0x24, 0xff, 0x4e, 0xea, 0x0e, 0xef, 0xb9, 0xed,
    0x24, 0xff, 0x5e, 0xb6, 0x5a, 0xff, 0xf5, 0x5f, 0x24, 0xff, 0x2e, 0xd2, 0x4f, 0xeb, 0xef, 0x55,
    0x24, 0xff, 0x37, 0xa2, 0xf7, 0x25, 0xb7, 0x6d, 0x24, 0xff, 0xff, 0xb5, 0xf7, 0x25, 0x77, 0xad,
    0x24, 0xff, 0xa5, 0xe7, 0xa9, 0xbd, 0xe9, 0xbd, 0x24, 0xff, 0x0e, 0x7f, 0x55, 0x7f, 0x6b, 0xbf,
    0x24, 0xff, 0x21, 0xf7, 0x54, 0xf7, 0x74, 0x77, 0x24, 0xff, 0x25, 0x4f, 0x72, 0x57, 0x77, 0xaa,
    0x24, 0xff, 0x52, 0xbf, 0x5f, 0xea, 0xe4, 0x5b, 0x24, 0xff, 0xa5, 0xff, 0x4a, 0xbf, 0x4a, 0xef,
    0x0e, 0x08, 0x7f, 0x49, 0x4e, 0x78, 0x49, 0xcf, 0x7f, 0x44, 0x7f, 0x7f, 0x44, 0x7f, 0x65, 0xa5,
    0x0e, 0x7f, 0x4e, 0x79, 0x4e, 0x7b, 0x44, 0xbb, 0x07, 0x6f, 0x6a, 0xff, 0x4b, 0x6e, 0x3a, 0xd3,
    0x37, 0x7a, 0x77, 0x52, 0x7b, 0x79, 0x61, 0xbb, 0xfe, 0xfa, 0x22, 0xfa, 0xaa, 0xfa, 0x2b, 0xfd,
    0x4d, 0x45, 0xed, 0xa9, 0xed, 0x45, 0x65, 0xdd, 0x46, 0x42, 0xe9, 0xa0, 0xe4, 0x44, 0x69, 0xcf,
    0x49, 0x7f, 0x08, 0xff, 0x4a, 0x7e, 0x0a, 0xfd, 0x42, 0x4a, 0xe2, 0xaa, 0xe3, 0x4e, 0x62, 0xd2,
    0x4c, 0x44, 0xff, 0xb5, 0xf5, 0x5b, 0x71, 0xd3, 0x44, 0x5f, 0xe4, 0xae, 0xe4, 0x5f, 0x64, 0xd4,
    0x4a, 0x5f, 0xea, 0xaa, 0xee, 0x4a, 0x6a, 0xde, 0x42, 0x4c, 0xe8, 0xaf, 0xea, 0x4a, 0x6a, 0xdf,
    0x44, 0x5f, 0xe4, 0xa4, 0xff, 0x51, 0x71, 0xdf, 0x4e, 0x4a, 0xee, 0xaa, 0xee, 0x4a, 0x6a, 0xdf,
    0x44, 0x44, 0xff, 0xb5, 0xff, 0x55, 0x75, 0xdf, 0x44, 0x4a, 0xf7, 0xa0, 0xef, 0x45, 0x66, 0xd4,
    0x5f, 0x56, 0xff, 0xb6, 0xf6, 0x5f, 0x6f, 0xc9, 0x48, 0x4f, 0xf1, 0xaf, 0xeb, 0x4e, 0x69, 0xcf,
    0x5f, 0x51, 0xff, 0xbb, 0xfb, 0x5f, 0x71, 0xdf, 0x41, 0x4e, 0xe2, 0xaf, 0xe2, 0x4f, 0x69, 0xdf,
    0xee, 0x4a, 0x6e, 0xcb, 0x3e, 0x3e, 0x0a, 0xfd, 0x24, 0x7e, 0x24, 0xff, 0x6a, 0xbf, 0x0a, 0xfd,
    0x44, 0x5f, 0xea, 0xb1, 0xea, 0x4a, 0x64, 0xdb, 0x4c, 0x4e, 0xf4, 0xbf, 0xe4, 0x4e, 0x75, 0xc4,
    0x45, 0x4f, 0xe6, 0xbf, 0xec, 0x57, 0x64, 0xd7, 0x59, 0x4e, 0xea, 0xb7, 0xfe, 0x4f, 0x68, 0xd7,
    0x4f, 0x49, 0xef, 0xaf, 0xe9, 0x4f, 0x66, 0xdb, 0x4e, 0x5a, 0xfe, 0xbe, 0xe2, 0x5f, 0x6a, 0xd1,
    0x7f, 0x55, 0x7f, 0x91, 0x7d, 0x7d, 0x15, 0xfb, 0x7f, 0x7e, 0x54, 0x7b, 0xbe, 0x3e, 0x0a, 0x7d,
    0x4a, 0x51, 0xff, 0xb1, 0xff, 0x4a, 0x6a, 0xd3, 0xe1, 0x5e, 0xc4, 0x56, 0xbf, 0x3e, 0x2a, 0xfd,
    0x42, 0x4d, 0xf5, 0xaf, 0xe1, 0x42, 0x6f, 0xd2, 0x44, 0x4a, 0xff, 0xa4, 0xff, 0x44, 0x75, 0xd5,
    0x5f, 0x42, 0xff, 0xb5, 0xff, 0x55, 0x7f, 0xd5, 0x45, 0x5b, 0xeb, 0xbf, 0xeb, 0x5f, 0x79, 0xeb,
    0x4e, 0x4a, 0xee, 0xae, 0xe8, 0x4f, 0x75, 0xcb, 0x44, 0x5f, 0xf1, 0xaf, 0xf5, 0x4d, 0x64, 0xdb,
    0x5a, 0x69, 0xff, 0xb2, 0xed, 0x4c, 0x6a, 0xce, 0x44, 0x5f, 0xe4, 0xbf, 0xef, 0x4d, 0x6f, 0xc9,
    0x49, 0x5e, 0xea, 0xbf, 0xfb, 0x4b, 0x6b, 0xcd, 0x5f, 0x55, 0xff, 0xb5, 0xff, 0x5b, 0x7f, 0xd1,
    0x14, 0xf7, 0xf7, 0x3e, 0x2a, 0x3e, 0x0a, 0x7d, 0x5f, 0x4a, 0xee, 0xa0, 0xff, 0x5f, 0x75, 0xdf,
    0x5f, 0x55, 0xff, 0xaa, 0xee, 0x4a, 0x6e, 0xda, 0x4f, 0x49, 0xeb, 0xbf, 0xf1, 0x5f, 0x7b, 0xdf,
    0x45, 0x5b, 0xe9, 0xbf, 0xe9, 0x5f, 0x69, 0xc9, 0x4e, 0x4a, 0xee, 0xa8, 0xef, 0x59, 0x6d, 0xc2,
    0x4b, 0x5f, 0xeb, 0xbf, 0xf7, 0x5f, 0x63, 0xc5, 0x44, 0x4e, 0xea, 0xbf, 0xe4, 0x4e, 0x64, 0xdf,
    0xfc, 0x15, 0xfb, 0x25, 0x7e, 0x7e, 0x36, 0xed, 0x48, 0x4f, 0xfe, 0xaa, 0xee, 0x5a, 0x64, 0xdb,
    0x5f, 0x50, 0xff, 0xb0, 0xff, 0x55, 0x7f, 0xd5, 0x44, 0x4a, 0xf7, 0xa0, 0xfd, 0x56, 0x7e, 0xd5,
    0x52, 0x57, 0xf8, 0xb7, 0xfa, 0x57, 0x76, 0xca, 0x4e, 0x4a, 0xee, 0xbf, 0xe8, 0x4f, 0x6b, 0xd5,
    0x5f, 0x5b, 0xea, 0xbb, 0xfb, 0x5b, 0x68, 0xcf, 0xab, 0x22, 0x55, 0xff, 0xab, 0x3e, 0x0a, 0xfd,
    0x5f, 0x51, 0xee, 0xae, 0xe4, 0x5f, 0x64, 0xdb, 0x4b, 0x5f, 0xf6, 0xbf, 0xf7, 0x5f, 0x72, 0xda,
    0x24, 0x77, 0xfd, 0x56, 0xa9, 0x3e, 0x3e, 0xf9, 0x42, 0x5c, 0xed, 0xbf, 0xee, 0x55, 0x6c, 0xd7,
    0x1c, 0x74, 0x08, 0xf7, 0x22, 0x77, 0x77, 0xee, 0x44, 0x5f, 0xee, 0xb5, 0xea, 0x55, 0x7f, 0xc4,
    0x4a, 0x5f, 0xf1, 0xae, 0xea, 0x5f, 0x75, 0xc4, 0xea, 0xef, 0x5a, 0xef, 0xea, 0xef, 0x6a, 0xdf,
    0x24, 0x77, 0xfd, 0x76, 0xa9, 0x3e, 0x3e, 0xf9, 0x24, 0xfe, 0x56, 0xfb, 0x28, 0x3e, 0x3e, 0xf9,
    0x4a, 0x5f, 0xf1, 0xae, 0xea, 0x4e, 0x64, 0xdf, 0x24, 0xff, 0x7e, 0xff, 0x6b, 0xbe, 0x0a, 0xfd,
    0x4a, 0x5f, 0xe0, 0xae, 0xea, 0x5f, 0x64, 0xdb, 0x44, 0x5e, 0xf7, 0xbe, 0xe4, 0x5f, 0x6a, 0xcf,
    0x44, 0x4e, 0xff, 0xbb, 0xee, 0x5f, 0x6a, 0xd3, 0x08, 0x3e, 0x3e, 0xf9, 0x22, 0x77, 0x77, 0xee,
    0x4f, 0x54, 0xff, 0xae, 0xf5, 0x4e, 0x6e, 0xde, 0x4f, 0x55, 0xfb, 0xb4, 0xff, 0x54, 0x7f, 0xd6,
    0x5a, 0x5a, 0xff, 0xab, 0xfe, 0x5e, 0x7f, 0xd5, 0x46, 0x5a, 0xef, 0xab, 0xef, 0x56, 0x69, 0xcf,
    0x5e, 0x4d, 0xed, 0xbd, 0xe4, 0x5f, 0x6e, 0xdf, 0x4a, 0x5f, 0xf1, 0xae, 0xea, 0x5f, 0x75, 0xdf,
    0x4a, 0x5f, 0xea, 0xb5, 0xff, 0x4a, 0x7f, 0xca, 0x4a, 0x5f, 0xff, 0xaa, 0xf1, 0x4a, 0x7f, 0xca,
    0x4a, 0x4e, 0xf5, 0xae, 0xf5, 0x5f, 0x64, 0xd5, 0x4a, 0x5f, 0xee, 0xac, 0xef, 0x4a, 0x64, 0xdb,
    0x4e, 0x5f, 0xf5, 0xa0, 0xff, 0x48, 0x7f, 0xd5, 0x3c, 0xff, 0x5a, 0x99, 0x22, 0x77, 0x77, 0xee,
    0x3e, 0xff, 0x1a, 0xec, 0x3b, 0x77, 0x77, 0xee, 0x3e, 0x2a, 0x7f, 0x77, 0x77, 0xff, 0x5a, 0xff,
    0x77, 0xaa, 0xff, 0x7b, 0xa2, 0x77, 0x77, 0xee, 0x08, 0xff, 0x7f, 0xbe, 0xaa, 0x77, 0x77, 0xee,
    0x08, 0xff, 0xff, 0x6a, 0x22, 0x77, 0x77, 0xee, 0x5a, 0xbd, 0x5a, 0xe7, 0x5a, 0x3e, 0x3e, 0xf9,
    0x2f, 0x75, 0x75, 0x7f, 0x75, 0x75, 0x75, 0xcf, 0x2f, 0x75, 0x75, 0x7d, 0x77, 0x75, 0xc9, 0x13,
    0x4b, 0xbc, 0x4b, 0xd5, 0x49, 0x55, 0x7b, 0x41, 0x5f, 0xb8, 0x5f, 0xfe, 0x42, 0x5a, 0x5a, 0x46,
    0x5f, 0xbc, 0x5f, 0xd9, 0x7d, 0x7d, 0x75, 0x53, 0x77, 0xb6, 0x77, 0xc1, 0x55, 0x5f, 0x75, 0x5f,
    0x21, 0xf6, 0x10, 0x21, 0x76, 0xb0, 0x21, 0x26, 0x08, 0x3e, 0x08, 0xff, 0x22, 0x3e, 0x64, 0xb3,
    0x18, 0x24, 0xdb, 0x3c, 0x08, 0xff, 0x64, 0xb3, 0x08, 0xff, 0x42, 0xbd, 0x24, 0x3d, 0x66, 0xb3,
    0x4f, 0xe9, 0x29, 0x4f, 0xe9, 0x69, 0x49, 0x4f, 0x42, 0xec, 0x24, 0x5f, 0xe4, 0x64, 0x44, 0x5f,
    0x49, 0xee, 0x3a, 0x4a, 0xef, 0x6a, 0x4a, 0x4f, 0x4c, 0xe4, 0x3f, 0x55, 0xf5, 0x7b, 0x51, 0x53,
    0x44, 0xef, 0x25, 0x45, 0xff, 0x64, 0x4a, 0x51, 0x44, 0xea, 0x31, 0x44, 0xea, 0x65, 0x42, 0x4c,
    0x4f, 0xe9, 0x2f, 0x49, 0xe9, 0x6f, 0x40, 0x5f, 0x48, 0xef, 0x34, 0x44, 0xee, 0x6d, 0x55, 0x44,
    0x44, 0xef, 0x29, 0x49, 0xef, 0x69, 0x49, 0x4f, 0x44, 0xee, 0x35, 0x5f, 0xe4, 0x7f, 0x44, 0x44,
    0x48, 0xef, 0x31, 0x4f, 0xeb, 0x6e, 0x49, 0x4f, 0x08, 0xff, 0x3c, 0xff, 0x2a, 0xd8, 0x64, 0xb3,
    0x3e, 0xff, 0x52, 0x7f, 0x08, 0xff, 0x64, 0xb3, 0x44, 0xee, 0x24, 0x5f, 0xe4, 0x6e, 0x44, 0x5f,
    0x4b, 0xea, 0x2f, 0x5a, 0xea, 0x6a, 0x4d, 0x4d, 0x44, 0xe7, 0x24, 0x5f, 0xff, 0x66, 0x45, 0x44,
    0x4b, 0xf0, 0x2b, 0x59, 0xe9, 0x69, 0x49, 0x4b, 0x08, 0xff, 0x64, 0xb3, 0xff, 0xa5, 0xdf, 0x99,
    0x0a, 0xff, 0x2a, 0x1c, 0xeb, 0xff, 0x64, 0xb3, 0x5e, 0xea, 0x3f, 0x4a, 0xfe, 0x68, 0x5e, 0x4e,
    0xa4, 0xff, 0x64, 0xbf, 0x08, 0xff, 0x64, 0xb3, 0x08, 0xff, 0x2a, 0x3e, 0x2a, 0xff, 0x64, 0xb3,
    0x4a, 0xfe, 0x2a, 0x5f, 0xea, 0x7e, 0x4a, 0x5e, 0x4e, 0xea, 0x2e, 0x4e, 0xe8, 0x6f, 0x55, 0x4b,
    0x24, 0xe7, 0xe7, 0x24, 0x08, 0xff, 0x64, 0xb3, 0x48, 0xff, 0x35, 0x5f, 0xff, 0x6a, 0x5f, 0x42,
    0x5f, 0xe4, 0x3f, 0x55, 0xff, 0x7f, 0x55, 0x55, 0x48, 0xff, 0x2a, 0x5f, 0xea, 0x7f, 0x54, 0x5f,
    0x5f, 0xf5, 0x3f, 0x4e, 0xee, 0x64, 0x5f, 0x44, 0x43, 0xfc, 0x3f, 0x50, 0xff, 0x75, 0x5f, 0x55,
    0x4f, 0xf5, 0x37, 0x52, 0xff, 0x72, 0x57, 0x5a, 0x08, 0xff, 0x2a, 0xdf, 0xc4, 0xd5, 0x64, 0xb3,
    0x5e, 0xf6, 0x3a, 0x5e, 0xe0, 0x7f, 0x55, 0x5f, 0x5f, 0xff, 0x3a, 0x5d, 0xe2, 0x7f, 0x4a, 0x46,
    0x57, 0xe5, 0x37, 0x45, 0xfe, 0x6d, 0x48, 0x77, 0x5f, 0xf4, 0x3f, 0x5e, 0xff, 0x76, 0x5d, 0x69,
    0x5d, 0xef, 0x3a, 0x57, 0xff, 0x6f, 0x4b, 0x56, 0x08, 0xff, 0x55, 0x77, 0x3e, 0xff, 0x64, 0xb3,
    0x08, 0xff, 0x64, 0xfe, 0x36, 0xcb, 0x64, 0xb3, 0x5b, 0xe9, 0x3b, 0x49, 0xe4, 0x6f, 0x49, 0x4f,
    0x44, 0xfe, 0x37, 0x5e, 0xe4, 0x7f, 0x4a, 0x4f, 0x5b, 0xfb, 0x20, 0x5f, 0xf5, 0x7f, 0x5f, 0x44,
    0x55, 0xe0, 0x3f, 0x55, 0xff, 0x64, 0x5f, 0x44, 0x4a, 0xff, 0x31, 0x4e, 0xea, 0x7f, 0x55, 0x5f,
    0x72, 0x5f, 0x75, 0x4f, 0xb2, 0xff, 0x64, 0xb3, 0x4e, 0xff, 0x35, 0x40, 0xff, 0x68, 0x5f, 0x55,
    0x5c, 0xf7, 0x38, 0x57, 0xf8, 0x6e, 0x4a, 0x5f, 0x4b, 0xfe, 0x2b, 0x5f, 0xe3, 0x7f, 0x54, 0x5f,
    0x4a, 0xff, 0x2f, 0x4f, 0xe0, 0x7f, 0x56, 0x6f, 0x4b, 0xff, 0x37, 0x5f, 0xeb, 0x7f, 0x5e, 0x6b,
    0x5b, 0xfb, 0x3b, 0x55, 0xff, 0x7f, 0x55, 0x5f, 0x55, 0xff, 0x2e, 0x55, 0xee, 0x64, 0x5f, 0x44,
    0xff, 0x24, 0xff, 0xa5, 0xa5, 0xbd, 0x81, 0x81, 0xff, 0x7f, 0x7d, 0x3e, 0x22, 0x3e, 0xff, 0x08,
    0xff, 0x7f, 0x7d, 0x74, 0x57, 0x7e, 0xfe, 0xff, 0xff, 0x7f, 0x7f, 0xfe, 0x67, 0x77, 0xff, 0x3f,
    0x7f, 0x4a, 0xbd, 0x24, 0x3c, 0x24, 0x3d, 0xef, 0x4f, 0x69, 0x4f, 0xef, 0xa9, 0xaf, 0xe6, 0x3b,
    0xff, 0x29, 0x7f, 0x7f, 0xa9, 0x3f, 0xe6, 0x1b, 0x27, 0x75, 0x27, 0xff, 0x45, 0xf7, 0x56, 0x7b,
    0x27, 0x55, 0xbf, 0x07, 0xd5, 0xe7, 0xe6, 0xdb, 0x2f, 0xb9, 0xff, 0xff, 0x99, 0xff, 0x56, 0xfb,
    0x57, 0xfd, 0x57, 0xff, 0xf5, 0x97, 0xf6, 0x9b, 0x57, 0xfd, 0x57, 0xff, 0xad, 0xff, 0x26, 0xfb,
    0x2a, 0x56, 0x6a, 0xff, 0xbd, 0x24, 0x3d, 0xef, 0xf4, 0xa7, 0xeb, 0xf7, 0x3c, 0x24, 0x3d, 0xef,
    0x27, 0xfd, 0x77, 0xdf, 0xfd, 0x57, 0x76, 0xdb, 0x57, 0xfd, 0xaf, 0xff, 0x55, 0x7f, 0xd6, 0x7b,
    0x61, 0xae, 0x76, 0x56, 0x56, 0x76, 0x55, 0x99, 0x25, 0xb6, 0xa4, 0xf7, 0x3e, 0x2a, 0x3e, 0x42,
    0x62, 0xbc, 0x74, 0x5f, 0x54, 0x72, 0x59, 0x9f, 0x65, 0xaf, 0x72, 0x57, 0x52, 0x7f, 0x52, 0x92,
    0x68, 0xaf, 0x7a, 0x5e, 0x58, 0x7f, 0x5b, 0x95, 0x6f, 0xad, 0x7f, 0x55, 0x5f, 0x7f, 0x57, 0x9d,
    0x48, 0xe8, 0x08, 0xec, 0x0a, 0xea, 0xa8, 0xe8, 0x48, 0xef, 0x10, 0xee, 0x04, 0xe8, 0xb1, 0xef,
    0x5f, 0xe4, 0x04, 0xff, 0x04, 0xe4, 0xa4, 0xe4, 0x4f, 0xe2, 0x02, 0xe2, 0x02, 0xe2, 0xa2, 0xef,
    0x46, 0xea, 0x1a, 0xeb, 0x0a, 0xea, 0xaa, 0xeb, 0x4f, 0xea, 0x0a, 0xff, 0x06, 0xea, 0xb2, 0xe6,
    0x4c, 0xe4, 0x1f, 0xf5, 0x15, 0xfb, 0xb1, 0xf3, 0x5f, 0xe1, 0x1d, 0xf5, 0x15, 0xfd, 0xa1, 0xe3,
    0x44, 0xff, 0x04, 0xe4, 0x1f, 0xf1, 0xb1, 0xff, 0x4e, 0xea, 0x0e, 0xea, 0x0e, 0xea, 0xaa, 0xff,
    0x44, 0xe4, 0x09, 0xef, 0x00, 0xef, 0xa9, 0xef, 0x42, 0xfc, 0x14, 0xff, 0x14, 0xf2, 0xb9, 0xff,
    0xff, 0xa5, 0xff, 0x18, 0xff, 0x7e, 0x42, 0x7e, 0x44, 0xff, 0x08, 0xf2, 0x0b, 0xea, 0xa2, 0xed,
    0x46, 0xea, 0x0f, 0xe8, 0x0f, 0xed, 0xac, 0xf7, 0x41, 0xee, 0x08, 0xef, 0x08, 0xef, 0xad, 0xf7,
    0x48, 0xef, 0x11, 0xfd, 0x15, 0xfd, 0xb5, 0xfd, 0x4c, 0xee, 0x14, 0xff, 0x04, 0xee, 0xb5, 0xe4,
    0x4a, 0xea, 0x1b, 0xea, 0x1b, 0xea, 0xaa, 0xf3, 0x44, 0xff, 0x04, 0xee, 0x04, 0xff, 0xae, 0xf5,
    0x48, 0xef, 0x1e, 0xea, 0x1f, 0xf2, 0xbf, 0xe2, 0x45, 0xe4, 0x1f, 0xe4, 0x15, 0xfa, 0xb2, 0xf5,
    0x57, 0xea, 0x12, 0xef, 0x1a, 0xea, 0xaa, 0xf7, 0x4a, 0xef, 0x12, 0xff, 0x02, 0xef, 0xa9, 0xef,
    0x5f, 0xe2, 0x1f, 0xf5, 0x1f, 0xf5, 0xbf, 0xf5, 0x4b, 0xf2, 0x0f, 0xe9, 0x0f, 0xe9, 0xaf, 0xe9,
    0x5f, 0xe4, 0x0e, 0xee, 0x0e, 0xf5, 0xa4, 0xff, 0x44, 0xff, 0x0e, 0xea, 0x0e, 0xff, 0xa4, 0xec,
    0x5e, 0xf5, 0x1f, 0xe5, 0x1f, 0xe5, 0xbf, 0xec, 0x47, 0xe9, 0x02, 0xfb, 0x11, 0xfb, 0xb1, 0xff,
    0x44, 0xff, 0x11, 0xee, 0x04, 0xee, 0xac, 0xf3, 0x44, 0xff, 0x04, 0xff, 0x17, 0xff, 0xae, 0xf5,
    0x44, 0xff, 0x0a, 0xff, 0x00, 0xee, 0xaa, 0xee, 0x52, 0xfb, 0x12, 0xfb, 0x04, 0xef, 0xa9, 0xef,
    0x5f, 0xf5, 0x1f, 0xff, 0x04, 0xe7, 0xa9, 0xe2, 0x4e, 0xea, 0x1f, 0xf2, 0x1e, 0xf4, 0xbf, 0xe4,
    0x43, 0xef, 0x0f, 0xeb, 0x08, 0xef, 0xac, 0xf7, 0x44, 0xff, 0x11, 0xee, 0x0a, 0xee, 0xaa, 0xff,
    0x5f, 0xf5, 0x1f, 0xee, 0x0e, 0xe4, 0xbf, 0xe4, 0x5e, 0xf6, 0x1a, 0xfe, 0x1a, 0xfe, 0xbb, 0xed,
    0x5f, 0xf0, 0x1f, 0xf0, 0x1f, 0xf5, 0xbf, 0xf5, 0x4c, 0xf7, 0x1d, 0xf5, 0x1f, 0xe4, 0xaa, 0xf1,
    0x5f, 0xe2, 0x0a, 0xe2, 0x1f, 0xe2, 0xaa, 0xe2, 0x08, 0xff, 0xa5, 0x7e, 0x99, 0xff, 0x24, 0x3c,
    0x4e, 0xf1, 0x0e, 0xee, 0x11, 0xef, 0xab, 0xff, 0x4e, 0xf5, 0x0e, 0xe2, 0x04, 0xef, 0xad, 0xff,
    0x4f, 0xef, 0x0f, 0xea, 0x17, 0xfa, 0xa4, 0xfb, 0x46, 0xed, 0x0e, 0xf7, 0x08, 0xef, 0xad, 0xff,
    0x44, 0xff, 0x0a, 0xff, 0x05, 0xff, 0xaa, 0xf6, 0x47, 0xed, 0x02, 0xec, 0x1f, 0xe4, 0xb5, 0xff,
    0x5f, 0xfa, 0x1e, 0xf0, 0x1f, 0xf5, 0xbf, 0xff, 0xa8, 0xef, 0x55, 0xff, 0xe1, 0x4d, 0xed, 0x47,
    0x26, 0xf9, 0x76, 0x4d, 0xbe, 0xff, 0x22, 0x3e, 0x44, 0xff, 0x0a, 0xff, 0x15, 0xff, 0xbb, 0xff,
    0x5e, 0xf2, 0x1f, 0xf5, 0x1f, 0xea, 0xa4, 0xfb, 0x4a, 0xff, 0x0a, 0xee, 0x04, 0xff, 0xaa, 0xf1,
    0x4a, 0xff, 0x0e, 0xff, 0x0e, 0xe4, 0xbf, 0xe4, 0x42, 0xfd, 0x15, 0xfe, 0x12, 0xff, 0xa1, 0xfb,
    0x49, 0xf2, 0x09, 0xf2, 0x1f, 0xeb, 0xb2, 0xe5, 0x5e, 0xe4, 0x1f, 0xed, 0x14, 0xff, 0xbb, 0xf5,
    0x5d, 0xea, 0x11, 0xee, 0x0a, 0xee, 0xa4, 0xff, 0x4a, 0xff, 0x1b, 0xee, 0x15, 0xee, 0xaa, 0xee,
    0x4a, 0xff, 0x0a, 0xf5, 0x00, 0xee, 0xaa, 0xee, 0x5f, 0xea, 0x1f, 0xff, 0x0a, 0xee, 0xbf, 0xe4,
    0x4c, 0xff, 0x15, 0xfa, 0x1f, 0xf6, 0xbf, 0xef, 0x4e, 0xea, 0x1f, 0xf5, 0x1f, 0xe4, 0xae, 0xf5,
    0x74, 0x5f, 0x7a, 0xdf, 0x74, 0xff, 0x22, 0x3e, 0x5f, 0xf5, 0x1f, 0xe4, 0x1f, 0xea, 0xbf, 0xe4,
    0x52, 0xe7, 0x02, 0xff, 0x16, 0xf7, 0xb5, 0xef, 0x2e, 0x56, 0xff, 0x42, 0xbd, 0xff, 0x24, 0x3c,
    0x44, 0xff, 0x0e, 0xfb, 0x1f, 0xea, 0xae, 0xfb, 0x4a, 0xff, 0x1e, 0xeb, 0x1e, 0xeb, 0xa0, 0xf5,
    0x4a, 0x7f, 0xe2, 0x7f, 0x62, 0x7f, 0x76, 0x7f, 0x47, 0xfe, 0x0b, 0xed, 0x17, 0xfe, 0xad, 0xf7,
    0x44, 0xff, 0x15, 0xff, 0x0e, 0xff, 0xaa, 0xed, 0x56, 0xea, 0x1f, 0xea, 0x1e, 0xff, 0xaa, 0xfd,
    0x4a, 0xff, 0x15, 0xff, 0x0a, 0xef, 0xba, 0xef, 0x4a, 0xff, 0x1a, 0xef, 0x0e, 0xea, 0xae, 0xfb,
    0x57, 0x8d, 0x25, 0x5f, 0x83, 0xf5, 0x59, 0x73, 0x25, 0xf8, 0xaa, 0x75, 0x20, 0xff, 0x55, 0x77,
    0x77, 0xef, 0x76, 0x26, 0x35, 0x7f, 0xfd, 0xd7, 0x49, 0x7f, 0xff, 0x3e, 0x22, 0x3e, 0x14, 0xff,
    0xe4, 0x1f, 0xf1, 0xaf, 0xf5, 0x4d, 0x64, 0xdb, 0xf7, 0xa5, 0xf2, 0xf5, 0x7f, 0x22, 0x3e, 0xff,
    0x55, 0x7f, 0x55, 0x7f, 0xff, 0x22, 0x3e, 0xff, 0xff, 0x18, 0xed, 0x16, 0xee, 0x15, 0x65, 0x18,
    0x2a, 0x7f, 0xff, 0x7e, 0xdb, 0x7e, 0x7f, 0x7d, 0xf5, 0x4f, 0x56, 0xaf, 0x65, 0xaf, 0x55, 0x87,
    0x04, 0x79, 0x16, 0xfc, 0x0a, 0x76, 0x0a, 0x74, 0x42, 0xa2, 0x6f, 0x42, 0xa6, 0x6a, 0xa2, 0x46,
    0x4f, 0xa5, 0x65, 0x4b, 0xa0, 0x6f, 0xa9, 0x4f, 0x48, 0xae, 0x7a, 0x44, 0xaa, 0x7f, 0xaa, 0x4e,
    0x4a, 0xaa, 0x6f, 0x5a, 0xaf, 0x6f, 0xaa, 0x4a, 0x4f, 0xa4, 0x6f, 0x49, 0xaf, 0x69, 0xa9, 0x4f,
    0x5f, 0xb5, 0x7f, 0x55, 0xbf, 0x64, 0xae, 0x5f, 0x44, 0xab, 0x69, 0x4d, 0xa9, 0x6f, 0xa6, 0x5b,
    0x44, 0xaf, 0x6b, 0x4f, 0xb2, 0x7b, 0xb2, 0x5b, 0x4a, 0xaa, 0x6f, 0x4a, 0xaa, 0x6a, 0xae, 0x5b,
    0x4a, 0xbf, 0x60, 0x4e, 0xaa, 0x7f, 0xa4, 0x5b, 0xe5, 0xa4, 0xff, 0xe4, 0xa5, 0xe2, 0x02, 0xa5,
    0x06, 0x78, 0x7f, 0x52, 0x5e, 0x52, 0x5e, 0xb3, 0x1c, 0x2a, 0xdd, 0x04, 0x3e, 0x22, 0x3e, 0xe3,
    0xe4, 0xa4, 0xe9, 0xef, 0xa0, 0xef, 0x09, 0xaf, 0x25, 0xb6, 0xa4, 0xf7, 0x3e, 0x22, 0x3e, 0xf3,
    0x05, 0xff, 0x04, 0xfc, 0x7c, 0x4a, 0x7a, 0xcd, 0x75, 0xff, 0x04, 0xfc, 0x7c, 0x4a, 0x7a, 0xcd,
    0xe3, 0xbc, 0xe4, 0xff, 0xa1, 0xe2, 0x0c, 0xb3, 0xff, 0x7f, 0x55, 0x7f, 0x3e, 0x22, 0x3e, 0xe3,
    0x08, 0xff, 0x2a, 0xff, 0x3e, 0x22, 0x3e, 0xf3, 0xe5, 0xbf, 0xe2, 0xed, 0xa4, 0xff, 0x02, 0xad,
    0x08, 0xff, 0x7f, 0x55, 0x7f, 0x22, 0x3e, 0xf3, 0x08, 0xff, 0x2a, 0xdd, 0x3e, 0x22, 0x3e, 0xe3,
    0x08, 0xff, 0xa5, 0x7e, 0x7e, 0xa5, 0x3c, 0xe7, 0xea, 0xbf, 0xec, 0xff, 0xad, 0xff, 0x0e, 0xb5,
    0xe5, 0xbf, 0xf6, 0xfe, 0xb6, 0xff, 0x0a, 0xa6, 0x24, 0xfe, 0x56, 0xfb, 0x3e, 0x22, 0x3e, 0xf3,
    0x24, 0x77, 0xfa, 0x55, 0xbe, 0x22, 0x3e, 0xf3, 0x66, 0xff, 0x66, 0xbb, 0x3e, 0x22, 0x3e, 0xf3,
    0x2e, 0xff, 0x56, 0x2d, 0xfe, 0x22, 0x3e, 0xf3, 0x08, 0xff, 0x22, 0x7f, 0x6b, 0x7f, 0x6b, 0xa5,
    0xe6, 0xbf, 0xf5, 0xfa, 0xbf, 0xf6, 0x1f, 0xa7, 0xe4, 0xae, 0xff, 0xee, 0xb5, 0xef, 0x0d, 0xbf,
    0x08, 0xff, 0x7e, 0xb5, 0x7e, 0x56, 0x5e, 0xb6, 0xe3, 0xaf, 0xfa, 0xee, 0xbe, 0xef, 0x0a, 0xb5,
    0xe2, 0xaf, 0xea, 0xea, 0xaf, 0xea, 0x0a, 0xb7, 0x3e, 0x3e, 0x3e, 0x62, 0x77, 0x77, 0x77, 0xfd,
    0xe4, 0xbf, 0xee, 0xfb, 0xbf, 0xea, 0x0e, 0xbb, 0x2f, 0x79, 0x2f, 0xf8, 0x6f, 0xfd, 0x6a, 0xad,
    0x25, 0x7f, 0x26, 0xff, 0x65, 0xff, 0x65, 0xa7, 0x08, 0x7e, 0x08, 0xff, 0x22, 0x54, 0x68, 0x9f,
    0x22, 0x7a, 0x2a, 0xfa, 0x2b, 0x7e, 0x62, 0x9f, 0x22, 0x75, 0x28, 0xf2, 0x24, 0x71, 0x66, 0x9f,
    0x22, 0x77, 0x2a, 0xf7, 0x25, 0x77, 0x65, 0x9f, 0xe4, 0xbf, 0xe4, 0x5f, 0x71, 0xca, 0xc4, 0xfb,
    0xe2, 0xa2, 0xea, 0x4b, 0x6a, 0xca, 0xca, 0xff, 0xe4, 0xbf, 0xe4, 0x5f, 0x64, 0xc4, 0xca, 0xf1,
    0xe8, 0xbf, 0xed, 0x4d, 0x6d, 0xcd, 0xd5, 0xe7, 0xef, 0xad, 0xed, 0x5f, 0x6d, 0xcd, 0xcd, 0xe9,
    0xef, 0xa4, 0xe4, 0x47, 0x6d, 0xc5, 0xc5, 0xe7, 0xf4, 0xbf, 0xf4, 0x5f, 0x64, 0xc4, 0xca, 0xf1,
    0xe4, 0xbf, 0xf5, 0x54, 0x7e, 0xda, 0xd4, 0xeb, 0xe5, 0xa4, 0xff, 0x44, 0x65, 0xca, 0xd2, 0xe5,
    0xe6, 0xaa, 0xef, 0x48, 0x6f, 0xcd, 0xcc, 0xf7, 0xee, 0x4a, 0x6e, 0xd3, 0x3e, 0x7e, 0x48, 0xbf,
    0xfe, 0xb2, 0xfe, 0x52, 0x7e, 0xd5, 0xd6, 0xf9, 0xea, 0xaf, 0xf2, 0x5f, 0x66, 0xc6, 0xca, 0xf3,
    0xef, 0xa9, 0xef, 0x48, 0x6f, 0xc9, 0xdd, 0xed, 0xe4, 0xbf, 0xe4, 0x5f, 0x75, 0xdf, 0xce, 0xf5,
    0xe8, 0xbe, 0xf2, 0x5e, 0x72, 0xde, 0xd4, 0xfb, 0xe4, 0xbf, 0xe4, 0x5f, 0x64, 0xd7, 0xd4, 0xef,
    0xff, 0xb5, 0xff, 0x55, 0x7f, 0xc4, 0xce, 0xf5, 0xef, 0xaf, 0xea, 0x4f, 0x6a, 0xcf, 0xcd, 0xf7,
    0xe5, 0xbf, 0xe2, 0x4d, 0x64, 0xdf, 0xc2, 0xed, 0xf0, 0xbf, 0xeb, 0x5f, 0x6b, 0xcb, 0xd7, 0xf3,
    0xee, 0xa4, 0xff, 0x4d, 0x74, 0xdf, 0xce, 0xf5, 0xee, 0xbf, 0xe4, 0x5f, 0x75, 0xdf, 0xc4, 0xff,
    0xe4, 0xaa, 0xf7, 0x40, 0x7d, 0xd6, 0xde, 0xf5, 0xef, 0xa2, 0xef, 0x4d, 0x6f, 0xdf, 0xc5, 0xeb,
    0xe7, 0xbc, 0xf5, 0x4a, 0x7f, 0xdf, 0xc4, 0xfb, 0x95, 0x7f, 0x89, 0x88, 0x7f, 0xbe, 0x88, 0xff,
    0xea, 0xbf, 0xe4, 0x5f, 0x68, 0xcf, 0xd2, 0xef, 0xe4, 0xaa, 0xf5, 0x4e, 0x6a, 0xcf, 0xd9, 0xef,
    0xf5, 0xb5, 0xee, 0x5b, 0x6e, 0xca, 0xce, 0xea, 0xe3, 0xbe, 0xf5, 0x40, 0x6b, 0xd1, 0xdb, 0xff,
    0x0b, 0x7e, 0x55, 0x7a, 0x69, 0x9e, 0x2c, 0x5f, 0xea, 0xb2, 0xed, 0x54, 0x77, 0xd4, 0xdc, 0xfb,
    0xe4, 0xbf, 0xf6, 0x5f, 0x76, 0xd6, 0xd0, 0xeb, 0xe4, 0xbf, 0xf1, 0x4e, 0x60, 0xdf, 0xc4, 0xf5,
    0xea, 0xbf, 0xea, 0x5f, 0x75, 0xdf, 0xdf, 0xf5, 0xff, 0xb5, 0xff, 0x4e, 0x7f, 0xca, 0xdf, 0xe4,
    0xef, 0xaa, 0xef, 0x4e, 0x6f, 0xca, 0xcb, 0xf5, 0xea, 0xb1, 0xff, 0x5b, 0x71, 0xdf, 0xca, 0xe6,
    0xf5, 0xbf, 0xea, 0x5f, 0x64, 0xdf, 0xca, 0xf1, 0xee, 0xaa, 0xff, 0x55, 0x5f, 0xe4, 0xce, 0xf5,
    0xea, 0xbf, 0xe4, 0x4f, 0x66, 0xdf, 0xcd, 0xf7, 0xff, 0xb5, 0xff, 0x49, 0x7d, 0xdd, 0xcd, 0xfb,
    0x72, 0x5f, 0x75, 0x4f, 0xbe, 0x7e, 0x48, 0xbf, 0xe4, 0xbf, 0xee, 0x5b, 0x6e, 0xca, 0xce, 0xf2,
    0xe4, 0xbf, 0xee, 0x5f, 0x64, 0xdf, 0xd9, 0xe5, 0xea, 0xaf, 0xf5, 0x4e, 0x6e, 0xca, 0xce, 0xfb,
    0xf7, 0xbd, 0xfe, 0x55, 0x7d, 0xde, 0xdc, 0xf4, 0xe4, 0xbf, 0xfe, 0x5e, 0x74, 0xdf, 0xd4, 0xef,
    0xff, 0xb5, 0xff, 0x51, 0x75, 0xdf, 0xd7, 0xf7, 0xea, 0xbf, 0xff, 0x55, 0x7b, 0xd1, 0xd7, 0xf7,
    0xef, 0xa6, 0xee, 0x42, 0x7f, 0xdb, 0xdf, 0xe9, 0x27, 0x71, 0x57, 0x74, 0x57, 0xf9, 0x31, 0xd6,
    0x44, 0xe4, 0xbf, 0xe4, 0xae, 0xf5, 0x6e, 0xa4, 0x4a, 0xff, 0xbb, 0xff, 0xb1, 0xff, 0x6a, 0xbf,
    0x4e, 0xeb, 0xa9, 0xf3, 0xa4, 0xff, 0x6e, 0xb5, 0x4a, 0xff, 0xa4, 0xff, 0xa4, 0xff, 0x64, 0xbb,
    0x4f, 0xea, 0xac, 0xef, 0xae, 0xff, 0x6e, 0xb7, 0x4f, 0xec, 0xaf, 0xee, 0xaf, 0xf6, 0x6d, 0xa6,
    0x48, 0xe8, 0x48, 0xe8, 0xe8, 0x48, 0xe9, 0x4f, 0x4f, 0xe8, 0x4f, 0xed, 0xef, 0x4c, 0xed, 0x57,
    0x08, 0xff, 0x2a, 0xff, 0x08, 0x62, 0x14, 0xe3, 0x54, 0xff, 0x54, 0xff, 0xe4, 0x44, 0xea, 0x51,
    0x5f, 0xe1, 0x5d, 0xf5, 0xf5, 0x5d, 0xe1, 0x43, 0x44, 0xea, 0x51, 0xe4, 0xea, 0x45, 0xe2, 0x4c,
    0x43, 0xe2, 0x5f, 0xe2, 0xfe, 0x4a, 0xe9, 0x5d, 0x5f, 0xe4, 0x4a, 0xfd, 0xe4, 0x4e, 0xe4, 0x5f,
    0x48, 0xee, 0x5a, 0xe4, 0xea, 0x5f, 0xea, 0x4e, 0x5f, 0xf5, 0x4a, 0xf5, 0xe0, 0x5f, 0xe4, 0x5f,
    0x5f, 0xf6, 0x5e, 0xf6, 0xfe, 0x56, 0xff, 0x45, 0x5f, 0xf4, 0x5f, 0xf5, 0x9b, 0x56, 0xff, 0x45,
    0x4e, 0xf2, 0x5f, 0xf5, 0xff, 0x44, 0xed, 0x57, 0x45, 0xea, 0x45, 0xe0, 0xef, 0x4d, 0xeb, 0x4f,
    0x5b, 0xe9, 0x4a, 0xf5, 0xfb, 0x49, 0xea, 0x55, 0x5f, 0xe4, 0x5f, 0xf5, 0xff, 0x5f, 0xf5, 0x55,
    0x5f, 0xe4, 0x5f, 0xf5, 0xff, 0x5f, 0xf1, 0x53, 0x22, 0xf7, 0x22, 0x55, 0xff, 0x2a, 0xff, 0x08,
    0x44, 0xff, 0x5f, 0xea, 0xf5, 0x5f, 0xee, 0x51, 0x5f, 0xea, 0x4e, 0xff, 0xf5, 0x5f, 0x91, 0x5f,
    0x48, 0xef, 0x5e, 0xea, 0xee, 0x5a, 0xe4, 0x5b, 0x44, 0xee, 0x5f, 0xea, 0xee, 0x45, 0xfa, 0x4d,
    0xfe, 0x76, 0xfb, 0xa8, 0xff, 0x75, 0xfa, 0x25, 0x5f, 0xf1, 0x5f, 0xf6, 0xff, 0x5f, 0xea, 0x6d,
    0x5f, 0xe4, 0x5f, 0xf5, 0xee, 0x5f, 0xe2, 0x4e, 0x44, 0xff, 0x56, 0xfe, 0xf6, 0x5f, 0xea, 0x46,
    0x44, 0xef, 0x56, 0xff, 0xfa, 0x5f, 0xfa, 0x4d, 0x4e, 0xff, 0x4a, 0xf5, 0xe4, 0x5f, 0xf1, 0x55,
    0x43, 0xff, 0x52, 0xfa, 0xfd, 0x52, 0xed, 0x56, 0x4e, 0xff, 0x55, 0xe0, 0xff, 0x48, 0xff, 0x55,
    0x55, 0xee, 0x55, 0xfb, 0xe4, 0x5f, 0xee, 0x55, 0x5f, 0xf5, 0x5f, 0xf5, 0xfa, 0x53, 0xf6, 0x6f,
    0x46, 0xff, 0x53, 0xf6, 0xf6, 0x5f, 0xed, 0x5f, 0x08, 0xff, 0x22, 0x7f, 0x14, 0xff, 0x3e, 0x08,
    0x74, 0x5f, 0x7a, 0x4f, 0x74, 0xdf, 0x74, 0x04, 0x44, 0xff, 0xa4, 0xff, 0x55, 0xff, 0x4e, 0x95,
    0x32, 0xcf, 0xf5, 0x4f, 0xf2, 0xdf, 0xb2, 0xd2, 0x5a, 0xe7, 0xbd, 0xe7, 0x5a, 0xe7, 0x5a, 0x9a,
    0x80, 0x40, 0x80, 0x5f, 0xc0, 0x40, 0x40, 0xbf, 0x84, 0x5f, 0x95, 0x55, 0xdf, 0x44, 0x44, 0xbf,
    0x9f, 0x51, 0x9f, 0x5b, 0xdf, 0x51, 0x53, 0xbf, 0x9f, 0x45, 0x89, 0x40, 0xcf, 0x49, 0x4f, 0xbf,
    0x84, 0x44, 0x9f, 0x55, 0xdf, 0x55, 0x5f, 0xbf, 0x8a, 0x4e, 0x96, 0x6f, 0xca, 0x52, 0x62, 0xbf,
    0xbf, 0x55, 0xbf, 0x57, 0xdd, 0x57, 0x5d, 0xbf, 0x9f, 0x51, 0x9f, 0x5b, 0xdf, 0x51, 0x5f, 0xbf,
    0x82, 0x1c, 0x90, 0x1f, 0xd0, 0x6f, 0x49, 0xbf, 0x84, 0x5f, 0x8a, 0x5b, 0xdb, 0x4a, 0x52, 0xbf,
    0x9f, 0x4a, 0x9f, 0x5b, 0xdb, 0x51, 0x5f, 0xbf, 0x85, 0x5f, 0x84, 0x55, 0xce, 0x55, 0x44, 0xbf,
    0xbf, 0x55, 0xaa, 0x55, 0xdf, 0x44, 0x5f, 0xbf, 0x8a, 0x5f, 0x8a, 0x57, 0xda, 0x44, 0x5b, 0xbf,
    0x96, 0x25, 0x9e, 0x12, 0xde, 0x5e, 0x52, 0xbf, 0x8e, 0x4a, 0x8e, 0x5f, 0xce, 0x44, 0x5f, 0xbf,
    0x8a, 0x57, 0xaf, 0x5a, 0xea, 0x4d, 0x55, 0xbf, 0x85, 0x5f, 0x84, 0x5f, 0xd5, 0x5f, 0x55, 0xbf,
    0x8a, 0x51, 0x84, 0x4a, 0xdf, 0x4a, 0x4e, 0xbf, 0x8e, 0x5f, 0x8e, 0x55, 0xdf, 0x4a, 0x55, 0xbf,
    0x84, 0x5f, 0x84, 0x5f, 0xca, 0x57, 0x44, 0xbf, 0x84, 0x4e, 0x9f, 0x4a, 0xdf, 0x4e, 0x44, 0xbf,
    0x91, 0x4a, 0x9f, 0x4a, 0xdf, 0x4a, 0x52, 0xbf, 0x8e, 0x4a, 0x8e, 0x48, 0xdf, 0x49, 0x4d, 0xbf,
    0x9f, 0x55, 0x9f, 0x50, 0xdf, 0x55, 0x5a, 0xbf, 0x84, 0x4e, 0x8a, 0x4e, 0xdf, 0x4e, 0x5f, 0xbf,
    0x8e, 0x51, 0x9f, 0x4a, 0xdf, 0x5b, 0x51, 0xbf, 0x9f, 0x4a, 0x9f, 0x5b, 0xd1, 0x5f, 0x51, 0xbf,
    0x88, 0x4f, 0x9e, 0x52, 0xde, 0x5e, 0x52, 0xbf, 0x84, 0x4a, 0x97, 0x40, 0xdd, 0x5e, 0x55, 0xbf,
    0x84, 0x5f, 0x84, 0x5f, 0xdb, 0x55, 0x5f, 0xbf, 0x8a, 0x5f, 0x8a, 0x5f, 0xde, 0x7f, 0x52, 0xbf,
    0x9f, 0x5f, 0x9a, 0x5f, 0xda, 0x6f, 0x55, 0xbf, 0x92, 0x3b, 0xbd, 0x52, 0xda, 0x6d, 0x55, 0xbf,
    0xbf, 0x6a, 0xbc, 0x6b, 0xfe, 0x6b, 0x4c, 0xbf, 0x84, 0x4e, 0x9f, 0x5b, 0xdf, 0x4a, 0x53, 0xbf,
    0xf4, 0xaf, 0xd4, 0xaf, 0xb5, 0xd7, 0x95, 0xaf, 0x9f, 0x51, 0x9f, 0x57, 0xda, 0x57, 0x62, 0xbf,
    0xbf, 0x6b, 0xbd, 0x5e, 0xef, 0x7a, 0x4a, 0xbf, 0x86, 0x5f, 0x94, 0x5f, 0xd7, 0x5a, 0x65, 0xbf,
    0x8a, 0x5f, 0x8a, 0x4e, 0xdf, 0x57, 0x5d, 0xbf, 0x94, 0x6f, 0xbd, 0x6d, 0xfa, 0x5a, 0x6d, 0xbf,
    0x84, 0x4a, 0x8e, 0x55, 0xdf, 0x4a, 0x54, 0xbf, 0x84, 0x4a, 0x8e, 0x5f, 0xd5, 0x5f, 0x4a, 0xbf,
    0xbf, 0x6d, 0xbf, 0x56, 0xef, 0x5f, 0x7a, 0xbf, 0x2f, 0xf5, 0x26, 0xad, 0xad, 0xfd, 0x26, 0x3c,
    0x57, 0xfd, 0x56, 0x55, 0x75, 0x55, 0x56, 0x74, 0x17, 0x65, 0x46, 0x7d, 0x55, 0x55, 0x7e, 0xc4,
    0xf7, 0x55, 0x56, 0x95, 0x05, 0xf5, 0x96, 0xf4, 0x77, 0x55, 0x76, 0xf5, 0x25, 0x75, 0x26, 0xf4,
    0x57, 0x8d, 0x26, 0x55, 0x8d, 0x75, 0x56, 0x74, 0xff, 0x7f, 0x41, 0x7f, 0x55, 0x5f, 0x50, 0x9f,
    0x17, 0x6d, 0xae, 0xf5, 0x15, 0x25, 0xf6, 0x24, 0xf7, 0xd5, 0xf6, 0xfd, 0x45, 0x75, 0x96, 0x24,
    0x7f, 0xad, 0x6e, 0x15, 0x7d, 0xad, 0x6e, 0x14, 0x7f, 0x4d, 0xfe, 0x25, 0xfd, 0x8d, 0xae, 0xfc,
    0xdf, 0xdd, 0x06, 0xfd, 0xad, 0xfd, 0xfe, 0x24, 0x27, 0xad, 0x76, 0xad, 0x7d, 0xad, 0x5e, 0x8c,
    0xff, 0x62, 0xf2, 0xd2, 0x92, 0xf2, 0x92, 0xf6, 0xf2, 0x6f, 0xfb, 0xd2, 0x96, 0xf6, 0x9a, 0xf3,
    0xfe, 0x6a, 0xfb, 0xd0, 0x9e, 0xfa, 0x94, 0xfb, 0xf5, 0x65, 0xff, 0xd5, 0x95, 0xf7, 0x95, 0xf7,
    0xf1, 0x6e, 0xf2, 0xdf, 0x92, 0xf7, 0x9a, 0xf2, 0xf4, 0x67, 0xfd, 0xd2, 0x94, 0xff, 0x95, 0xf7,
    0xf2, 0x65, 0xf2, 0xdf, 0x97, 0xf5, 0x97, 0xf5, 0xf7, 0x65, 0xf7, 0xd1, 0x96, 0xff, 0x92, 0xff,
    0xf6, 0x6f, 0xf6, 0xdf, 0x95, 0xf7, 0x95, 0xf7, 0xf2, 0x6f, 0xf5, 0xda, 0x92, 0xff, 0x92, 0xf2,
    0xea, 0x4a, 0xff, 0xea, 0xbf, 0xfe, 0xaa, 0xea, 0xe8, 0x5f, 0xea, 0xee, 0xa0, 0xef, 0xad, 0xff,
    0xfe, 0xdb, 0xff, 0x14, 0xff, 0x5a, 0x7e, 0x42, 0xe4, 0x5f, 0xea, 0xfd, 0xaa, 0xef, 0xad, 0xff,
    0xfb, 0x5b, 0xe4, 0xea, 0xb5, 0xe8, 0xa2, 0xec, 0xe6, 0x5f, 0xf4, 0xff, 0xb6, 0xfb, 0xb6, 0xeb,
    0xf6, 0x6f, 0xff, 0xdf, 0x99, 0xff, 0x96, 0xff, 0xff, 0x6b, 0xfd, 0xdf, 0x96, 0xff, 0x9f, 0xf5,
    0xe4, 0x5f, 0xf5, 0xff, 0xae, 0xff, 0xba, 0xed, 0x7e, 0x5a, 0xff, 0xff, 0x66, 0x7e, 0x56, 0xb5,
    0x14, 0xe4, 0xbf, 0x2d, 0xff, 0x2d, 0x7d, 0xaf, 0x1f, 0xf5, 0xbf, 0x24, 0xff, 0x2a, 0x7f, 0xa4,
    0x24, 0x7f, 0xf2, 0x7f, 0x5e, 0x5e, 0x44, 0xbf, 0x4f, 0xa5, 0xe5, 0x45, 0xe5, 0x45, 0xe9, 0xd3,
    0x26, 0x52, 0xf2, 0x22, 0xf6, 0xa6, 0x75, 0xe9, 0x24, 0x6a, 0x14, 0x7e, 0xc9, 0x7e, 0x2a, 0xff,
    0x24, 0x54, 0xff, 0x25, 0xf5, 0xa5, 0x75, 0xeb, 0x5e, 0xaa, 0xea, 0x5a, 0xee, 0x4b, 0xea, 0xd6,
    0x5f, 0xa1, 0xf5, 0x52, 0xea, 0x44, 0xea, 0xd1, 0x4a, 0xaa, 0xef, 0x5b, 0xeb, 0x4a, 0xe9, 0xcf,
    0x48, 0xaf, 0xf1, 0x4d, 0xe5, 0x49, 0xe1, 0xc3, 0x42, 0xac, 0xe8, 0x4f, 0xea, 0x4a, 0xea, 0xd2,
    0x44, 0xa4, 0xee, 0x4d, 0xf5, 0x46, 0xe4, 0xd8, 0x27, 0x55, 0xf7, 0x24, 0xf6, 0xa5, 0x75, 0xe9,
    0x5e, 0xaa, 0xea, 0x5f, 0xea, 0x4a, 0xea, 0xdf, 0x2f, 0x58, 0xff, 0x29, 0xfd, 0xaa, 0x7a, 0xed,
    0x23, 0x52, 0xff, 0x2a, 0xfb, 0xaa, 0x7b, 0xed, 0x2a, 0x5a, 0xff, 0x2a, 0xfe, 0xaa, 0x7a, 0xee,
    0x2f, 0x58, 0xff, 0x29, 0xf9, 0xaf, 0x78, 0xef, 0x44, 0xbf, 0xe4, 0x48, 0xfa, 0x44, 0xea, 0xdd,
    0x24, 0x57, 0xf9, 0x2f, 0xfb, 0xaf, 0x71, 0xe3, 0x44, 0xbf, 0xf1, 0x48, 0xea, 0x4c, 0xe9, 0xcf,
    0x22, 0x5f, 0xf3, 0x2f, 0xfa, 0xae, 0x77, 0xed, 0x40, 0xbf, 0xf5, 0x55, 0xff, 0x55, 0xf5, 0xdf,
    0x48, 0xaf, 0xf1, 0x4f, 0xeb, 0x4e, 0xe9, 0xcf, 0x2f, 0x54, 0xf4, 0x27, 0xfd, 0xa5, 0x75, 0xe7,
    0x4b, 0x94, 0x7f, 0xc9, 0x7d, 0x69, 0x5d, 0x7b, 0x4c, 0xae, 0xf4, 0x5f, 0xe4, 0x4e, 0xf5, 0xc4,
    0x44, 0xaa, 0xf1, 0x4e, 0xe4, 0x4e, 0xe4, 0xdf, 0x21, 0x5e, 0xf2, 0x2f, 0xf2, 0xaf, 0x79, 0xef,
    0x48, 0xb3, 0xfb, 0x5b, 0xfb, 0x5b, 0xea, 0xd2, 0x44, 0xbf, 0xee, 0x4e, 0xf5, 0x44, 0xea, 0xd1,
    0x4e, 0xbf, 0xee, 0x55, 0xee, 0x4b, 0xe9, 0xd2, 0x4b, 0xb2, 0xef, 0x49, 0xef, 0x49, 0xef, 0xc9,
    0x4a, 0xbf, 0xe4, 0x5f, 0xe8, 0x48, 0xe8, 0xcf, 0x5f, 0xaa, 0xfb, 0x51, 0xfb, 0x4a, 0xea, 0xdf,
    0x44, 0xbf, 0xf1, 0x4f, 0xf5, 0x4d, 0xe4, 0xdb, 0x44, 0xbf, 0xee, 0x4a, 0xee, 0x44, 0xf5, 0xc4,
    0x5f, 0xb5, 0xff, 0x55, 0xff, 0x5b, 0xff, 0xdf, 0x55, 0xaa, 0xf5, 0x5f, 0xf5, 0x5f, 0xf5, 0xdf,
    0x45, 0xbf, 0xe2, 0x4d, 0xe4, 0x5f, 0xe2, 0xcd, 0x4e, 0xb5, 0xef, 0x45, 0xff, 0x45, 0xff, 0xcc,
    0x5f, 0xb5, 0xea, 0x55, 0xff, 0x55, 0xea, 0xd5, 0x4a, 0xbf, 0xe4, 0x5f, 0xe4, 0x47, 0xe5, 0xcb,
    0x4a, 0xbf, 0xe6, 0x4a, 0xfb, 0x4a, 0xea, 0xcb, 0x5b, 0xa2, 0xff, 0x4a, 0xee, 0x5a, 0xfd, 0xd1,
    0x5f, 0xb5, 0xff, 0x50, 0xff, 0x55, 0xfa, 0xd5, 0x44, 0xaf, 0xe9, 0x5f, 0xe4, 0x5f, 0xe4, 0xdf,
    0x42, 0xbf, 0xf2, 0x5e, 0xf2, 0x5b, 0xfa, 0xd5, 0x44, 0xaa, 0xf1, 0x5f, 0xfd, 0x56, 0xfd, 0xd5,
    0x4a, 0xbf, 0xea, 0x4e, 0xea, 0x5f, 0xf4, 0xdf, 0x4e, 0xb1, 0xee, 0x4e, 0xf1, 0x4e, 0xea, 0xdf,
    0x44, 0xbf, 0xea, 0x4e, 0xe0, 0x5f, 0xf1, 0xd5, 0x4a, 0xad, 0xef, 0x5a, 0xfe, 0x5f, 0xea, 0xd1,
    0x44, 0xbf, 0xf1, 0x4a, 0xf5, 0x4e, 0xfb, 0xce, 0x52, 0xa5, 0xf7, 0x42, 0xff, 0x4a, 0xed, 0xd7,
    0x08, 0x7f, 0x55, 0x7f, 0x9c, 0xff, 0x2a, 0x7f, 0x5f, 0xb5, 0xf2, 0x5d, 0xe4, 0x5f, 0xe4, 0xdf,
    0x21, 0xfe, 0x77, 0xfa, 0x3e, 0xff, 0x2a, 0xff, 0x44, 0xbf, 0xe1, 0x4f, 0xf2, 0x57, 0xf5, 0xd7,
    0x4b, 0xad, 0xfa, 0x5a, 0xef, 0x5a, 0xfe, 0xca, 0x4a, 0xab, 0xfe, 0x4b, 0xfe, 0x5b, 0xea, 0xcd,
    0x5e, 0xb2, 0xff, 0x55, 0xff, 0x4a, 0xe4, 0xdb, 0x5b, 0xbb, 0xe4, 0x4a, 0xf5, 0x48, 0xe2, 0xcc,
    0x52, 0xa7, 0xe2, 0x5f, 0xef, 0x4f, 0xea, 0xd7, 0x44, 0xbe, 0xf7, 0x5e, 0xe4, 0x5f, 0xea, 0xcf,
    0x5f, 0xaa, 0xfb, 0x4a, 0xff, 0x4a, 0xf9, 0xce, 0x5f, 0xaa, 0xff, 0x5f, 0xea, 0x4e, 0xff, 0xc4,
    0x4a, 0xbe, 0xff, 0x55, 0xfd, 0x5e, 0xea, 0xdd, 0x44, 0xae, 0xff, 0x5b, 0xee, 0x5f, 0xea, 0xd3,
    0x4f, 0xb5, 0xff, 0x4e, 0xf5, 0x4e, 0xee, 0xce, 0x44, 0xbf, 0xea, 0x5f, 0xea, 0x4e, 0xe4, 0xd5,
    0x4f, 0xad, 0xff, 0x4f, 0xe9, 0x4f, 0xfa, 0xcd, 0x4a, 0xaf, 0xff, 0x4a, 0xef, 0x40, 0xfb, 0xd5,
    0x4b, 0xbe, 0xff, 0x56, 0xfe, 0x5f, 0xea, 0xdd, 0x4b, 0xbe, 0xea, 0x5f, 0xf6, 0x5f, 0xea, 0xdd,
    0x4a, 0xbf, 0xf1, 0x4e, 0xea, 0x5f, 0xf5, 0xdf, 0x4a, 0xb3, 0xfb, 0x5f, 0xee, 0x5b, 0xe4, 0xdb,
    0xf4, 0xaf, 0xeb, 0xff, 0x1c, 0xff, 0x2a, 0xff, 0x44, 0xbf, 0xee, 0x5f, 0xe4, 0x5f, 0xf9, 0xc5,
    0x44, 0xbf, 0xf6, 0x5f, 0xf6, 0x56, 0xd6, 0xe9, 0x55, 0xae, 0xfb, 0x4e, 0xf5, 0x5f, 0xee, 0xd5,
    0x46, 0xbf, 0xf5, 0x5f, 0xf5, 0x95, 0xd6, 0xeb, 0x55, 0xaa, 0xff, 0x55, 0xff, 0x55, 0xff, 0x90,
    0x46, 0xbf, 0xf3, 0x56, 0xf6, 0x5f, 0xed, 0xdf, 0x4f, 0xa0, 0xef, 0x49, 0xef, 0x48, 0xe8, 0xd0,
    0x44, 0xaa, 0xf1, 0x5f, 0xf5, 0x5f, 0xff, 0xd5, 0x4a, 0xbf, 0xf5, 0x5f, 0xea, 0x4f, 0xfa, 0xcf,
    0x4f, 0xa6, 0xee, 0x42, 0xff, 0x5b, 0xff, 0xc9, 0x4a, 0xbf, 0xea, 0x55, 0xef, 0x49, 0xef, 0xd9,
    0x4a, 0xbf, 0xea, 0x55, 0xee, 0x4a, 0xee, 0xd9, 0x5f, 0xbf, 0xe0, 0x55, 0xef, 0x55, 0xff, 0xd7,
    0x5a, 0xbd, 0x5a, 0xe7, 0x5a, 0xff, 0x2a, 0xff, 0x5b, 0xbb, 0xff, 0x4a, 0xef, 0x4a, 0xe4, 0xdb,
    0xa6, 0x7b, 0xf7, 0x52, 0x1d, 0xff, 0x2a, 0xff, 0xe7, 0xa5, 0xe7, 0x81, 0x81, 0xbd, 0x81, 0x81,
    0xe7, 0xa5, 0xe7, 0x81, 0xbd, 0x99, 0x95, 0x91, 0xe7, 0xa5, 0xe7, 0x89, 0xab, 0xab, 0xbf, 0x81,
    0xe7, 0xa5, 0xe7, 0x89, 0xbf, 0x95, 0x89, 0xb7, 0xe7, 0xa5, 0xe7, 0x81, 0x8b, 0xbd, 0x9d, 0xab,
    0xe7, 0xa5, 0xe7, 0x81, 0xbd, 0xad, 0xbd, 0x89, 0xe7, 0xa5, 0xe7, 0x89, 0xff, 0xbf, 0xab, 0xab,
    0xe7, 0xa5, 0xe7, 0xbf, 0x89, 0x9d, 0x8b, 0xbf, 0xe7, 0xa5, 0xe7, 0x89, 0x9d, 0xbf, 0x9d, 0xbf,
    0xe7, 0xa5, 0xe7, 0x95, 0xbf, 0x95, 0xbf, 0xa3, 0xe7, 0xe7, 0x9d, 0x95, 0x9d, 0xbd, 0xa5, 0xbd,
    0xe7, 0xe7, 0xa5, 0xfb, 0xa5, 0xbb, 0xad, 0xd3, 0xe7, 0xa5, 0xe7, 0x99, 0xa9, 0xbd, 0xa5, 0xbd,
    0xe7, 0xe7, 0x89, 0xff, 0xbd, 0xdb, 0x99, 0x8d, 0xe7, 0xe7, 0x85, 0xff, 0xd5, 0xf7, 0x95, 0xeb,
    0xe7, 0xe7, 0x85, 0xd9, 0xbf, 0xdd, 0x95, 0xdd, 0xf7, 0x77, 0xc5, 0x59, 0x7f, 0x5d, 0xd5, 0xdd,
    0xe7, 0xe7, 0x9d, 0x95, 0x9d, 0xbf, 0x89, 0xb7, 0xe7, 0xe7, 0x91, 0xbd, 0x99, 0xfd, 0xb5, 0xdd,
    0xe7, 0xe7, 0x89, 0xbf, 0x9d, 0x9d, 0x9d, 0xab, 0xe7, 0xe7, 0xd5, 0xff, 0xdb, 0xfd, 0x95, 0xab,
    0xe7, 0xe7, 0x9d, 0xbf, 0x95, 0xbf, 0x9d, 0xbf, 0xe7, 0xa5, 0xff, 0xa9, 0xbd, 0xa9, 0xbd, 0xd5,
    0xe7, 0xa5, 0xe7, 0x99, 0xe7, 0xff, 0x95, 0xa5, 0xe7, 0xe7, 0xbf, 0xab, 0xbf, 0x9d, 0xbf, 0x89,
    0xe7, 0xe7, 0x85, 0xdf, 0x8b, 0xff, 0xa5, 0xdf, 0xe7, 0xe7, 0xe5, 0xbf, 0xeb, 0xbf, 0xff, 0x85,
    0xe3, 0xae, 0xc2, 0xbf, 0xa2, 0xc2, 0x82, 0x82, 0xef, 0xa8, 0xcf, 0xad, 0xaf, 0xcc, 0x8d, 0x97,
    0xee, 0xa0, 0xdf, 0xaa, 0xaa, 0xca, 0x8a, 0x93, 0xe2, 0xa2, 0xca, 0xab, 0xaa, 0xca, 0x8a, 0x9f,
    0xe4, 0xbf, 0xd5, 0xb4, 0xbe, 0xda, 0x94, 0xab, 0xef, 0xa4, 0xcf, 0xa9, 0xaf, 0xc9, 0x89, 0x8f,
    0xe8, 0xbf, 0xc8, 0xaf, 0xb9, 0xcf, 0x89, 0x89, 0xef, 0xa2, 0xdf, 0xbb, 0xbd, 0xd9, 0x90, 0x9f,
    0xe7, 0xa9, 0xc2, 0xbb, 0xb1, 0xdb, 0x91, 0x9f, 0xe4, 0xbf, 0xd5, 0xae, 0xb5, 0xc4, 0x8a, 0x91,
    0xe6, 0xaa, 0xdf, 0xaa, 0xb6, 0xce, 0x84, 0x9f, 0xe4, 0xbf, 0xce, 0xb5, 0xae, 0xc4, 0x8a, 0x91,
    0xe4, 0xb7, 0xd4, 0xbf, 0xa6, 0xd5, 0x82, 0x9c, 0xe4, 0xbf, 0xc4, 0xbf, 0xaa, 0xdf, 0x92, 0xaa,
    0xee, 0xa4, 0xdf, 0xae, 0xae, 0xdf, 0x84, 0x9f, 0xff, 0xb4, 0xdf, 0xb5, 0xbd, 0xd6, 0x9d, 0x85,
    0xe4, 0xaf, 0xc9, 0xbf, 0xa4, 0xcf, 0x84, 0x9f, 0xee, 0xb1, 0xce, 0xae, 0xb1, 0xce, 0x8a, 0x9f,
    0xee, 0xaa, 0xdf, 0xb1, 0xbf, 0xd1, 0x9f, 0xb1, 0xe8, 0xbf, 0xdf, 0xb5, 0xbf, 0xcd, 0x8e, 0x97,
    0xe4, 0xaa, 0xd1, 0xbf, 0xb5, 0xdf, 0x8a, 0x95, 0xe5, 0xaf, 0xd6, 0xab, 0xb6, 0xdb, 0x94, 0xaf,
    0xe6, 0xaa, 0xd8, 0xae, 0xa2, 0xdf, 0x94, 0x97, 0xed, 0xa6, 0xcf, 0xaa, 0xaf, 0xcf, 0x9f, 0x97,
    0xee, 0xae, 0xce, 0xa5, 0xbf, 0xca, 0x95, 0xab, 0xea, 0xbf, 0xda, 0xbf, 0xb6, 0xdf, 0x9e, 0xa7,
    0x08, 0x3e, 0xff, 0x0a, 0x3e, 0x4a, 0x3c, 0xcb, 0x24, 0xfe, 0x77, 0xae, 0x74, 0xf5, 0x2e, 0xb5,
    0x24, 0x3f, 0x64, 0xbf, 0x24, 0x3f, 0x24, 0x3f, 0x7a, 0x5f, 0x7a, 0x5f, 0x7a, 0x5f, 0x7a, 0xcf,
    0x24, 0x3f, 0x64, 0xbe, 0x3f, 0x77, 0x5d, 0x43, 0x4a, 0x7f, 0xaa, 0x2f, 0xfa, 0x2f, 0x5a, 0x8f,
    0x08, 0xff, 0x4a, 0x8f, 0x5a, 0x8f, 0x4a, 0x8f, 0x4a, 0xef, 0x3a, 0x4f, 0xe4, 0x7f, 0x4e, 0x55,
    0x2a, 0xff, 0x5a, 0xaf, 0x2a, 0xff, 0x7a, 0xaf, 0x7e, 0x08, 0xff, 0xab, 0x24, 0x7f, 0xa4, 0x3f,
    0xf5, 0xb7, 0xfe, 0xb7, 0xf6, 0xd7, 0xf6, 0x97, 0x3e, 0x08, 0xff, 0xab, 0x3e, 0xc2, 0x39, 0x3f,
    0x3e, 0x08, 0xff, 0xab, 0x7e, 0xa5, 0x3c, 0x24, 0x3e, 0xff, 0xab, 0xc2, 0x4c, 0x9f, 0x44, 0xbf,
    0x3e, 0x08, 0xff, 0xab, 0x84, 0xbf, 0x5f, 0x95, 0x3e, 0x08, 0xff, 0xab, 0x41, 0x7f, 0x14, 0xe7,
    0x3e, 0xff, 0xab, 0x7e, 0x22, 0xff, 0x14, 0x3f, 0x3e, 0x08, 0xff, 0xab, 0x86, 0x9f, 0x51, 0x9f,
    0x3e, 0x08, 0xff, 0xab, 0x14, 0xf7, 0xf7, 0x24, 0x3e, 0x08, 0xff, 0xab, 0x22, 0xff, 0x77, 0xaa,
    0x3e, 0x08, 0xff, 0xab, 0xbe, 0x7f, 0x14, 0xe3, 0x3e, 0xff, 0xab, 0x4f, 0x55, 0xeb, 0x3e, 0x3e,
    0x3e, 0x08, 0xff, 0xab, 0x9e, 0xbf, 0x44, 0x9e, 0x3e, 0xff, 0xab, 0x74, 0xf7, 0x5a, 0x72, 0x55,
    0x3e, 0xff, 0xab, 0x72, 0x5f, 0x75, 0xdf, 0x72, 0x7e, 0x08, 0xff, 0xab, 0xff, 0x66, 0xbd, 0x44,
    0x3e, 0xff, 0xab, 0xee, 0x6e, 0x6f, 0xa4, 0x7f, 0x3e, 0xff, 0xab, 0x6e, 0xfa, 0x6f, 0xf9, 0xf2,
    0xf2, 0x27, 0xf3, 0xb7, 0xeb, 0x5e, 0xab, 0xd7, 0x3e, 0xff, 0xab, 0xff, 0x55, 0xff, 0x4a, 0xff,
    0x7e, 0x08, 0xff, 0xab, 0x7f, 0x46, 0x54, 0xbf, 0xff, 0x4a, 0xff, 0xb5, 0xeb, 0x46, 0xaa, 0xdd,
    0x22, 0x7d, 0x2f, 0xf3, 0x7f, 0x5f, 0x72, 0x56, 0x48, 0x7f, 0xa2, 0x3e, 0x14, 0xf7, 0xf7, 0x24,
    0xf4, 0x27, 0xf9, 0xaf, 0xbb, 0xae, 0xb9, 0xff, 0xf7, 0x45, 0xf7, 0xd7, 0xd5, 0xd7, 0xd6, 0xfb,
    0x7f, 0x5a, 0x7f, 0xbb, 0xff, 0x7e, 0x7e, 0x42, 0x54, 0xff, 0x75, 0x25, 0x75, 0x75, 0xf5, 0x2b,
    0xbf, 0xe1, 0x55, 0xf2, 0xea, 0x44, 0xea, 0x51, 0xbe, 0xea, 0x4a, 0xfa, 0xee, 0x4b, 0xea, 0x56,
    0xac, 0xe4, 0x5f, 0xf5, 0xf5, 0x5b, 0xf1, 0x53, 0x54, 0xff, 0x75, 0x2f, 0x74, 0x74, 0xfa, 0x21,
    0x57, 0xfd, 0x77, 0x25, 0x75, 0x77, 0xf8, 0x27, 0xa2, 0xef, 0x4b, 0xea, 0xef, 0x4d, 0xea, 0x55,
    0x52, 0xff, 0x72, 0x2f, 0x72, 0x77, 0xfa, 0x22, 0xbf, 0xe4, 0x5f, 0xf5, 0xf5, 0x5b, 0xf1, 0x53,
    0x52, 0xff, 0x72, 0x2f, 0x72, 0x77, 0xf2, 0x2f, 0xee, 0x4a, 0xeb, 0x14, 0xff, 0x1c, 0x7f, 0x08,
    0x52, 0xfb, 0x72, 0x2f, 0x7f, 0x72, 0xfb, 0x22, 0xa4, 0xfd, 0x4e, 0xf5, 0xee, 0x4e, 0xea, 0x4e,
    0xae, 0xea, 0x4e, 0xe8, 0xef, 0x59, 0xed, 0x42, 0xa6, 0xfa, 0x5f, 0xea, 0xfe, 0x5a, 0xea, 0x4d,
    0xae, 0xe4, 0x5f, 0xed, 0xf4, 0x5f, 0xee, 0x55, 0x55, 0xff, 0x72, 0x25, 0x7f, 0x77, 0xfd, 0x27,
    0xa5, 0xef, 0x45, 0xef, 0xe8, 0x4f, 0xef, 0x57, 0xb2, 0xef, 0x55, 0xef, 0xf2, 0x57, 0xf2, 0x4f,
    0xbf, 0xea, 0x5f, 0xff, 0xea, 0x55, 0xf6, 0x4f, 0x56, 0xff, 0x76, 0x2f, 0x7f, 0x7d, 0xfa, 0x2d,
    0x08, 0x7e, 0x12, 0xff, 0x3e, 0x28, 0xff, 0x08, 0x21, 0x7e, 0xfb, 0x50, 0x77, 0x79, 0xfb, 0x2f,
    0x14, 0x77, 0x14, 0x77, 0x14, 0x77, 0x14, 0xff, 0x08, 0xff, 0x4a, 0xff, 0x7e, 0x5a, 0x7e, 0x82,
    0x08, 0xff, 0x6d, 0x95, 0x77, 0x36, 0x36, 0xff, 0x08, 0x7f, 0x14, 0xff, 0x22, 0x3e, 0x14, 0xe7,
    0x2f, 0xf5, 0x55, 0xfb, 0x00, 0x77, 0x55, 0x77, 0x24, 0xf7, 0x59, 0xf7, 0x03, 0x75, 0x51, 0x72,
    0x4f, 0xf4, 0x0f, 0x69, 0x6f, 0x79, 0x6f, 0x99, 0x6f, 0x24, 0x9f, 0x09, 0x4f, 0x99, 0xff, 0x19,
    0xff, 0x54, 0xaf, 0xa9, 0x5f, 0xf9, 0x2f, 0xf9, 0xf7, 0xa2, 0xf7, 0xd5, 0xd7, 0xf5, 0xa7, 0xfd,
    0x27, 0xfa, 0x27, 0x75, 0x07, 0x75, 0x57, 0x7d, 0x27, 0x52, 0xff, 0x15, 0x27, 0x75, 0x57, 0x7d,
    0x77, 0xfa, 0x77, 0xad, 0x77, 0x55, 0x57, 0x9d, 0xf7, 0xb2, 0xf7, 0x25, 0xf7, 0x25, 0x77, 0xad,
    0x27, 0xfa, 0x57, 0xfd, 0x97, 0xe5, 0x97, 0xed, 0xf7, 0xb2, 0xf7, 0xb5, 0xf7, 0x65, 0xd7, 0x6d,
    0x27, 0xfa, 0x8f, 0xad, 0xff, 0x55, 0x77, 0xfd, 0xf7, 0x92, 0xf7, 0x55, 0xa7, 0x75, 0xff, 0xad,
    0xaf, 0xf7, 0x35, 0xa7, 0xdd, 0x1c, 0xff, 0x04, 0x37, 0xfa, 0x9f, 0xb5, 0xb7, 0xfd, 0xef, 0xfd,
    0x57, 0xfa, 0xaf, 0xfd, 0x57, 0x7d, 0xd7, 0x7d, 0x7f, 0x32, 0x77, 0x15, 0xff, 0x6d, 0xff, 0x25,
    0xff, 0x0a, 0x7e, 0x46, 0x7a, 0x5e, 0x5e, 0xbb, 0x5f, 0x53, 0xfd, 0x35, 0xbf, 0x5f, 0xf5, 0x2b,
    0xfa, 0x9c, 0xef, 0xf8, 0xff, 0xad, 0xbf, 0xe7, 0x7b, 0x5b, 0x7b, 0x7b, 0x7b, 0x5f, 0x5d, 0xbd,
    0xff, 0x6b, 0xff, 0xff, 0x6f, 0xfb, 0x7b, 0xad, 0x7f, 0x5a, 0x7f, 0x7f, 0x78, 0x5f, 0x5b, 0xab,
    0x6e, 0xfe, 0x7e, 0x5e, 0x7e, 0xfe, 0x7f, 0xbd, 0x44, 0xa5, 0x1e, 0xe5, 0xb5, 0xff, 0xc4, 0xe7,
    0x43, 0xbc, 0x04, 0xff, 0xa4, 0xe4, 0xca, 0xf1, 0x44, 0xbf, 0x0a, 0xf1, 0xaa, 0xea, 0xc4, 0xfb,
    0x44, 0xaf, 0x09, 0xef, 0xab, 0xef, 0xc9, 0xeb, 0x47, 0xa7, 0x0b, 0xe4, 0xaf, 0xe5, 0xc2, 0xed,
    0x45, 0xbf, 0x04, 0xff, 0xbf, 0xf5, 0xdf, 0xf5, 0x44, 0xaa, 0x1f, 0xe4, 0xbf, 0xe4, 0xd5, 0xf5,
    0x47, 0xa9, 0x02, 0xfb, 0xb1, 0xfb, 0xd1, 0xff, 0x4a, 0xbf, 0x04, 0xef, 0xa4, 0xe7, 0xc5, 0xeb,
    0x45, 0xbf, 0x06, 0xed, 0xa7, 0xef, 0xd6, 0xed, 0x55, 0xae, 0x06, 0xe9, 0xb5, 0xee, 0xc6, 0xe9,
    0x45, 0xaa, 0x1f, 0xea, 0xae, 0xfb, 0xca, 0xf2, 0x57, 0xbd, 0x17, 0xfd, 0xaf, 0xfd, 0xc5, 0xe9,
    0xf2, 0x6d, 0xa6, 0xdc, 0x3e, 0xf7, 0x1c, 0x77, 0x48, 0xbf, 0x1f, 0xf5, 0xbf, 0xed, 0xce, 0xf7,
    0x48, 0xb7, 0x13, 0xfb, 0xb5, 0xef, 0xcd, 0xef, 0x5e, 0xb6, 0x1a, 0xfe, 0xa0, 0xff, 0xd5, 0xff,
    0x4a, 0xbf, 0x0a, 0xff, 0xb5, 0xff, 0xce, 0xff, 0x5e, 0xb2, 0x1f, 0xf5, 0xbf, 0xea, 0xc4, 0xfb,
    0x4f, 0xa6, 0x0f, 0xef, 0xaf, 0xe7, 0xc6, 0xef, 0x42, 0xa7, 0x0f, 0xe5, 0xa7, 0xe7, 0xc7, 0xed,
    0x49, 0xb2, 0x09, 0xf2, 0xbf, 0xeb, 0xd2, 0xe5, 0x44, 0xae, 0x1f, 0xfb, 0xae, 0xff, 0xca, 0xf3,
    0x4f, 0xaf, 0x0a, 0xe7, 0xa6, 0xef, 0xdf, 0xed, 0x66, 0xff, 0x7e, 0xab, 0x7c, 0xff, 0x3e, 0x77,
    0x4a, 0x5f, 0xe4, 0x6e, 0x6a, 0x6e, 0x6a, 0xbf, 0x65, 0xff, 0x44, 0x7d, 0x7d, 0x6e, 0x75, 0x6b,
    0x78, 0x2f, 0xfe, 0x7a, 0xae, 0x7a, 0x54, 0x7b, 0xf7, 0xa1, 0xf5, 0xa5, 0xf2, 0x12, 0xd5, 0x29,
    0x9f, 0x54, 0x1e, 0x14, 0x1f, 0x41, 0x55, 0x82, 0xf4, 0xa4, 0xff, 0xaa, 0xfa, 0x14, 0xd4, 0x2b,
    0xff, 0xd5, 0xf5, 0xd7, 0xfb, 0x31, 0xb1, 0x5f, 0xf4, 0xaf, 0xfd, 0xaf, 0xf4, 0x1c, 0xd6, 0x29,
    0xf2, 0xaf, 0xf9, 0xa4, 0xf5, 0x16, 0xd4, 0x27, 0xf4, 0xa4, 0xf9, 0xaf, 0xf0, 0x1f, 0xd9, 0x2f,
    0x20, 0xff, 0x55, 0x22, 0xfd, 0x28, 0x3f, 0x95, 0xe4, 0xdf, 0xe4, 0xca, 0xe5, 0x2a, 0xa6, 0x59,
    0xe4, 0xdf, 0xea, 0xd1, 0xea, 0x2a, 0xa4, 0x5b, 0xf4, 0xa7, 0xfd, 0xa2, 0xf5, 0x1f, 0xd5, 0x27,
    0xe9, 0xcd, 0xed, 0xdf, 0xed, 0x2d, 0xa9, 0x51, 0xf7, 0xa5, 0xf7, 0xa0, 0xf7, 0x12, 0xdf, 0x22,
    0xee, 0xc2, 0xee, 0xdf, 0xff, 0x2a, 0xa4, 0x5b, 0xf2, 0xaf, 0xfb, 0xaf, 0xff, 0x17, 0xd9, 0x23,
    0xea, 0xdf, 0xea, 0xce, 0xea, 0x3f, 0xaa, 0x51, 0xea, 0xcf, 0xea, 0xdf, 0xea, 0x2f, 0xaa, 0x4f,
    0xf1, 0xca, 0xff, 0xca, 0xff, 0x2a, 0xaa, 0x52, 0xff, 0xd0, 0xff, 0xd0, 0xff, 0x35, 0xbf, 0x55,
    0x7f, 0xff, 0x1c, 0x7f, 0x3e, 0xdd, 0x3f, 0x55, 0xff, 0xae, 0xfe, 0xad, 0xfe, 0x1e, 0xd5, 0x2f,
    0xff, 0xda, 0xfe, 0xd0, 0xff, 0x35, 0xbf, 0x5f, 0xea, 0xdd, 0xea, 0xdf, 0xea, 0x35, 0xaa, 0x4c,
    0x14, 0xff, 0x22, 0xff, 0x3c, 0x6a, 0xbf, 0x55, 0xff, 0xca, 0xff, 0xdf, 0xee, 0x3f, 0xa4, 0x55,
    0xff, 0xd5, 0xff, 0xca, 0xf4, 0x3f, 0xa4, 0x55, 0xee, 0xdf, 0xea, 0xd5, 0xe4, 0x3f, 0xb1, 0x55,
    0xe4, 0xce, 0xff, 0xdb, 0xee, 0x3f, 0xaa, 0x53, 0xff, 0xd5, 0xff, 0xc4, 0xff, 0x2a, 0xbf, 0x44,
    0xe4, 0xca, 0xf1, 0xdf, 0xf5, 0x3f, 0xaa, 0x55, 0xff, 0xcd, 0xee, 0xcd, 0xe6, 0x2d, 0xae, 0x55,
    0xe6, 0xdf, 0xf3, 0xd6, 0xf6, 0x3f, 0xad, 0x5f, 0xea, 0xdb, 0xea, 0xdb, 0xee, 0x3f, 0xaa, 0x51,
    0xe4, 0xdf, 0xf5, 0xdf, 0xee, 0x3f, 0xba, 0x4d, 0xea, 0xdf, 0xf5, 0xdf, 0xea, 0x2f, 0xba, 0x4f,
    0x3e, 0x3c, 0x3e, 0x02, 0x77, 0x66, 0x77, 0x11, 0xfb, 0xdb, 0xfb, 0xc4, 0xff, 0x36, 0xbe, 0x53,
    0x77, 0x52, 0xff, 0x8a, 0x72, 0x52, 0x72, 0x52, 0x77, 0x55, 0xf5, 0x98, 0x77, 0x55, 0x72, 0x5d,
    0x74, 0x57, 0xfd, 0x92, 0x75, 0x5f, 0x75, 0x57, 0x74, 0x57, 0xfd, 0x97, 0x76, 0x5f, 0x72, 0x52,
    0x74, 0x5e, 0xf7, 0x9e, 0x74, 0x5f, 0x7a, 0x5f, 0x7f, 0x5d, 0xff, 0x95, 0x7f, 0x5f, 0x77, 0x5d,
    0x62, 0x6f, 0xf4, 0x9f, 0x6b, 0x6b, 0x6b, 0x77, 0x66, 0x6f, 0xff, 0x9f, 0x79, 0x6f, 0x66, 0x7f,
    0x4e, 0xfa, 0x7f, 0xf5, 0xbf, 0xe4, 0xee, 0xb5, 0x79, 0x42, 0x70, 0x71, 0x42, 0xf8, 0x51, 0xea,
    0x71, 0x66, 0xf9, 0x56, 0x28, 0xfe, 0x2b, 0x3f, 0x74, 0x6a, 0xf5, 0x5a, 0x08, 0xff, 0x1c, 0x64,
    0x74, 0x6a, 0xf5, 0x4a, 0x1c, 0x3e, 0xf9, 0x0f, 0x74, 0x6a, 0xf5, 0x4a, 0x1c, 0x2a, 0xff, 0x22,
    0x74, 0x6a, 0xf5, 0x4a, 0x7e, 0x12, 0x7c, 0x1c, 0x74, 0x6a, 0xf5, 0x4a, 0xff, 0x18, 0x2c, 0xd3,
    0x74, 0x6a, 0xf5, 0x5a, 0x7e, 0x1a, 0x7f, 0xe9, 0x72, 0x6d, 0xf6, 0x50, 0x3e, 0xc2, 0x39, 0x3f,
    0x74, 0x6a, 0xf5, 0x7e, 0x14, 0x3e, 0x3e, 0x3e, 0x74, 0x6a, 0xf5, 0x4a, 0xff, 0x1c, 0x22, 0x3e,
    0x74, 0x6a, 0xf5, 0x4a, 0x29, 0xfd, 0x76, 0xaf, 0x72, 0x6d, 0xf6, 0x5c, 0x36, 0x3e, 0x1c, 0x63,
    0x72, 0x6d, 0xf6, 0x5f, 0x2e, 0xca, 0x2e, 0xdb, 0x74, 0x6a, 0xf5, 0x5a, 0x1c, 0xff, 0x5c, 0x63,
    0x74, 0x6a, 0xf5, 0x4a, 0xff, 0xbd, 0x7c, 0x24, 0x74, 0x6a, 0xf5, 0x4a, 0x24, 0x7e, 0x5a, 0xeb,
    0xf7, 0xa2, 0xf7, 0x81, 0x81, 0x81, 0x81, 0x83, 0xf7, 0xa2, 0xf7, 0x89, 0xff, 0xbf, 0xab, 0xab,
    0xf7, 0xa2, 0xf7, 0x81, 0x95, 0xbf, 0xff, 0xa5, 0xf7, 0xa2, 0xf7, 0x91, 0xad, 0xa5, 0x99, 0xaf,
    0xf7, 0xa2, 0xf7, 0x8d, 0xff, 0xb5, 0x95, 0xbf, 0xf7, 0xa2, 0xff, 0x99, 0xb5, 0xbd, 0xb1, 0x9d,
    0xa5, 0xdb, 0xbd, 0xc3, 0xff, 0x26, 0x38, 0x3f, 0xff, 0x22, 0x3e, 0x00, 0x7f, 0x55, 0x6f, 0x49,
    0x48, 0xff, 0xbf, 0xf5, 0xbf, 0xad, 0xee, 0x17, 0x45, 0xff, 0xd4, 0xf5, 0xf5, 0x6a, 0x75, 0xbf,
    0x74, 0xff, 0x7d, 0xaf, 0x2f, 0xf6, 0x56, 0x7b, 0x4f, 0xfd, 0xdb, 0xff, 0xfd, 0x6f, 0x69, 0xbf,
    0x4f, 0xf4, 0xdf, 0xfd, 0xff, 0x6d, 0x69, 0xbf, 0x44, 0xff, 0xd6, 0xf6, 0xff, 0x6d, 0x6f, 0xbd,
    0x7f, 0x5a, 0x7f, 0x4f, 0x55, 0x5f, 0x4c, 0xb7, 0x64, 0xaf, 0x74, 0x57, 0x55, 0x75, 0x09, 0xb2,
    0x68, 0xaf, 0x74, 0x57, 0x54, 0x77, 0x04, 0xb4, 0x5f, 0x84, 0xf5, 0xb5, 0xa4, 0xff, 0x04, 0xa4,
    0x48, 0x8f, 0xf1, 0xaf, 0xab, 0xee, 0x09, 0xaf, 0x6f, 0xa4, 0x74, 0x57, 0x5d, 0x75, 0x05, 0xb7,
    0x48, 0x8e, 0xfa, 0xa4, 0xbb, 0xe4, 0x0a, 0xa4, 0x44, 0x9f, 0xf1, 0xa4, 0xbf, 0xea, 0x06, 0xbd,
    0x66, 0xaa, 0x7f, 0x58, 0x5f, 0x7d, 0x0c, 0xb7, 0x49, 0x8e, 0xe8, 0xa7, 0xa9, 0xef, 0x09, 0xaf,
    0x4a, 0x8a, 0xef, 0xba, 0xaf, 0xee, 0x0a, 0xaa, 0x43, 0x8c, 0xe5, 0xaa, 0xa4, 0xff, 0x04, 0xb5,
    0xae, 0x55, 0xbe, 0x64, 0x3c, 0x7e, 0x3e, 0x55, 0x4b, 0x92, 0xef, 0xa9, 0xaf, 0xe9, 0x0f, 0xa9,
    0x45, 0x9f, 0xe4, 0xbf, 0xbf, 0xf5, 0x1f, 0xb5, 0x45, 0x9b, 0xff, 0xab, 0xbf, 0xfb, 0x09, 0xab,
    0x4a, 0x84, 0xfa, 0xbf, 0xb4, 0xff, 0x15, 0xb5, 0x5e, 0x84, 0xff, 0xb5, 0xbf, 0xf5, 0x1f, 0xb5,
    0x4e, 0x8a, 0xee, 0xae, 0xa8, 0xef, 0x15, 0xab, 0x64, 0xab, 0x79, 0x5d, 0x59, 0x7f, 0x06, 0xbb,
    0x4f, 0x8f, 0xe9, 0xaf, 0xaa, 0xeb, 0x0e, 0xbb, 0x45, 0x8a, 0xe5, 0xaf, 0xab, 0xef, 0x0b, 0xaf,
    0x4a, 0x9b, 0xea, 0xbb, 0xaa, 0xfb, 0x0a, 0xb2, 0x4a, 0x9d, 0xea, 0xbf, 0xaa, 0xf5, 0x0a, 0xac,
    0x45, 0x96, 0xfe, 0xb7, 0xb6, 0xf5, 0x1e, 0xbd, 0x43, 0x92, 0xff, 0xbb, 0xbf, 0xfe, 0x16, 0xbb,
    0x44, 0x8a, 0xf5, 0xae, 0xa2, 0xed, 0x0c, 0xb7, 0x5f, 0x95, 0xff, 0xb0, 0xbf, 0xf5, 0x1a, 0xb5,
    0x42, 0x9f, 0xf2, 0xbe, 0xb2, 0xfb, 0x1a, 0xa5, 0x44, 0x8f, 0xe9, 0xaf, 0xa0, 0xef, 0x04, 0xaf,
    0x5f, 0x95, 0xff, 0xb5, 0xbf, 0xea, 0x19, 0xae, 0x47, 0x99, 0xff, 0xb2, 0xb7, 0xf7, 0x17, 0xb7,
    0x42, 0x97, 0xf2, 0xb7, 0xb5, 0xff, 0x17, 0xb5, 0x4a, 0x9f, 0xea, 0xaf, 0xa4, 0xff, 0x0e, 0xb5,
    0x48, 0x9f, 0xee, 0xaa, 0xae, 0xfa, 0x04, 0xbb, 0x44, 0x9f, 0xe4, 0xbf, 0xb7, 0xff, 0x0e, 0xb5,
    0x52, 0x9f, 0xfe, 0xb7, 0xbf, 0xf6, 0x13, 0xbd, 0x5e, 0x96, 0xfa, 0xbe, 0xa0, 0xff, 0x15, 0xbf,
    0x5e, 0x9e, 0xf2, 0xbe, 0xa0, 0xff, 0x15, 0xbf, 0x4f, 0x9f, 0xff, 0xb5, 0xbe, 0xf5, 0x1c, 0xb5,
    0x57, 0x9a, 0xff, 0xbf, 0xb7, 0xff, 0x1f, 0xba, 0x48, 0x97, 0xf3, 0xbb, 0xb5, 0xef, 0x0d, 0xaf,
    0x4a, 0x82, 0xff, 0xab, 0xbf, 0xff, 0x1a, 0xaa, 0x44, 0x9f, 0xf6, 0xbf, 0xbe, 0xf5, 0x2e, 0xb5,
    0x44, 0xf7, 0xfa, 0x75, 0xbd, 0x7e, 0x3e, 0x67, 0x42, 0x97, 0xff, 0xb0, 0xb7, 0xf7, 0x1f, 0xb2,
    0x5f, 0x8a, 0xff, 0xbf, 0xae, 0xff, 0x04, 0xb5, 0x44, 0x9f, 0xee, 0xaa, 0xae, 0xff, 0x0a, 0xae,
    0x42, 0x95, 0xff, 0xba, 0xbf, 0xf6, 0x16, 0xb6, 0x4a, 0x9f, 0xfb, 0xbf, 0xb1, 0xff, 0x0a, 0xbf,
    0x45, 0x9f, 0xee, 0xbf, 0xae, 0xf5, 0x06, 0xbd, 0x46, 0x9f, 0xf3, 0xb6, 0xb6, 0xff, 0x1d, 0xaf,
    0x10, 0x7e, 0x42, 0x7f, 0xa9, 0x3e, 0x25, 0xc7, 0x10, 0x7e, 0x42, 0x7f, 0x01, 0x3e, 0x25, 0xc7,
    0x04, 0xce, 0x4a, 0x4e, 0x48, 0xaf, 0x81, 0x15, 0xf4, 0xae, 0xfa, 0x2e, 0x68, 0xaf, 0x21, 0x6d,
    0x7f, 0x54, 0x5e, 0x7a, 0x5e, 0x5f, 0x51, 0x9d, 0x7f, 0x48, 0x5c, 0x54, 0x5c, 0x5f, 0x41, 0xab,
    0x44, 0xef, 0xa5, 0xe5, 0x9f, 0xe4, 0x2a, 0xb1, 0x24, 0x2e, 0xfa, 0xbe, 0x28, 0x6f, 0x61, 0xb5,
    0x24, 0xfe, 0x9a, 0x6e, 0x28, 0x6f, 0x61, 0x95, 0x08, 0x3c, 0xff, 0x7e, 0xa5, 0x3f, 0x01, 0xab,
    0xab, 0x22, 0xff, 0xbd, 0x24, 0x3f, 0x01, 0xab, 0x44, 0xee, 0x4a, 0x4e, 0xe8, 0xaf, 0xa1, 0xf5,
    0x14, 0xee, 0xaa, 0xfe, 0xa8, 0xaf, 0x91, 0xf5, 0xe4, 0x4e, 0xaa, 0xee, 0x48, 0xef, 0x41, 0xed,
    0x42, 0xef, 0xa9, 0xe0, 0x85, 0xf6, 0x15, 0xd7, 0x44, 0xae, 0xea, 0x0e, 0xe8, 0x6f, 0x41, 0x4d,
    0x24, 0xfe, 0x5a, 0x8e, 0x58, 0x5f, 0x21, 0xd5, 0x44, 0xae, 0xea, 0x0e, 0xe8, 0xaf, 0xe1, 0x15,
    0x24, 0x5e, 0xea, 0x6e, 0x78, 0xaf, 0xf1, 0x2d, 0x4b, 0xbc, 0x57, 0xdd, 0x51, 0x5d, 0x45, 0x55,
    0xf4, 0x5e, 0x7a, 0x5e, 0x78, 0x5f, 0xf1, 0x15, 0x3a, 0xd7, 0xfd, 0x57, 0x74, 0xdf, 0x51, 0x6d,
    0x65, 0xff, 0x22, 0xfd, 0x24, 0x3f, 0x01, 0xab, 0x64, 0xae, 0x7a, 0x5e, 0x58, 0x7f, 0x51, 0x9d,
    0xe4, 0xae, 0xea, 0xee, 0xa8, 0xef, 0xa1, 0xb5, 0x04, 0xfe, 0x2a, 0x6e, 0x78, 0xaf, 0x31, 0xcd,
    0xe4, 0xae, 0xea, 0xee, 0xa8, 0xef, 0x01, 0xad, 0x54, 0xfe, 0x5a, 0xfe, 0x08, 0x7f, 0x51, 0x7d,
    0x24, 0xfe, 0x7a, 0x5e, 0x78, 0xff, 0x21, 0x6d, 0x24, 0xfe, 0xaa, 0xfe, 0xa8, 0xff, 0x71, 0xad,
    0x24, 0xfe, 0x2a, 0xfe, 0xa8, 0xff, 0x71, 0xad, 0x44, 0xfe, 0xda, 0xde, 0xf8, 0x6f, 0xf1, 0x2d,
    0x22, 0xff, 0x05, 0x5f, 0x6c, 0xd7, 0x51, 0x6d, 0xf2, 0xd7, 0xf5, 0xff, 0x44, 0x77, 0x91, 0x2d,
    0xe4, 0xae, 0x4a, 0xee, 0xe8, 0x4f, 0xe1, 0x55, 0xf4, 0x27, 0xfa, 0x7d, 0xa4, 0x3f, 0x01, 0xab,
    0x52, 0x8f, 0x25, 0x57, 0xfc, 0x4f, 0xd9, 0x4d, 0x34, 0xce, 0x2a, 0x5e, 0x28, 0xff, 0x21, 0xd5,
    0x64, 0x9e, 0x6a, 0x6e, 0x98, 0x6f, 0x61, 0xf5, 0x72, 0x57, 0xfd, 0x8f, 0x74, 0x57, 0x71, 0x5d,
    0xf2, 0x57, 0xa5, 0xf7, 0x54, 0xf7, 0x51, 0xad, 0xb4, 0xb7, 0x25, 0xdf, 0x74, 0x57, 0x71, 0x5d,
    0x52, 0x6f, 0x7d, 0xd7, 0xf4, 0xff, 0x51, 0x8d, 0x22, 0xff, 0x75, 0x57, 0x74, 0xff, 0x51, 0x8d,
    0x74, 0xae, 0x4a, 0x7e, 0xa8, 0x7f, 0xb1, 0xfd, 0x24, 0xfe, 0x56, 0xfb, 0x3c, 0x3f, 0x01, 0xab,
    0x22, 0xff, 0xb5, 0xff, 0xb4, 0xf7, 0x81, 0x55, 0xf2, 0x27, 0xf5, 0x67, 0xa4, 0xf7, 0xd1, 0xbd,
    0x64, 0x7e, 0xea, 0x7e, 0x68, 0x7f, 0x01, 0xad, 0xfa, 0x57, 0xfd, 0x77, 0xac, 0x77, 0x71, 0x75,
    0x22, 0xff, 0x55, 0xff, 0x54, 0x77, 0x21, 0xad, 0x2a, 0x56, 0x6a, 0xff, 0xa5, 0x3e, 0x02, 0x56,
    0xda, 0xdf, 0x55, 0x27, 0xfc, 0x57, 0x31, 0xcd, 0x52, 0xff, 0xad, 0xff, 0x54, 0x7f, 0xd1, 0x7d,
    0x5a, 0xbd, 0x5a, 0xe7, 0x5a, 0x7f, 0x01, 0xab, 0x0c, 0x08, 0x7f, 0x67, 0x5d, 0x6f, 0x55, 0x7f,
    0x62, 0x4f, 0xfa, 0xbe, 0xfa, 0xdf, 0xba, 0xf5, 0xf4, 0xaf, 0xfb, 0xad, 0xff, 0x7e, 0x5a, 0xff,
    0x1c, 0x28, 0xff, 0x55, 0x7f, 0x54, 0x5d, 0xb7, 0x08, 0x7f, 0x54, 0x7e, 0x7f, 0x5c, 0x88, 0x7f,
    0x08, 0x7f, 0x54, 0x7e, 0xbd, 0x6a, 0x7e, 0xa9, 0x08, 0x7f, 0x55, 0xbf, 0x52, 0x7e, 0xff, 0xe3,
    0x4a, 0xff, 0xaa, 0xfe, 0xea, 0xff, 0xaa, 0xd1, 0x08, 0x7f, 0x55, 0xbf, 0x3d, 0x7e, 0x6a, 0x7e,
    0x08, 0x7f, 0x55, 0x9f, 0x22, 0x3e, 0x15, 0xe7, 0x08, 0x7f, 0x55, 0xbf, 0x72, 0x5f, 0x76, 0x92,
    0x08, 0xff, 0x2a, 0xdd, 0x3e, 0xd5, 0x08, 0x77, 0x22, 0xf7, 0x72, 0xaf, 0x72, 0x55, 0xa0, 0xdf,
    0x22, 0xf7, 0x22, 0xff, 0x72, 0x55, 0xa0, 0xdf, 0x2f, 0xf2, 0x7b, 0xab, 0x7b, 0x5f, 0xa1, 0xd3,
    0x24, 0xf7, 0x79, 0xaf, 0x7b, 0x5e, 0xa9, 0xdf, 0x08, 0x7f, 0x52, 0x7f, 0x54, 0x77, 0x77, 0xa4,
    0x2a, 0x56, 0x6a, 0xff, 0x95, 0xff, 0x3e, 0xe3, 0x74, 0xff, 0x75, 0xaa, 0x34, 0xef, 0x3c, 0x6a,
    0x72, 0xfa, 0x73, 0xaa, 0x67, 0xfd, 0x75, 0xaf, 0x74, 0xff, 0x76, 0xae, 0x7f, 0xfd, 0x7f, 0xad,
    0xf2, 0xb5, 0xf8, 0x27, 0x70, 0xf7, 0x01, 0xa9, 0x7a, 0x5f, 0x7f, 0x27, 0x7a, 0xf7, 0x57, 0xaf,
    0x7a, 0x5b, 0x7a, 0x22, 0x7f, 0xf5, 0x55, 0xaf, 0xea, 0xea, 0xf7, 0x4b, 0x6b, 0xf7, 0x1b, 0xa5,
    0xf4, 0xbf, 0xf4, 0x2f, 0x70, 0xff, 0x09, 0xaf, 0x7a, 0x5f, 0x7f, 0x25, 0x7f, 0xf2, 0x77, 0xaa,
    0x4a, 0xff, 0xa5, 0x7e, 0x4a, 0x7e, 0xff, 0x95, 0xf2, 0xdf, 0xf5, 0xff, 0x40, 0xf7, 0x05, 0xd7,
    0x54, 0xfe, 0x7f, 0x75, 0xfe, 0x5a, 0x7d, 0x69, 0x7f, 0x57, 0x7e, 0xbd, 0x3f, 0x3e, 0xff, 0x55,
    0x04, 0xff, 0xee, 0xfb, 0x5f, 0xea, 0x0e, 0xbb, 0x5a, 0xff, 0x4a, 0x7f, 0xdb, 0x6e, 0x4e, 0x4a,
    0xaa, 0xfa, 0x2f, 0xfa, 0x73, 0x75, 0x7e, 0x55, 0x65, 0xff, 0x44, 0xff, 0xdf, 0xf5, 0xff, 0xd5,
    0x7f, 0x77, 0x14, 0x77, 0x77, 0x77, 0x10, 0x1f, 0x24, 0x77, 0xfd, 0x22, 0xff, 0x77, 0x75, 0x4f,
    0xa8, 0xff, 0xad, 0x7a, 0x75, 0x57, 0x74, 0x57, 0x22, 0xff, 0x76, 0x07, 0x75, 0x76, 0x2e, 0xfd,
    0x22, 0xff, 0x76, 0x7d, 0xd6, 0x7c, 0xef, 0x18, 0x52, 0x2c, 0x7e, 0x4a, 0x7e, 0x4a, 0x7f, 0xc9,
    0x42, 0x9a, 0xcf, 0xff, 0xaf, 0xff, 0xf8, 0xa7, 0x27, 0x72, 0x52, 0xff, 0xaa, 0xfa, 0x52, 0x92,
    0x08, 0xff, 0x2e, 0x6b, 0xbe, 0x22, 0x3e, 0x42, 0x2e, 0x28, 0xff, 0x55, 0x6b, 0x7f, 0x55, 0x7f,
    0x24, 0xb4, 0xa5, 0xf6, 0xb4, 0xd4, 0xb5, 0xf7, 0x24, 0xb7, 0xa9, 0xff, 0xbb, 0xdf, 0xb1, 0xf3,
    0x27, 0xb5, 0xa7, 0xf5, 0xb7, 0xd5, 0xb5, 0xff, 0x2f, 0xb5, 0xa5, 0xf9, 0xb0, 0xdf, 0xb9, 0xff,
    0x24, 0xba, 0xa7, 0xf0, 0xbf, 0xd5, 0xb6, 0xf4, 0x27, 0xb5, 0xa7, 0xf7, 0xb5, 0xd7, 0xb6, 0xfb,
    0x4f, 0xe5, 0xee, 0xff, 0x55, 0x7f, 0x6b, 0x7f, 0x2f, 0xb4, 0xaf, 0xf5, 0xbf, 0xd7, 0xb5, 0xf7,
    0x27, 0xb5, 0xa7, 0xf2, 0xb6, 0xd7, 0xb6, 0xf9, 0x5f, 0x71, 0xdf, 0xf2, 0xbd, 0xde, 0xb4, 0xff,
    0x23, 0xbc, 0xae, 0xfe, 0xbf, 0xd5, 0xb7, 0xfd, 0x2f, 0xbd, 0xaf, 0xff, 0xb4, 0xd7, 0xb9, 0xf2,
    0x1c, 0xff, 0x22, 0x7f, 0x56, 0xfe, 0x74, 0x57, 0x20, 0x7e, 0x5e, 0x74, 0xd7, 0x75, 0xf7, 0x6f,
    0x1c, 0xe3, 0x7f, 0x55, 0x7f, 0x2a, 0x3e, 0x2a, 0x08, 0x3e, 0xff, 0x22, 0x77, 0xff, 0x14, 0xe7,
    0x4a, 0xed, 0x4f, 0xfa, 0xde, 0x5f, 0x4a, 0x51, 0x8e, 0x12, 0x8c, 0x14, 0xdf, 0x64, 0x55, 0xbf,
    0xee, 0x52, 0x4c, 0xf4, 0x5f, 0x64, 0xd5, 0x1f
};
